
> test:unit
> node --test --test-concurrency=1 tests/engine.test.js tests/rules.test.js tests/offline.test.js tests/mechanics.test.js tests/pvp.test.js tests/features.test.js tests/coach.test.js tests/companion.test.js tests/strategist.test.js tests/intervention.test.js tests/server.test.js tests/opponent.test.js tests/knowledge.test.js tests/evals/agent.test.js tests/evals/regression.test.js tests/evals/slow-model.test.js tests/wiring.test.js tests/copy.test.js tests/evals/player-copy.test.js tests/evals/tool-arguments.test.js tests/evals/roco/data-acceptance.test.js tests/evals/roco/agent-trajectories.test.js tests/evals/roco/browser-position-matrix.test.js tests/evals/local-model.test.js tests/evals/intervention-layer.test.js tests/evals/companion-nonintrusion.test.js tests/evals/shadow-replay.test.js tests/evals/roco/model-error-trajectories.test.js tests/evals/roco/intervention-margin-chain.test.js tests/evals/roco/intervention-agreement.test.js tests/evals/roco/model-arm-identity.test.js tests/evals/roco/cloud-arm-replay.test.js tests/evals/roco/model-trajectories.test.js tests/evals/shadow-tools.test.js tests/evals/claim-honesty.test.js tests/evals/teacher-review.test.js tests/evals/companion-contract.test.js tests/evals/subprocess-env.test.js tests/evals/state-doc.test.js tests/evals/provenance.test.js tests/evals/structure-contract.test.js tests/roco-experience.test.js tests/roco-full-catalog.test.js tests/evals/roco/coach-positions.test.js tests/evals/roco/teacher-match-review.test.js tests/evals/roco/game-adapter.test.js tests/evals/roco/mock-host-integration.test.js tests/evals/coach-advice.test.js tests/evals/guard-selftest.test.js tests/evals/roco/roster-evidence.test.js tests/roco-v3-redirect.test.js tests/roco-evidence-ledger.test.js tests/roco-rule-config.test.js tests/roco-rule-promotion.test.js tests/roco-mana-actions.test.js tests/roco-six-pet-battle.test.js tests/roco-catalog-reconciliation.test.js tests/roco-game-data-pack.test.js tests/roco-owned-pets.test.js tests/roco-rag-eval.test.js tests/roco-box.test.js tests/roco-team-request.test.js tests/roco-team-gaps.test.js tests/roco-team-candidates.test.js tests/roco-meta-prior.test.js tests/roco-team-compare.test.js tests/roco-pet-mechanisms.test.js tests/roco-workshop.test.js tests/roco-page-ux.test.js tests/roco-team-serving.test.js tests/roco-standard-pvp-battle.test.js tests/roco-on-demand-builds.test.js tests/roco-opponent-belief.test.js tests/roco-team-ranker.test.js tests/roco-role-label-consistency.test.js tests/roco-server-side-guard.test.js tests/roco-model-wiring-honesty.test.js tests/roco-model-routing.test.js tests/roco-answer-cache.test.js tests/roco-teacher-shape.test.js tests/roco-type-pair-ask.test.js tests/roco-teaching-loop.test.js tests/roco-strategy-offline.test.js tests/roco-local-model-wiring.test.js tests/roco-plain-speak.test.js tests/roco-talent-nature.test.js tests/roco-individuals.test.js tests/roco-individuals-context.test.js tests/roco-handoff-doc.test.js tests/roco-nature-advice.test.js tests/roco-box-drawer.test.js tests/roco-box-individuals.test.js tests/roco-box-redo.test.js tests/roco-local-output-contract.test.js tests/roco-local-quality-eval.test.js tests/roco-tool-task-coverage.test.js tests/roco-tool-coverage-sft.test.js tests/roco-acceptance-check-arity.test.js tests/roco-judge-shadow.test.js tests/roco-panel-model-env-key.test.js tests/roco-panel-level.test.js tests/roco-panel-ask.test.js tests/evals/roco/agent-loop-correction.test.js reports/roco/local-model/verdict.test.mjs tests/roco-battle-context.test.js tests/roco-catalog-lookup-tasks.test.js tests/roco-coach-context-contract.test.js tests/roco-codex-lookup.test.js tests/roco-codex-local.test.js tests/roco-coverage-force.test.js tests/roco-lineup-context.test.js tests/roco-packet-vs-gold.test.js tests/roco-plan-context.test.js tests/roco-pool-summary.test.js tests/roco-team-advice.test.js tests/roco-loadout-ui.test.js tests/roco-coach-activity.test.js tests/roco-term-lookup.test.js tests/roco-swap-compare.test.js tests/roco-rules-numbers.test.js tests/roco-learnset-lookup.test.js tests/roco-compare-pets.test.js tests/roco-battle-panel-static.test.js tests/roco-planner-prompt.test.js tests/roco-nurture-page.test.js tests/roco-human-todo.test.js tests/roco-hke-reconcile.test.js tests/roco-hke-layer.test.js tests/roco-mechanics-sources.test.js tests/roco-difficulty-holdout.test.js tests/roco-match-review-depth.test.js tests/roco-team-cards-layout.test.js tests/roco-lineup-pick.test.js tests/roco-ask-coverage.test.js tests/roco-missed-calls.test.js tests/roco-gold-review-gate.test.js tests/roco-corpus-verification.test.js tests/roco-rag-libs.test.js tests/roco-rag-wiring.test.js tests/roco-pvp-fairness.test.js tests/roco-agent-metrics.test.js tests/roco-live-eval-artifacts.test.js tests/roco-gold-fixture.test.js tests/roco-answer-quality.test.js tests/roco-dev-drawer.test.js tests/roco-answer-level-correction.test.js tests/roco-prediction-label.test.js tests/roco-rag-typechart.test.js tests/roco-rag-terms.test.js tests/roco-rag-tactic-cards.test.js tests/roco-reward-hacking-invariant.test.js tests/roco-tool-contract-drift.test.js tests/roco-single-agent-invariant.test.js tests/roco-planner-attribution.test.js tests/roco-agent-stops.test.js tests/roco-citation-grounding.test.js tests/roco-memory-three-classes.test.js tests/roco-weather-pvp.test.js tests/roco-guard-wording.test.js tests/roco-box-loadout.test.js

✔ verdict.json 自洽、与结论一致、与 REPORT.md 一致 (0.674791ms)
✔ 反向对照：把 verdict 改坏，检查器每一样都必须抓住 (1.381042ms)
✔ 原始产物在的时候，必须与 verdict.json 逐项对得上 (17.060375ms)
✔ strategist gives a legal action grounded in current state (18.978625ms)
✔ teacher reads selected pet and says there is no stat-point system (2.015583ms)
✔ quiz closes the teaching loop and records success (0.739167ms)
✔ explicit preference persists and preview results are not remembered (0.575958ms)
✔ PVP restriction happens before provider calls (0.280834ms)
✔ context excludes real RNG and invalid provider output is rejected (7.350875ms)
✔ ordinary play closes observation choice feedback and relevant practice (11.493667ms)
✔ round survives camp and serialization without leaking into new match (20.647208ms)
✔ newest rounds first preserves event order; Markdown never executes HTML (0.524583ms)
✔ runaway model output falls back to grounded packet (7.102292ms)
✔ seed explanation and follow-up cannot be rewritten as pet resources (0.35025ms)
✔ quiz waits for an answer, survives reload, handles question mark and cancels (0.496209ms)
✔ provider receives earlier dialogue and topic instead of an isolated follow-up (2.96775ms)
✔ attention is bounded, respects silence and cannot fire in background (0.235542ms)
✔ agent planner can adapt to tool receipts and invalid tools never execute (124.247458ms)
✔ whole-match archive persists all turns, separates matches and preserves previews (52.794375ms)
✔ selected review turn returns its evidence rather than the final hit (39.949167ms)
✔ screenshot endgame flags attack opportunity with guard caveat (0.250542ms)
✔ current-match selection and missing requested turn never substitute another match or turn (18.614708ms)
✔ whole-match UI request can review archived evidence without network or model credentials (18.439958ms)
✔ withdrawal is recorded separately from attacks in match summaries (9.788167ms)
✔ roster advice derives shared weaknesses and coverage from the real type chart (0.268458ms)
✔ goal preference reweights the same enumeration and can flip the recommendation (4194.82ms)
✔ hard-requirement detection is programmatic, not left to the planner (0.172375ms)
✔ tool policy is decided in code, and the model is only consulted when a tool is required (0.303708ms)
✔ low HP with a potion in the bag is surfaced; without one it is not (17.445292ms)
✔ the countered hint states both directions, because the chart is symmetric (11.415333ms)
✔ 整局复盘默认只给一个关键决策：当时的信息、两个候选动作、后果在展开区各一句 (78.736917ms)
✔ 关键决策取的是事前差值最大的那一回合，不是事后结果最惨的那一回合 (105.671166ms)
✔ 相似练习：参数改了、答案由算术算出，而且变式之间不是同一道题 (76.943333ms)
✔ 小测的变式表每一档都不同：第 4 次出题不再与第 1 次一模一样 (0.321083ms)
✔ 独立解出才算一次：有提示的答对不算，一次答对也不是掌握 (0.549042ms)
✔ 记忆查看：每一条都带来源与时间；情绪只写成假设，且不从沉默与连败推出来 (0.489958ms)
✔ 记忆纠正：新的值生效，旧值不再被引用；旧值推出来的假设一起失效 (0.396375ms)
✔ 逐条删除：删掉的记录连同引用它的推断一起消失，摘要里再也读不到 (0.286417ms)
✔ 全部清空与按组清空：清的是记忆，不是游戏成长 (0.167667ms)
✔ 拒绝有时效：删掉拒绝那一条、或者等它过期，复盘就重新允许 (0.136958ms)
✔ the ledger reads real cross-match records: rematch, first-fallen habit, pace, items, stage (115.67625ms)
✔ the ledger keeps cross-match classes that only the companion can see (39.49ms)
✔ every line the companion says carries something the player cannot already see (61.457625ms)
✔ the cross-match classes really show up in play, not only in the ledger (74.126708ms)
✔ one loss never becomes comfort, and silence stays a real output (8.400708ms)
✔ companion facts degrade to null instead of default values (0.5075ms)
✔ the previous wording fails the same self-check (negative verification) (17.805083ms)
✔ the information self-check is not vacuous (0.088959ms)
✔ companion state is derived from real matches, dismissals and dialogue (99.51425ms)
✔ register table: silence stays first and engagement never raises the ceiling (188.887541ms)
✔ the register changes the wording and the length ceiling (99.994708ms)
✔ the passive channel answers with the same cross-match material, not with the live board (102.208625ms)
✔ every number the companion says is backed by its own evidence (106.339541ms)
✔ player preferences survive matches and change the reply (95.725917ms)
✔ each companion event fires once per match, and stops when the facts stop (42.439708ms)
✔ every reading the trigger proposes can actually be said out loud (155.486167ms)
✔ the companion budget is its own: the strategist going quiet never silences it, and the other way round (93.439125ms)
✔ the same fact is never said twice in one match, and the cooldown is real (38.447291ms)
✔ a line is 2–3 sentences and every one of them carries a fact (27.4235ms)
✔ cross-match memory is what it leads with, and the live numbers come from real turns (59.391709ms)
✔ the goal preference changes which observation it leads with, not the facts (15.724333ms)
✔ restraint scan keeps the hard lines and blocks self-reported feelings (97.335875ms)
✔ runCoach routes to the companion and hands the register to the model (104.160666ms)
✔ a model reply that breaks the register falls back to the recorded template (7.6875ms)
✔ the proactive path stays silent when the screen is the only thing to repeat (98.007667ms)
✔ 陪练一次只说一句，但军师条在场并不阻止它——时间互斥已取消 (0.099916ms)
✔ the bubble stays as long as the words need, and wears an existing pet portrait (0.158583ms)
✔ how long since the player last played is spoken from the real timestamp (33.18375ms)
✔ the same fact never comes back wearing different words in one match (60.296292ms)
✔ the five stances are all really spoken, and each one lands on a recorded event (1203.499625ms)
✔ the stance belongs to the event class, and removing it makes the line unsayable (negative verification) (27.89975ms)
✔ scene 1+2: a real win and a real loss/faint, with the words it actually says (363.029042ms)
✔ scene 3: coming back after six days, it remembers where you left off (34.7615ms)
✔ scene 4: the player opens the chat, and the second turn continues the same thread (104.508667ms)
✔ small talk never hijacks a tactical question, and never invents a chat thread (22.013666ms)
✔ fresh memory: the three greetings get three different answers, and the second turn continues that thread (92.457834ms)
✔ negative verification: the old 「一律 R0／一律『我在。』」 chat channel fails this acceptance (0.162333ms)
✔ 路由只认玩家原话：附加的「回答要求」不能把陪练顶成老师 (1.389291ms)
✔ the appended 「回答要求」 never changes how the companion reads the player (0.238ms)
✔ 页面默认的「自动」角色 + 拼接说明：闲聊仍归陪练，真复盘仍归老师 (0.699417ms)
✔ 军师/老师在场时陪练照样能说话——内容边界不等于时间互斥 (0.037ms)
✔ 空账本闲聊：不播报「我这儿是空的」，不推人走，不念全零，不列菜单 (91.742375ms)
✔ negative verification: the old 「记录还是空的／去开一局吧」 copy fails this acceptance (0.201708ms)
✔ moment 1 highlight: a finish off a half-health foe is praised on that exact strike (40.304958ms)
✔ moment 2a blunder: the kill left standing gets comfort on that hand, not a lecture (5.713542ms)
✔ moment 2b blunder: the hit that landed exactly on the last HP gets comfort on that hand (13.129792ms)
✔ moment 3 clutch: surviving on a sliver is reacted to on that turn (5.630084ms)
✔ moment 4 collapse: partners falling one after another is 憋屈 on those two turns (5.195667ms)
✔ moment 5 comeback: a win from behind is marvelled at on the turn it turned (88.255584ms)
✔ moment 6 near-miss: a loss by a sliver is 可惜 and carries no analysis (34.479833ms)
✔ moment 7 milestone: a first clear is celebrated with the ledger, not with a stat sheet (39.907625ms)
✔ moment 8 return: coming back after days still remembers where you left off (29.180833ms)
✔ 久别的天数按**注入的时钟**算：跑测试的时刻不该改变结论（含 22:00 之后） (78.993459ms)
✔ moment 9 stage again: the same stage is noted gently, on the turn it stopped last time (15.548875ms)
✔ moment 10 narrow win: it breathes first, then looks back at the last blow (52.866167ms)
✔ the hard lines hold on every moment line, and a fresh memory never invents a past (60.575917ms)
✔ negative verification: hang the affect back on an aggregate statistic and the scenes go red (52.11975ms)
✔ 人味①接词：玩家自己用过的那个词必须被接回来 (179.314834ms)
✔ 人味②停在心情上：玩家说心情时，回答里不许出现战报 (195.05475ms)
✔ 人味③不当客服：被动通道不出现客服腔与系统状态 (552.129208ms)
✔ R0 被搭话时答得住：安静档与线上竞技下的心事不再掉回「我在。」 (180.058541ms)
✔ R0 仍然不主动开口：门控一条都不动 (182.931417ms)
✔ negative verification: 把 R0 的上限改回 8，上面两条验收必须变红 (179.725958ms)
✔ 四个时段各说各的那一句，边界钉在整点上 (0.339291ms)
✔ 时段问候只在碰面那一轮说，而且是「看见」不是「劝」 (0.168666ms)
✔ 半夜还在打：引用的是记录里的时间戳，不是钟表 (47.793083ms)
✔ 打久了给的是许可，不是命令：句子里带着这一波真实的局数 (69.27575ms)
✔ 凌晨 + 打久了：合并成一句，不重复说时间 (66.927875ms)
✔ 接住状态①：三种说法 × 两种账本，都是两拍（接词 → 落点），第一轮都不提对局 (756.393208ms)
✔ 接住状态②：问候让位——「好早啊，今天没睡好」里那个「好」不许把「没睡好」挤掉 (2134.206917ms)
✔ 接住状态③：状态词族一个都不许漏（漏一个就退回账本或问候） (2666.366916ms)
✔ 接住状态④：「我是小芽」只在真正的第一次见面（记录为空）说一次 (178.091917ms)
✔ 接住状态⑤：模型那一侧的约束同步改口径（不再要战报，也不许提对局） (179.364209ms)
✔ 接住状态⑥：走引擎那条路（runCoach）拿到的是同一段话 (179.089792ms)
✔ 接住状态⑦：两轮下来仍停在他身上（第二轮是「还…」，不是拐回对局） (355.439ms)
✔ negative verification: 把行为改回去（先说问候再拿记录收尾），这一把尺必须变红 (356.1605ms)
✔ 问候轮①：哈喽／你好／在吗的回答里不许出现回合数、胜负、血线、速度比较与任何战术词 (97.91175ms)
✔ 问候轮②：模型那一侧的同一条硬线——实测那句整段过不了扫描 (91.741458ms)
✔ negative verification: 拆掉问候轮的三道约束，上一条验收必须变红 (97.296625ms)
✔ 显式记忆：称呼、本命、聊天风格、输了要不要复盘、里程碑都记下来，而且带来源与时间 (4.670166ms)
✔ 纠正偏好：承认新值，一个字都不提旧值 (15.57575ms)
✔ 拒绝建议与不想说话：只应一声，不劝、不给建议、不推复盘 (15.515333ms)
✔ 拒绝之后不再推复盘：同一份记录，拒绝前会讲、拒绝后不讲，过期后再讲 (16.384709ms)
✔ 分享胜利：恭喜落在真实记录上，不复述屏幕，也不空泛打鸡血 (96.448667ms)
✔ 只聊精灵：他点名哪只就聊哪只，且用他自己说过的本命 (15.293666ms)
✔ 情绪是假设不是标签：低置信、短时、可覆盖，而且不从沉默与连败推出来 (15.269375ms)
✔ 三条验收的判据本身不是空的：同一屏说两遍、复述屏幕、拒绝后推复盘都要能被判出来 (30.722958ms)
✔ 六个场景一张表：每一条都接得住，而且每条都过得了硬线 (177.393209ms)
✔ 问「该带谁」时放开队伍推荐、战斗动作仍禁（默认口径不许被改） (0.13525ms)
✔ 整局回顾里没有 JSON、没有内部 ID、不念为 0 的计数 (547.037209ms)
✔ 整局统计：count=0 的类别整类省略，不在文案里换句式列一遍 (0.149042ms)
✔ 整局统计的负向样本：把所有类别列出来必须被判为违规 (0.07125ms)
✔ 整局回顾：四类全 0 的那一局整类省略（本地这一侧的回归保护） (141.554833ms)
✔ 0 值判据本身不是空的：列一遍为违规，提到一个不算 (0.152625ms)
✔ 整局统计仍然保留真的发生过的事 (0.067083ms)
✔ 整局回顾的折叠句不会在展开区里再说一遍 (520.510834ms)
✔ 这条重复判据不是空洞的：用户截图里那一对必须被判为重复 (0.0985ms)
✔ 分支比较的「怎么读」整条回顾只说一次，且不再用内部评分口吻 (429.960791ms)
✔ 关键回合的文案里不出现回合 ID，比较句也不再复述同一句模板 (9.036375ms)
✔ 老师的技能讲解依据不是 JSON (0.314875ms)
✔ 展开区的首段：本地结论不删，与顶部重复才删 (16.406583ms)
✔ 展开区不复述折叠时那句话 (0.050708ms)
✔ app.js 里那句话只有一个落脚处：折叠条，展开区只留依据 (0.595541ms)
✔ 这套判据不是空洞的：修改前的原句贴进来必须报错 (0.075584ms)
✔ 模型接管顶部条后，展开区不得留下第二套结论（措辞不同也不行） (0.42675ms)
✔ 本地路径（没有模型回答）下展开区的依据不得被删 (0.038291ms)
✔ invalid actions leave original state untouched (1.073292ms)
✔ defense reduces damage, blocks new status and cannot repeat (2.647542ms)
✔ switch sends damage to the new pet and consumes the round (1.457625ms)
✔ healing occurs before attacks and consumes exactly one item (4.195459ms)
✔ fainted actor loses attack, replacement is free (4.227875ms)
✔ status ticks immediately, expires and pauses on bench (4.609375ms)
✔ simultaneous status knockouts produce draw (0.345375ms)
✔ escape terminates without enemy damage (0.14975ms)
✔ seed and actions are reproducible, inputs remain immutable (19.413459ms)
✔ 100 varied complete games preserve invariants and terminate (7644.274542ms)
✔ three independent receipts reduce routine coaching; helped actions do not prove mastery (2.035625ms)
✔ dismissals persist with source and suppress only routine reminders (0.116334ms)
✔ context assembly trims to an explicit budget, preserves current facts and does not mutate the archive (7.491125ms)
✔ RAG citations fail closed on deleted IDs and wrong rules version; applicability is explicit (8.025209ms)
✔ trained policy obeys hard constraints on all state combinations and differs from zero initialization (2.7325ms)
✔ paired simulator does not credit hints for actions already correct without coaching (0.325375ms)
✔ unsupported numeric claims and certainty are rejected while grounded comparisons pass (1.072458ms)
✔ watch registration is bounded, cancelled explicitly, and never crosses matches or PVP (5.283333ms)
✔ reminder validity is answered from the archive (0 model calls), not improvised (0.793625ms)
✔ parametric practice includes faster, slower and ties with engine-aligned answers (0.361791ms)
✔ watch clarification does not inherit previous review topic (0.336583ms)
✔ corrupt archive fails closed and old rules never receive current-rule counterfactuals (7.464042ms)
✔ review alternatives use the decision snapshot and never the actual future enemy action (15.734125ms)
✔ slow results cannot cross an action, match, rules version or expiry boundary (0.111625ms)
✔ invalid model numbers and network errors fall back with the original state token (28.956583ms)
✔ direct skill facts use generated engine knowledge and preserve follow-up evidence (0.661792ms)
✔ colloquial help at replacement sees public state and ranks only living reserves (9.136708ms)
✔ analysis after a match invokes model with whole-match evidence rather than canned companion reply (17.377666ms)
✔ context assembly retains the just-finished turn for colloquial battle questions (9.405333ms)
✔ model length fallback never claims the template was generated by DeepSeek (16.884583ms)
✔ client sends whole-match requests to connected backend instead of intercepting review topic (17.218ms)
✔ automatic and manual requests share a queue rather than forcing a busy fallback (18.360166ms)
✔ five energy must not be described as full energy (0.224833ms)
✔ automatic review prompt stays whole-match even when its instructions mention single-turn scores (15.645666ms)
✔ numeric guard normalizes decimal formatting without dropping sign (0.065708ms)
✔ match grounding rejects damage assigned to an explicitly cancelled turn (0.200791ms)
✔ generation instructions are not saved as the player message (16.46125ms)
✔ state invalidation aborts active work and discards queued old requests (0.19125ms)
✔ same-state requests merge, cache clones, and epoch clears cache (0.099167ms)
✔ tool contracts reject unknown parameters and return bounded evidence pages (15.487792ms)
✔ branch simulation covers both tie orders without mutation or hidden seed dependence (0.655375ms)
✔ teacher no longer gives stat-point advice (that system is gone) but still reads preferences (0.161334ms)
✔ transfer assessment excludes prompted actions and requires different matches and situations (0.955875ms)
✔ guard binds remaining HP to after snapshot and rejects observing simultaneous opponent action first (0.271458ms)
✔ item-name drift is rejected even when every number is grounded (0.059125ms)
✔ evidence trimmed out of the prompt is still retrievable from the archive (18.693792ms)
✔ an action recorded as cancelled cannot be described as having hit (0.099708ms)
✔ guards do not fire on negated certainty or on numbers quoted from a knowledge card (0.062125ms)

[claim-honesty] 扫描 254 个文件（docs markdown + reports markdown + src/client）
  docs/ARCHITECTURE-ONE-PAGER.md  争议=0 放行=0 判红=0
  docs/CHECKLIST.md  争议=0 放行=0 判红=0
  docs/COACH-ACCEPTANCE.md  争议=0 放行=0 判红=0
  docs/COACH-PLAN.md  争议=0 放行=0 判红=0
  docs/COMPANION-DESIGN.md  争议=0 放行=0 判红=0
  docs/COMPANION-IMPLEMENTATION.md  争议=0 放行=0 判红=0
  docs/DEEPSEEK.md  争议=0 放行=0 判红=0
  docs/DEMO-ACCEPTANCE.md  争议=0 放行=0 判红=0
  docs/DEMO-WALKTHROUGH.md  争议=0 放行=0 判红=0
  docs/DIFFICULTY-AND-SOLUTIONS.md  争议=0 放行=0 判红=0
  docs/DOCS-AUDIT-FIXES.md  争议=0 放行=0 判红=0
  docs/DOCS-AUDIT.md  争议=0 放行=0 判红=0
  docs/ENVIRONMENT-NOTES.md  争议=0 放行=0 判红=0
  docs/EVIDENCE-SCHEMA.md  争议=0 放行=0 判红=0
  docs/EXPERIMENTS.md  争议=0 放行=0 判红=0
  docs/G06-LATE-GAME-DESIGN.md  争议=0 放行=0 判红=0
  docs/G08-RULES-IN-PLACE.md  争议=0 放行=0 判红=0
  docs/GAME-EXPANSION-PROPOSAL.md  争议=0 放行=0 判红=0
  docs/IMPLEMENTATION-STATUS.md  争议=0 放行=0 判红=0
  docs/INTERVIEW-DRILL.md  争议=0 放行=0 判红=0
  docs/INTERVIEW-GUIDE.md  争议=0 放行=0 判红=0
  docs/LANGUAGE-REVIEW.md  争议=0 放行=0 判红=0
  docs/LINGBAO-RESEARCH.md  争议=0 放行=0 判红=0
  docs/P05-RULES-SOURCE.md  争议=0 放行=0 判红=0
  docs/PITFALLS-AND-STORIES.md  争议=0 放行=0 判红=0
  docs/RAG-LOCALIZATION.md  争议=0 放行=0 判红=0
  docs/README.md  争议=0 放行=0 判红=0
  docs/RELEASE-v0.1.md  争议=0 放行=0 判红=0
  docs/RESEARCH-NOTES.md  争议=0 放行=0 判红=0
  docs/S05-W09-SLOW-MODEL.md  争议=0 放行=0 判红=0
  docs/STRUCTURE.md  争议=0 放行=0 判红=0
  docs/W10-ACCEPTANCE-MAPPING.md  争议=0 放行=0 判红=0
  docs/XIAOTIAN-RESEARCH.md  争议=0 放行=0 判红=0
  docs/coach-design-notes.md  争议=0 放行=0 判红=0
  docs/reviews/2026-09-17-diagnosis-response.md  争议=0 放行=0 判红=0
  docs/reviews/2026-09-17-live-acceptance.md  争议=0 放行=0 判红=0
  docs/roadmap/AGENT-FIRST-600-PLAN.md  争议=0 放行=0 判红=0
  docs/roadmap/AGENT-FIRST-AT-SCALE.md  争议=2 放行=2 判红=0
  docs/roadmap/AGENT-NEXT.md  争议=0 放行=0 判红=0
  docs/roadmap/AGENT-TECH-INSTALL-TABLE.md  争议=0 放行=0 判红=0
  docs/roadmap/AGENT-TECH-SURVEY.md  争议=0 放行=0 判红=0
  docs/roadmap/AGENTIC-TECH-IDEAS.md  争议=0 放行=0 判红=0
  docs/roadmap/AGENTIC-TERMS-RESEARCH.md  争议=1 放行=1 判红=0
  docs/roadmap/ALL-PETS-PLAYABLE-LAYER-2026-09-28.md  争议=0 放行=0 判红=0
  docs/roadmap/COMMUNITY-SOURCES-AUDIT-2026-09-25.md  争议=0 放行=0 判红=0
  docs/roadmap/CROSS-MACHINE-COORDINATION.md  争议=0 放行=0 判红=0
  docs/roadmap/CULTIVATION-PAGE-PLAN.md  争议=0 放行=0 判红=0
  docs/roadmap/DSH-EXECUTION-STATE.md  争议=10 放行=10 判红=0
  docs/roadmap/FEASIBILITY-547-A-BUILD-CHAIN.md  争议=0 放行=0 判红=0
  docs/roadmap/FEASIBILITY-547-ALL.md  争议=0 放行=0 判红=0
  docs/roadmap/FEASIBILITY-547-B-NUMBER-RECONCILE.md  争议=0 放行=0 判红=0
  docs/roadmap/FEASIBILITY-547-C-EXCEPTIONS.md  争议=0 放行=0 判红=0
  docs/roadmap/FEASIBILITY-547-D-MACHINE-VS-STONES.md  争议=0 放行=0 判红=0
  docs/roadmap/FLAGSHIP-V3-CHECKLIST.md  争议=0 放行=0 判红=0
  docs/roadmap/FLAGSHIP-V3-REDIRECT.md  争议=0 放行=0 判红=0
  docs/roadmap/HANDOFF-2026-09-23.md  争议=0 放行=0 判红=0
  docs/roadmap/HANDOFF-2026-09-27.md  争议=0 放行=0 判红=0
  docs/roadmap/HANDOFF-2026-09-28.md  争议=0 放行=0 判红=0
  docs/roadmap/HANDOFF-COMPLETE.md  争议=0 放行=0 判红=0
  docs/roadmap/HANDOFF-NEXT-SESSION.md  争议=0 放行=0 判红=0
  docs/roadmap/HANDOFF-PROMPT-2026-09-28.md  争议=0 放行=0 判红=0
  docs/roadmap/HANDOFF-PROMPT.md  争议=0 放行=0 判红=0
  docs/roadmap/HUMAN-RULINGS-2026-09-25.md  争议=0 放行=0 判红=0
  docs/roadmap/INTERVIEW-TASK-CONTEXT.md  争议=0 放行=0 判红=0
  docs/roadmap/JEV-AND-SYSTEM1-DECISIONS.md  争议=0 放行=0 判红=0
  docs/roadmap/JEV-DECISION-EVALUATION.md  争议=0 放行=0 判红=0
  docs/roadmap/LONG-TERM-PLAN.md  争议=0 放行=0 判红=0
  docs/roadmap/MODEL-ROUTING-PLAN.md  争议=1 放行=1 判红=0
  docs/roadmap/MORNING-REPORT-2026-09-21-v2.md  争议=0 放行=0 判红=0
  docs/roadmap/MORNING-REPORT-2026-09-21.md  争议=0 放行=0 判红=0
  docs/roadmap/PLAYER-LOOP-CHECKLIST.md  争议=0 放行=0 判红=0
  docs/roadmap/PROJECT-GOAL-CHECK.md  争议=0 放行=0 判红=0
  docs/roadmap/RECON-DIGEST-2026-09-25.md  争议=0 放行=0 判红=0
  docs/roadmap/SELF-REVIEW-2026-09-25.md  争议=0 放行=0 判红=0
  docs/roadmap/SNAPSHOT-2026-09-22.md  争议=0 放行=0 判红=0
  docs/roadmap/TASK-2026-09-28-ALL-547-FEASIBILITY.md  争议=0 放行=0 判红=0
  docs/roadmap/handoff-revised-2026-09-21/00-READ-ME-FIRST.md  争议=0 放行=0 判红=0
  docs/roadmap/handoff-revised-2026-09-21/01-PROJECT-POSITIONING-AND-SCOPE.md  争议=0 放行=0 判红=0
  docs/roadmap/handoff-revised-2026-09-21/02-DATA-SCALE-AND-CULTIVATION.md  争议=0 放行=0 判红=0
  docs/roadmap/handoff-revised-2026-09-21/03-BATTLE-RULES-AND-TURN-RESOLUTION.md  争议=0 放行=0 判红=0
  docs/roadmap/handoff-revised-2026-09-21/04-SIMULATOR-ARCHITECTURE.md  争议=0 放行=0 判红=0
  docs/roadmap/handoff-revised-2026-09-21/05-TEAM-BUILDING-AND-COACH.md  争议=0 放行=0 判红=0
  docs/roadmap/handoff-revised-2026-09-21/06-UI-UX-REDESIGN.md  争议=0 放行=0 判红=0
  docs/roadmap/handoff-revised-2026-09-21/07-AI-TRAINING-AND-EVALUATION.md  争议=0 放行=0 判红=0
  docs/roadmap/handoff-revised-2026-09-21/08-IMPLEMENTATION-ROADMAP.md  争议=0 放行=0 判红=0
  docs/roadmap/handoff-revised-2026-09-21/09-CODING-AGENT-MASTER-PROMPT.md  争议=0 放行=0 判红=0
  docs/roadmap/handoff-revised-2026-09-21/10-SOURCES-AND-CONFIDENCE.md  争议=0 放行=0 判红=0
  docs/roadmap/handoff-revised-2026-09-21/11-CURRENT-REPO-GAP-AUDIT.md  争议=0 放行=0 判红=0
  docs/roadmap/handoff-revised-2026-09-21/12-REVISION-NOTES.md  争议=0 放行=0 判红=0
  docs/roadmap/handoff-revised-2026-09-21/13-PVP-SIX-PET-LOW-LATENCY-DESIGN.md  争议=0 放行=0 判红=0
  docs/roco/AGENT-LOOP-CORRECTION.md  争议=0 放行=0 判红=0
  docs/roco/AGENT-POLICY-FIRST.md  争议=0 放行=0 判红=0
  docs/roco/AGENT-TRAJECTORIES.md  争议=1 放行=1 判红=0
  docs/roco/AGENTIC-RAG-AND-4B-PLAN.md  争议=0 放行=0 判红=0
  docs/roco/BATTLE-FEEDBACK-J9-FREE-ACTION.md  争议=0 放行=0 判红=0
  docs/roco/BENCHMARKS.md  争议=0 放行=0 判红=0
  docs/roco/BROWSER-POSITION-MATRIX.md  争议=0 放行=0 判红=0
  docs/roco/CALIBRATION.md  争议=0 放行=0 判红=0
  docs/roco/CAPTURE-HKE-2026-09-27.md  争议=0 放行=0 判红=0
  docs/roco/CATALOG-RECONCILIATION.md  争议=0 放行=0 判红=0
  docs/roco/CLOUD-ARM-REPLAY.md  争议=0 放行=0 判红=0
  docs/roco/COACH-ADVICE-DESIGN.md  争议=0 放行=0 判红=0
  docs/roco/COACH-INTERVIEW-NARRATIVE.md  争议=0 放行=0 判红=0
  docs/roco/COMMUNITY-SOURCES.md  争议=0 放行=0 判红=0
  docs/roco/COMPANION-GAP-AUDIT.md  争议=0 放行=0 判红=0
  docs/roco/COMPANION-NONINTRUSION.md  争议=0 放行=0 判红=0
  docs/roco/COVERAGE-AXES.md  争议=0 放行=0 判红=0
  docs/roco/COVERAGE-LAYERS.md  争议=0 放行=0 判红=0
  docs/roco/DATA-CONFLICTS.md  争议=0 放行=0 判红=0
  docs/roco/DEMO-PERF.md  争议=0 放行=0 判红=0
  docs/roco/DEMO-PLAN.md  争议=2 放行=2 判红=0
  docs/roco/EFFECT-PRIMITIVES.md  争议=0 放行=0 判红=0
  docs/roco/ELEMENT-EMOJI.md  争议=0 放行=0 判红=0
  docs/roco/FULL-CATALOG.md  争议=0 放行=0 判红=0
  docs/roco/GAME-ADAPTER.md  争议=0 放行=0 判红=0
  docs/roco/GAME-DATA-PACK.md  争议=0 放行=0 判红=0
  docs/roco/GUARD-SELFTEST.md  争议=0 放行=0 判红=0
  docs/roco/HUMAN-REVIEW-CHECKLIST.md  争议=0 放行=0 判红=0
  docs/roco/LICENSE-MATRIX.md  争议=0 放行=0 判红=0
  docs/roco/LINEUP-LEGALITY.md  争议=0 放行=0 判红=0
  docs/roco/LOCAL-4B-TEST.md  争议=0 放行=0 判红=0
  docs/roco/LOCAL-MODEL.md  争议=0 放行=0 判红=0
  docs/roco/M0-M1-ACCEPTANCE.md  争议=0 放行=0 判红=0
  docs/roco/M0-REPO-AUDIT.md  争议=0 放行=0 判红=0
  docs/roco/MECHANICS-VS-POKEMON.md  争议=0 放行=0 判红=0
  docs/roco/META-PRIOR.md  争议=0 放行=0 判红=0
  docs/roco/MICROCASE-HARNESS.md  争议=0 放行=0 判红=0
  docs/roco/MICROCASE-PLAN.md  争议=0 放行=0 判红=0
  docs/roco/OWNED-PETS.md  争议=0 放行=0 判红=0
  docs/roco/PET-BOX.md  争议=0 放行=0 判红=0
  docs/roco/PET-LAYERS.md  争议=0 放行=0 判红=0
  docs/roco/PET-MECHANISMS.md  争议=0 放行=0 判红=0
  docs/roco/PET-SPRITES.md  争议=0 放行=0 判红=0
  docs/roco/PET-SUPPORT-MATRIX.md  争议=0 放行=0 判红=0
  docs/roco/PLAIN-SPEAK.md  争议=0 放行=0 判红=0
  docs/roco/PROGRESS.md  争议=4 放行=4 判红=0
  docs/roco/PVP-FAIRNESS-RULES.md  争议=0 放行=0 判红=0
  docs/roco/QWEN-27B-USER-RUN-GUIDE.md  争议=0 放行=0 判红=0
  docs/roco/RAG-EVAL.md  争议=0 放行=0 判红=0
  docs/roco/RC-105-MANA-AND-ACTIONS.md  争议=0 放行=0 判红=0
  docs/roco/RC-106-SIX-PET-BATTLE.md  争议=0 放行=0 判红=0
  docs/roco/RC-401-EFFECT-COVERAGE.md  争议=0 放行=0 判红=0
  docs/roco/RC-402-ON-DEMAND-BUILDS.md  争议=0 放行=0 判红=0
  docs/roco/RC-403-SUPPORT-CLASSIFIER.md  争议=0 放行=0 判红=0
  docs/roco/RC-404-REGRESSION-SET.md  争议=0 放行=0 判红=0
  docs/roco/RC-501-RETAINED-ASSETS.md  争议=0 放行=0 判红=0
  docs/roco/RC-502-BATTLE-INFO.md  争议=0 放行=0 判红=0
  docs/roco/RC-505-MOBILE.md  争议=0 放行=0 判红=0
  docs/roco/RC-602-TEAM-RANKER.md  争议=0 放行=0 判红=0
  docs/roco/RC-604-OPPONENT-BELIEF.md  争议=0 放行=0 判红=0
  docs/roco/RELEASE-v0.1.md  争议=0 放行=0 判红=0
  docs/roco/REPO-LAYOUT-REVIEW.md  争议=0 放行=0 判红=0
  docs/roco/ROSTER-48.md  争议=0 放行=0 判红=0
  docs/roco/ROSTER-60.md  争议=0 放行=0 判红=0
  docs/roco/RULE-CONFIG.md  争议=0 放行=0 判红=0
  docs/roco/RULE-EVIDENCE-LEDGER.md  争议=0 放行=0 判红=0
  docs/roco/RULE-PROMOTION.md  争议=0 放行=0 判红=0
  docs/roco/SHADOW-REPLAY.md  争议=1 放行=1 判红=0
  docs/roco/STRESS-AND-PLANNING-DESIGN.md  争议=0 放行=0 判红=0
  docs/roco/TALENT-NATURE.md  争议=0 放行=0 判红=0
  docs/roco/TEACHER-REVIEW.md  争议=0 放行=0 判红=0
  docs/roco/TEAM-CANDIDATES.md  争议=0 放行=0 判红=0
  docs/roco/TEAM-COMPARE.md  争议=0 放行=0 判红=0
  docs/roco/TEAM-GAPS.md  争议=0 放行=0 判红=0
  docs/roco/TEAM-REQUEST.md  争议=0 放行=0 判红=0
  docs/roco/TEAM-SERVING.md  争议=0 放行=0 判红=0
  docs/roco/TRAINING-ENV.md  争议=0 放行=0 判红=0
  docs/roco/TRAINING-ROADMAP-4B-27B-VALUE.md  争议=0 放行=0 判红=0
  docs/roco/TURN-ORDER.md  争议=0 放行=0 判红=0
  docs/roco/USER-DIRECTIVES-2026-09-22.md  争议=0 放行=0 判红=0
  docs/roco/W4-02-MODEL-CANDIDATES.md  争议=1 放行=1 判红=0
  docs/roco/W4-04-SFT-PREREGISTRATION.md  争议=2 放行=2 判红=0
  docs/roco/W5-04-ADJUDICATION.md  争议=0 放行=0 判红=0
  docs/roco/W5-04-INTERVENTION-GATE-V2.md  争议=0 放行=0 判红=0
  docs/roco/W5-04-INTERVENTION-GATE.md  争议=0 放行=0 判红=0
  docs/roco/W5-04-SUPPRESSION-VS-RULE.md  争议=0 放行=0 判红=0
  docs/roco/WORKSHOP.md  争议=0 放行=0 判红=0
  docs/roco/mvp/ARCHITECTURE.md  争议=0 放行=0 判红=0
  docs/roco/mvp/DATA-CARD.md  争议=0 放行=0 判红=0
  docs/roco/mvp/DEMO-SCRIPT.md  争议=0 放行=0 判红=0
  docs/roco/mvp/RULE-COVERAGE.md  争议=0 放行=0 判红=0
  docs/roco/mvp/STATUS-LABELS.md  争议=0 放行=0 判红=0
  README.md  争议=0 放行=0 判红=0
  reports/balance-calibration-summary.md  争议=0 放行=0 判红=0
  reports/balance-matrix-notes.md  争议=0 放行=0 判红=0
  reports/balance-matrix.md  争议=0 放行=0 判红=0
  reports/c17-endgame-browser.md  争议=0 放行=0 判红=0
  reports/live-model-eval-before-after.md  争议=0 放行=0 判红=0
  reports/live-model-eval-summary.md  争议=0 放行=0 判红=0
  reports/planner-tuning-log.md  争议=0 放行=0 判红=0
  reports/retrieval-extended-summary.md  争议=0 放行=0 判红=0
  reports/roco/DESKTOP-BRIEF.md  争议=0 放行=0 判红=0
  reports/roco/README.md  争议=0 放行=0 判红=0
  reports/roco/agent-line-2026-09-25/REPORT.md  争议=0 放行=0 判红=0
  reports/roco/agent-scoreboard-2026-09-25.md  争议=0 放行=0 判红=0
  reports/roco/agent-tooluse-2026-09-25/REPORT.md  争议=0 放行=0 判红=0
  reports/roco/catalog-scale-2026-09-25/REPORT.md  争议=0 放行=0 判红=0
  reports/roco/coach-agent/REPORT.md  争议=0 放行=0 判红=0
  reports/roco/codex-lookup-2026-09-25/REPORT.md  争议=0 放行=0 判红=0
  reports/roco/compare-pets-2026-09-25/REPORT.md  争议=0 放行=0 判红=0
  reports/roco/coverage-force-2026-09-25/REPORT.md  争议=0 放行=0 判红=0
  reports/roco/g02-team/G02-MODEL-2026-09-21-v1.md  争议=0 放行=0 判红=0
  reports/roco/g02-team/G02-MODEL-2026-09-21-v2.md  争议=0 放行=0 判红=0
  reports/roco/gate-reds-2026-09-25/REPORT.md  争议=0 放行=0 判红=0
  reports/roco/gold-review-2026-09-25/GOLD-REVIEW.md  争议=0 放行=0 判红=0
  reports/roco/hke-reconcile.md  争议=0 放行=0 判红=0
  reports/roco/intervention/README.md  争议=0 放行=0 判红=0
  reports/roco/invalidated/README.md  争议=1 放行=1 判红=0
  reports/roco/judge-shadow-2026-09-25/REPORT.md  争议=0 放行=0 判红=0
  reports/roco/lineup-context-2026-09-25/REPORT-ENGINE.md  争议=0 放行=0 判红=0
  reports/roco/lineup-context-2026-09-25/REPORT.md  争议=0 放行=0 判红=0
  reports/roco/loadout-ui-2026-09-25/REPORT.md  争议=0 放行=0 判红=0
  reports/roco/local-model/REPORT.md  争议=0 放行=0 判红=0
  reports/roco/packet-vs-gold-2026-09-25/REPORT.md  争议=0 放行=0 判红=0
  reports/roco/pilot-1000/README.md  争议=0 放行=0 判红=0
  reports/roco/plan-context-2026-09-25/REPORT.md  争议=0 放行=0 判红=0
  reports/roco/planner-rules-2026-09-25/REPORT.md  争议=0 放行=0 判红=0
  reports/roco/pool-summary-2026-09-25/REPORT.md  争议=0 放行=0 判红=0
  reports/roco/product-wiring/full-match-wiring.md  争议=0 放行=0 判红=0
  reports/roco/progress-2026-09-25/REPORT.md  争议=0 放行=0 判红=0
  reports/roco/rc-free-action/README.md  争议=0 放行=0 判红=0
  reports/roco/regression/F02-REGRESSION-2026-09-21.md  争议=0 放行=0 判红=0
  reports/roco/roster-agent-2026-09-25/REPORT.md  争议=0 放行=0 判红=0
  reports/roco/rules-numbers-2026-09-25/REPORT.md  争议=0 放行=0 判红=0
  reports/roco/seam-fix/REPORT.md  争议=0 放行=0 判红=0
  reports/roco/selfcheck-red-2026-09-25/REPORT.md  争议=0 放行=0 判红=0
  reports/roco/six-pet-context-2026-09-25/REPORT.md  争议=0 放行=0 判红=0
  reports/roco/six-pet-stats-2026-09-25/REPORT.md  争议=0 放行=0 判红=0
  reports/roco/swap-compare-2026-09-25/REPORT.md  争议=0 放行=0 判红=0
  reports/roco/team-advice-2026-09-25/REPORT.md  争议=0 放行=0 判红=0
  reports/roco/term-lookup-2026-09-25/REPORT.md  争议=0 放行=0 判红=0
  reports/roco/verification/README.md  争议=0 放行=0 判红=0
  reports/roco/verification/hourly-2026-09-21T1019Z.md  争议=0 放行=0 判红=0
  reports/roco/verification/hourly-2026-09-21T1055Z.md  争议=0 放行=0 判红=0
  src/client/app.js  争议=0 放行=0 判红=0
  src/client/box-drawer.js  争议=0 放行=0 判红=0
  src/client/box-individuals.js  争议=0 放行=0 判红=0
  src/client/box-loadout.js  争议=0 放行=0 判红=0
  src/client/box.js  争议=0 放行=0 判红=0
  src/client/connect.js  争议=0 放行=0 判红=0
  src/client/evidence-view.js  争议=0 放行=0 判红=0
  src/client/loadout-store.js  争议=0 放行=0 判红=0
  src/client/plain-text.js  争议=0 放行=0 判红=0
  src/client/roco.js  争议=0 放行=0 判红=0
  src/client/stale-page.js  争议=0 放行=0 判红=0
  src/client/team-workshop.js  争议=0 放行=0 判红=0
  src/client/workshop-fixture.js  争议=0 放行=0 判红=0
  src/client/xiaoya.js  争议=0 放行=0 判红=0
  src/client/box.html  争议=0 放行=0 判红=0
  src/client/connect.html  争议=0 放行=0 判红=0
  src/client/index.html  争议=0 放行=0 判红=0
  src/client/roco.html  争议=0 放行=0 判红=0
  src/client/workshop.html  争议=0 放行=0 判红=0
  src/client/xiaoya.html  争议=0 放行=0 判红=0
[claim-honesty] 争议用法逐条：
  · docs/roadmap/AGENT-FIRST-AT-SCALE.md:130  [275/288, 95.49%] → allowed-ruler-written-per-arm
      | 轨迹臂上的模型能力 | `local_4b` / `sft-v4` | `docs/roadmap/MODEL-ROUTING-PLAN.md:72` | 4B 基座 **225/288**、`local_4b` **268/288 = 93.06%**、`sft-v4` **275/288 = 95.49%** |
  · docs/roadmap/AGENT-FIRST-AT-SCALE.md:494  [95.5%] → allowed-no-ability-claim
      | 4 | **对抗内容可被翻转**：伪造权威型注入在 200 张票里**翻转了 147 张**的判定；而 0.8 闸门能抓住 95.5% 的「缺事实」，却抓住 **0%** 的「通顺胡话」 | 只要 state 里含**任何玩家可控文本**（本仓的 `playerMessage` 就是），门控**可被玩家操纵** ⇒ 与「正式 PVP 权限先于模型」这条纪律叠加后会变成一个真实的安全面 |
  · docs/roadmap/AGENTIC-TERMS-RESEARCH.md:135  [95.5%] → allowed-no-ability-claim
      | **willkelly/jev-evaluation**（预先注册式评测） | 9 个实验、**28 条事先写死的预测**、**123,805 次请求、138 分钟、$12.69**，模型 `jev-1.13.0`，原始日志 1.3 GB 公开 → https://github.com/willkelly/jev-evaluation ・ https://jev-logs.wilk.dev | ①支持工单路由任务 **ECE = 0
  · docs/roadmap/DSH-EXECUTION-STATE.md:754  [275/288] → allowed-window-disclosed
      | **P0 的 7 条问题（都已定位到代码）** | ① `pet_000225` 占位：`_sim_envelope` 把 `public_planner_state`（Agent 最小协议，**刻意不含 name**）同时当浏览器 UI 状态 → 新增并行的 `ui_public_view`，**不动** `coach_planner_state`；② 事件把 `kind`+JSON 搬给玩家（`roco.js:140`）→ 中文
  · docs/roadmap/DSH-EXECUTION-STATE.md:759  [275/288, 0.9549] → allowed-window-disclosed
      | **SFT v4（本机训完、过预注册门槛）** | 数据 1,752 条（train 1,395 / val 306 / test 51，`strict` 机制留出；**逐字节可复现**，由 `verify-sft-split.mjs` 在临时目录重跑比对）。LoRA r=8 / 8 层 / 900 iters / lr 1e-5 / mask-prompt / seed 20260921；train loss **0.001**、
  · docs/roadmap/DSH-EXECUTION-STATE.md:762  [275/288] → allowed-window-disclosed
      | **第 41 轮（W4-02 的第二半用本地模型补齐，不再等 key）** | W4-02 的「模型候选轨迹」一直记成「要 DeepSeek key」。第 39 轮之后这个前提不成立了：本机有真的接进链路的工具选择模型（v4 适配器，288 条门禁 275/288）。本轮把 arm 扩成**模型臂**（`ARMS.local_4b`，`makePlanner` 注入 `ask`，没有注入就**抛**——不许安静退化成一个规则臂），用
  · docs/roadmap/DSH-EXECUTION-STATE.md:769  [275/288, 0.9549] → allowed-window-disclosed
      | **第 38 轮（模型臂成绩存档错位：一处「文档说得通、产物对不上」的事故）** | 给轨迹集补「生产者一致性」检查时顺手查了模型臂的存档，发现 **`-sft-v2.json` 里装的其实是 v1 的成绩、`-sft-v3.json` 里装的是 v2 的、真正的 v3 一个产物都没留下**——而文档与台账一直照着这组对不上号的数字往下走。根因三条：① 报告里**没有模型身份**（只有 arm/gateway/prompt_dige
  · docs/roadmap/DSH-EXECUTION-STATE.md:9324  [275/288, 95.5%] → allowed-window-disclosed
      - 老门禁（**单世界 288 窗口**口径，与 v1–v4 同一把尺子）上 v4 是 **275/288（95.5%）**，在这 20 条上是 **10/20（50%）** —— 因为这些工具**它从没被考过**；
  · docs/roadmap/DSH-EXECUTION-STATE.md:9392  [95.5%] → allowed-window-disclosed
      老门禁 288 条从没考过这 8 个工具，于是"95.5% 通过率"与"这 8 个工具一次都不会用"**可以同时成立**。
  · docs/roadmap/DSH-EXECUTION-STATE.md:9570  [275/288, 95.5%] → allowed-window-disclosed
      | v4（此前最好） | **275/288 · 95.5%**（**单世界 288 窗口**口径，与 v1–v4 同一把尺子） | **70** | 13 | 192 |
  · docs/roadmap/DSH-EXECUTION-STATE.md:9574  [95.5%] → allowed-no-ability-claim
      **结论：v7 在新切片上从 0/10 涨到 6/10，代价是老门禁从 95.5% 掉到 69.8% —— 这不是"净赚"，是"换"。
  · docs/roadmap/DSH-EXECUTION-STATE.md:9625  [275/288, 95.5%] → allowed-window-disclosed
      | v4（此前最好） | 275/288 · 95.5%（**单世界 288 窗口**口径，与 v1–v4 同一把尺子） | 70 | 13 | 10/20（0/10 · 10/10） |
  · docs/roadmap/DSH-EXECUTION-STATE.md:11981  [275/288, 95.5%] → allowed-window-disclosed
      | **影子回放 288 条**（`reports/roco/shadow-replay-sft-*.json`） | —— | 275/288（95.5%） | —— | —— | —— | **282/288（97.9%）** |
  · docs/roadmap/MODEL-ROUTING-PLAN.md:83  [275/288, 95.49%] → allowed-window-disclosed
      | 臂成绩（288 任务，同一把尺子） | 4B 基座（无适配器）**225/288 = 78.13%**；`local_4b` **268/288 = 93.06%**；**`sft-v4` 275/288 = 95.49%** | `[实测]` `reports/roco/shadow-replay-{base,local_4b,sft-v4}.json` |
  · docs/roco/AGENT-TRAJECTORIES.md:217  [275/288] → allowed-window-disclosed
      > 可以引用的能力口径是 **1,752 个窗口 / 92.29%**，不是单世界门禁的 275/288。
  · docs/roco/DEMO-PLAN.md:21  [275/288, 95.49%] → allowed-window-disclosed
      | 6 | 1,752 广泛世界的结果可能被单世界数字掩盖 | `docs/roco/W4-02-MODEL-CANDIDATES.md` §5.2 已写明，但容易被 `275/288=95.49%`（单世界 288 窗口）盖住 | Demo 与文档**只用 1,752 口径**：**1,617/1,752 = 92.29%**，共同 864 窗口**退化 42 / 扳回 0**；`ROCO_LOCAL_MODEL` 保持默认 `off
  · docs/roco/DEMO-PLAN.md:35  [275/288] → allowed-prohibition
      | P0-6 诚实口径 | Demo 页与文档只用 **1,752 口径（92.29%，配对退化 42/扳回 0）**；`off` 保持默认 | 全局搜索不得出现用 `275/288` 描述"整体能力"的句子；设置项里 `on` 不可从 UI 打开 | 0.5 轮 |
  · docs/roco/PROGRESS.md:63  [275/288, 0.9549] → allowed-window-disclosed
      | W4-04 | Qwen3-4B SFT | `PARTIAL` | `scripts/roco/build-agent-sft-data.mjs`、`scripts/roco/verify-sft-split.mjs`、`scripts/roco/build-agent-trajectories.mjs`、`docs/roco/W4-04-SFT-PREREGISTRATION.md`、`reports/roco/sft/data
  · docs/roco/PROGRESS.md:65  [0.9549] → allowed-window-disclosed
      | W4-05 | 同 Agent 回放门禁 | `PARTIAL` | `scripts/roco/shadow-replay.mjs`、`scripts/model/measure-arms.sh`、`docs/roco/SHADOW-REPLAY.md`、`docs/roco/W4-04-SFT-PREREGISTRATION.md`、`reports/roco/shadow-replay.json`、`reports/roco/
  · docs/roco/PROGRESS.md:107  [275/288, 0.9549] → allowed-ruler-written-per-arm
      **预注册判据 P1—P8 全部满足**（判据在跑之前写死在 `docs/roco/W4-04-SFT-PREREGISTRATION.md`）：v4 **275/288（0.9549）**，优于 v2 的 268/288；`roster_constraint` 8→**13/24**，`rules_lookup` 68→**70/72**，`invalid-arguments` 0，p50 435 ms / p95 1054 ms，f
  · docs/roco/PROGRESS.md:109  [0.9549] → allowed-ruler-written-per-arm
      规则臂 288/288；**五个 arm 在一条命令下重测完**（`scripts/model/measure-arms.sh`），每份产物都带适配器 sha256：基座 225/288（0.7813）、v1 229（0.7951）、v2 268（0.9306）、v3 204（0.7083）、**v4 275（0.9549）**。
  · docs/roco/SHADOW-REPLAY.md:324  [275/288, 0.9549] → allowed-shadow-replay-gate-doc
      | **v4** | **275/288** | **0.9549** | 435 ms | 1054 ms | 0 | **0.9271** | **0.9259** |
  · docs/roco/W4-02-MODEL-CANDIDATES.md:10  [275/288] → allowed-window-disclosed
      `docs/roco/W4-04-SFT-PREREGISTRATION.md`，288 条门禁 **275/288**），
  · docs/roco/W4-04-SFT-PREREGISTRATION.md:134  [275/288, 0.9549] → allowed-preregistration
      | **v4** | **275/288** | **0.9549** | 435 ms | 1054 ms | 0 | **0.9271** | **0.9259** | `…-tool-v4` |
  · docs/roco/W4-04-SFT-PREREGISTRATION.md:183  [0.9549] → allowed-window-disclosed
      v4 的 0.9549 是「同一把尺子上的横向比较」，
  · reports/roco/invalidated/README.md:36  [275/288, 0.9549] → allowed-retired-archive
      | v4 | 275/288 | 0.9549 | `362cc0208717` |
[claim-honesty] 放行理由分布： {
  'allowed-ruler-written-per-arm': 3,
  'allowed-no-ability-claim': 3,
  'allowed-window-disclosed': 16,
  'allowed-prohibition': 1,
  'allowed-shadow-replay-gate-doc': 1,
  'allowed-preregistration': 1,
  'allowed-retired-archive': 1
}
✔ 扫描 docs / reports 的 markdown 与玩家端源码：单世界 288 数字不得被当成整体能力 (113.699083ms)
✔ 宽口径诚实注记：模型候选文档与台账都必须有 92.29%（或 1,617/1,752）与配对退化 42 / 扳回 0 (0.3925ms)
✔ 玩家页面不能把本地模型打开：客户端没有写 on 的入口 (2.504875ms)
✔ local-model 的 feature flag 默认 off，未知取值一律退化成 off (0.260333ms)
✔ 反向对照：故意违规的输入必须被判红（检查器不能是「总是 true」） (1.876958ms)
✔ 台账说模型候选那一半已补齐，轨迹文档不得再声称它没做 (0.254333ms)
✔ 计划里的 M1 与 RC-902 必须保持"明确降级"的状态（不许悄悄改回可宣称） (0.275584ms)
✔ C5 第三处宽松必须是"明确降级"（不许对外宣称数字 100% 可追溯） (0.179167ms)
✔ C2 / C3 / Phase E 必须逐条"明确降级"（不许含糊挂着） (0.23175ms)
✔ 每个检测器在自己那份局面上开口，并报出自己的 kind (0.57675ms)
✔ 可达的 kind 至少有 6 个（不同局面结构上不同） (0.06675ms)
✔ 均势局面返回 null（沉默），而不是硬凑一句话 (0.120334ms)
✔ 提示文案里没有任何工程词 (0.077833ms)
✔ 每句话都指向一个具体动作/伙伴/技能或明确立场，且 why 与 risk 都不为空 (0.08875ms)
✔ 句子不说胜率、不说「最优」、不承诺赢 (0.051042ms)
✔ 每个 kind 的句子形状互不相同，且不靠换数字重复 (0.06625ms)
✔ 同一句已经说过就不再重复（重复提示本身就是噪声） (0.088667ms)
✔ 缺少规划回执时，依赖它的检测器不猜（其余照常开口） (0.1105ms)
✔ 直接递原始公开视图（没有经过 rocoGameView 投影）也能读出同一个局面 (0.107333ms)
✔ 对手的 active 是它在自己队伍里的位次，不能拿它索引「场上那只」 (0.080584ms)
✔ 上一手那一招这一轮放不出来时，不猜「换个同系别的招」 (0.067917ms)
✔ 「更狠一点但决定不了这一轮」的贵招放不出来时不开口 (0.096542ms)
✔ 本模块在浏览器模块图里安全：没有 node:* / require / import (0.389166ms)
✔ 情绪意图路由：词表内的情绪词被判成 emotion，并走心情出口而不是观察通道 (3.880375ms)
✔ 玩家只说了一句心情时，回答不许出现任何战绩读数（词表内的情绪词） (1.345917ms)
✔ 空账本与有记录时，同一句心情拿到的是同一句陪伴（不由账本决定） (0.764792ms)
✔ 情绪词一律走心情出口：五个曾经接不住的词，回答里一个战报读数都没有（第 45 轮已修） (1.029583ms)
✔ 长期偏好往返：记住 → 序列化 → 读回，值、来源与旧字段同步 (0.760625ms)
✔ 长期偏好可纠正、可逐条删除，删掉之后决定不再引用旧值 (0.281875ms)
✔ 未知或畸形的偏好值在决定层安全降级：不猜、不默认、不崩 (0.574917ms)
✔ 说话长短：brief 真的更短，而且玩家自己说过的那一份（chatStyle）真的被读到（第 45 轮已修） (0.8835ms)
✔ 不打扰（主动侧）：硬边界、额度、冷却、去重都能在没有浏览器的情况下钉住 (0.5ms)
✔ 每局额度随近 7 天的主动关闭次数收紧（0 / 1 / 3 → 4 / 1 / 0） (0.129333ms)
✔ 气泡时序：先判 hold 再判排队过期，超时优先丢弃 (0.067334ms)
✔ 静默偏好同时管住局内气泡与聊天回话（第 45 轮已修，正向断言） (2.945209ms)
✔ 情绪与拒绝优先于复盘路由：输了 / 别复盘了 归陪练，分析问法仍归老师（第 45 轮已修） (21.175375ms)
✔ 小芽面板：玩家那句要看得见、回复不许被截断、内部诊断串不许露出来（三条一起钉） (1.665459ms)
✔ 反证：把 2026-09-25 之前那三种写法喂给同一条判据，必须报（判据不是空的） (0.076834ms)
✔ 验收脚本跑完必须是 pass，且每条判据都过 (1185.836375ms)
✔ 判据不是恒真：构造「永远不说」与「每回合都说」的陪练，各自会挂 (1140.010958ms)
✔ 硬边界：四类局面下一句话都不许说，且安静偏好的上限真的归零 (0.153666ms)
✔ 气泡时序：hold 的判断先于「有没有新消息排队」 (0.062333ms)
✔ 同一件事一局内不会被说第二遍 (0.084667ms)
✔ 文档里必须写明这不是真人验收 (0.257167ms)
✔ 报告落盘后与现场重跑一致（产物不许过期） (2358.49975ms)
✔ 子进程环境必须清掉测试运行器自己的变量（否则自检永远是假绿） (0.789042ms)
✔ 登记表非空，且每条都写清「抓的是什么」 (0.090708ms)
✔ 每个注入点现在就真的存在：找不到就是登记的守卫已经过时 (2.992167ms)
✔ 注入后文件必须被恢复（否则自检会污染工作区） (1127.19725ms)
✔ 找不到注入点时如实报 skip，而不是假装红 (0.131625ms)
✔ 恢复失败要报错，不能静默留下被改过的文件 (1148.870125ms)
✔ 默认 off：判定层不参与，动作与规则逐位相同 (0.673125ms)
✔ 模型文件里必须留着本次门槛判定，判据名不许写死 (0.145166ms)
✔ 判定层只能抑制：on 下动作只可能是「规则的动作」或 silent (0.2115ms)
✔ 模型不可用（文件缺失）时退回规则结果，而不是变成静默 (0.8425ms)
✔ 特征表对不上时明确拒绝，而不是按错的系数算 (0.093791ms)
✔ shadow 模式：照算但不改变结果 (0.139792ms)
✔ G6 延迟：判定层 P95 远低于 1ms（查表点积，无模型调用） (2.752583ms)
✔ featureVector 与模型声明的特征顺序严格对应 (0.086208ms)
✔ planner_margin_norm 只在真的拿到边际量时非零（不编代理值） (0.07925ms)
✔ 判定层在**真实链路**上真的会触发，而且用的是可解释的边际量刻度 (2.552083ms)
✔ flag 读法保守：未知取值当作 off (0.061833ms)
✔ off 路径完全不依赖模型文件：磁盘上那份不在也照常 (0.468958ms)
✔ feature flag 默认关闭：没设置时不会走本地模型 (0.44275ms)
✔ 回滚开关：off 模式下本地模型**一次都不被调用**（这是「能退回规则臂」的依据） (0.173334ms)
✔ 超时不是异常：到点必须 reject 并把这次计成 timeout (116.137834ms)
✔ 推理进程崩溃时在途请求立刻失败，而不是各自等满超时 (63.207083ms)
✔ 取消（AbortSignal）也要立刻释放，不等超时 (75.2875ms)
✔ 上游返回 ok=false 时要如实变成错误，不能返回空字符串冒充成功 (56.005959ms)
✔ provider 一定会回退，并且把回退原因留在 lastFallback (3056.547416ms)
✔ provider 在本地可用时返回模型输出，并清掉上一次的回退记录 (61.072541ms)
✔ provider 那一路也**不修剪**：不合契约就降级并单独记账（人类 ⑤） (60.322333ms)
✔ 没有 fallback 就不允许构造 provider：降级路径是必填的 (0.628167ms)
✔ 网关：OpenAI 形状的响应带 x_roco 的延迟与内存字段 (69.666042ms)
✔ 网关：超时返回 504 且形状是 error.type=timeout，而不是 200 (130.228583ms)
✔ 网关：并发打满时快速失败为 429，不无限排队 (871.951708ms)
✔ 网关：stream=true 明确 501，不假装支持 (45.874834ms)
✔ manifest 校验必须真的比 SHA256：改一个字节就要报错 (2361.089084ms)
✔ manifest 里登记的许可证与来源是必需的，缺了要报错 (1150.040917ms)
✔ 工具选择：不认识的工具名一律当作「停止」，而不是猜一个 (0.420042ms)
✔ 工具选择：输出不是 JSON、或模型超时，都退化成停止 (0.1255ms)
✔ 工具选择：合法输出要真的变成一次调用 (0.048875ms)
✔ shadow 模式：本地跑一遍，但玩家看到的结果仍然来自云端 (61.321458ms)
✔ on 模式：本地成功就走本地，失败就回退并且不抛给玩家 (3116.200167ms)
✔ on 模式：证据包过长时直接不试本地，明确记账而不是截断后假装成功 (54.868625ms)
✔ 权重目录不进 git：.models/ 与 .venv-mlx/ 都在 .gitignore 里 (12.859958ms)
✔ no player-facing string uses internal vocabulary (27.697125ms)
✔ no coach module string literal contains banned vocabulary (3.054208ms)
✔ 真实数据的溯源必须完整（这条红了就是真问题，不是检查器太严） (235.3925ms)
✔ 解析器只认真正的来源条目：末尾的 license_summary 不算 (0.211459ms)
✔ 块标量与带数字的字段名都要能解析（两个已修的解析 bug） (0.180917ms)
✔ 子文件（part_of）不该被要求自带 revision 与归档哈希 (0.123292ms)
✔ 反证：缺 source_id 的规范化数据必须被判出来 (0.089291ms)
✔ 反证：ruleset_id 不对必须被判出来 (0.052792ms)
✔ regression set covers all four required scenario categories (0.393416ms)
✔ r01 [silence] 玩家已经出招，旧提示必须消失 (0.1745ms)
✔ r02 [silence] 安静档下不得主动提示，即便有可行动风险 (0.046875ms)
✔ r03 [silence] 同一回合不得重复提示 (0.050041ms)
✔ r04 [silence] 玩家忽略过提示后提高打扰成本，不得连续催促 (0.050042ms)
✔ r05 [low-confidence] 绝对承诺一律拒绝，无论数字是否可核 (0.533208ms)
✔ r06 [low-confidence] 否定形式的确定性（不是稳赢）不得被误判为承诺 (0.278834ms)
✔ r07 [low-confidence] 不得声称看过对手待执行的动作 (0.136583ms)
✔ r08 [low-confidence] 把已取消的行动说成命中必须拦下 (0.101542ms)
✔ r09 [missing-evidence] 道具名不得漂移（净化药被叫成解药） (0.094625ms)
✔ r10 [missing-evidence] 凭空数字必须拦下 (0.056833ms)
✔ r11 [missing-evidence] 引用不存在的知识卡必须失败关闭 (0.072542ms)
✔ r12 [missing-evidence] 引用已被删除或规则版本不符的卡片必须失败关闭 (0.041875ms)
✔ r13 [tied-options] 同分行动不得被描述成明显更优 (13.53475ms)
✔ r14 [tied-options] 枚举结论必须带边界说明，不能暗示全局最优 (7.590292ms)
✔ r15 [tied-options] 目标偏好改变后推荐可以变，但依据仍须是同一批枚举 (3190.282584ms)
✔ r16 [tied-options] 不设偏好时结果必须稳定 (9.534333ms)
✔ ① 参数不合法 → 一次纠错 → 模型改正后整轮成功（并且错误回执真的进了 receipts） (4.065041ms)
✔ ② 工具名不存在 → 一次纠错 → 恢复 (0.182167ms)
✔ ③ 纠正之后**再**失败 → 照旧终止，且全局只有一张纠错券（预算没被放大） (0.099917ms)
✔ ③b 工具执行抛错也给一次纠错，但回执要写清是「执行失败」而不是参数错 (0.245708ms)
✔ ④ 纠错不许让同一个 (tool,args) 复活：重复调用照旧按 repeated-tool 终止 (0.121584ms)
✔ ⑤ 干净路径（一次就对）与修前**逐字节相同**（回归钉：sha256 取自修前那一版跑出来的原文） (0.278ms)
✔ ⑤b 线上竞技（policy 硬门控）不给纠错：照旧一条回执都不给 (0.0635ms)
✔ ⑤c mustCall 首枪政策照旧：政策首枪失败不给纠错（它不是模型） (0.131375ms)
✔ 轨迹集存在，且规模不低于 W4-02 的两千条下限 (0.879167ms)
✔ 文档里那行「N 条 / M 个世界 / K 个 arm」必须与产物一致 (0.289208ms)
✔ 产物必须是**现在这个生成器**产出来的（生产者一致性，含反向对照） (90.651ms)
✔ 每条轨迹都有可判定的判据、回执摘要与停止原因 (3.85975ms)
✔ 八个类别与全部 arm 都有轨迹，切分信息随行带出 (1.656666ms)
✔ 反证 arm 真的被判挂，而不是与基线一模一样 (0.081917ms)
✔ 生成器与判定器都能被加载：模块导出漂了要在这里断，而不是在产物里 (50.196916ms)
✖ 判定器两个方向都对，且生成时的判定与现在重判一致 (1106.856084ms)
✔ 轨迹集覆盖到每条任务，且没有留下重复的 traj_id (1.191583ms)
✔ 浏览器局面矩阵：产物存在且结构完整 (0.789083ms)
✔ 浏览器局面矩阵：8—12 个写死的局面，全部真的推进到位 (0.367334ms)
✔ 浏览器局面矩阵：每个局面的实际 kind === 写死的期望 kind (0.497125ms)
✔ 浏览器局面矩阵：至少 10 个局面真的有气泡产出，沉默的必须写清原因 (0.322834ms)
✔ 浏览器局面矩阵：kind 覆盖 ≥8 种，或如实登记不可达清单（11 个 kind 列全） (0.310833ms)
✔ 浏览器局面矩阵：全量扫描说「可达」而矩阵里没有的 kind，必须被披露（不许当成不可达） (0.409125ms)
✔ 浏览器局面矩阵：没有任何形状重复超过一次（形状由守卫重算，不看 summary） (0.359584ms)
✔ 浏览器局面矩阵：DOM 气泡 === Node 侧用同一批公开量重算的文案（逐条） (0.9795ms)
✔ 浏览器局面矩阵：每条气泡都含「做什么 / 为什么是现在 / 一个关键风险」，且真的渲染给玩家 (0.339875ms)
✔ 浏览器局面矩阵：玩家可见文案里没有工程术语，产物里没有内部 id / 隐藏信息 / 评分 (0.761875ms)
✔ 浏览器局面矩阵：同一批写死的输入跑两遍，结果逐字节相同 (0.240208ms)
✔ ① 合成样本命中指纹 → 回放成功；同一 fixture 跑两遍逐字节相同 (2.743209ms)
✔ ② 未命中指纹 → 必须抛错，且**绝不回落真网络** (0.804541ms)
✔ ③ 反证：把 fixture 的 provider 改掉 → 同一条判据必须红 (0.899875ms)
✔ ④ 反证：把一条响应换成「含未登记数字」的正文 → 同一条判据必须红 (0.955709ms)

=== 10 个隔离过的真实局面上的真实建议 =====================================
局面 → 实际 kind → 形状 → 原句（共 9/10 个局面开口）
01-ko-now-lethal         对手场上残血、我方可以收掉（lethal available）             kind=ko-now              「◆」估 #，够收对面「◆」这 # 血：这一轮直接收 | 「诡刺」估 130，够收对面「寂灭骨龙」这 35 血：这一轮直接收
02-energy-short          能量不足：关键技能能耗高于当前能量，而那一招正好能收掉                 kind=energy-short        能量还差 # 才能收掉它：先吃「◆」补上，这一轮别硬顶 | 能量还差 1 才能收掉它：先吃「能量果」补上，这一轮别硬顶
03-switch-low-hp         我方场上残血、后备有健康精灵（换人是否值得）                      kind=switch-low-hp       你只剩 #% 血，换「◆」上来：它还厚，别把「◆」白送掉 | 你只剩 33% 血，换「雪影娃娃」上来：它还厚，别把「音速犬」白送掉
04-type-resisted         属性被抗：上一手那一招被抵抗、这一轮还在用它                      kind=type-resisted       「◆」打「◆」只有抵抗（# 伤害）：别再硬用它 | 「气波」打「银月狼王」只有抵抗（3 伤害）：别再硬用它
05-replace-own-faint     我方场上倒下、需要补位（phase == replace 且我方 fainted）   kind=replace-required    「◆」倒了，换「◆」顶上：对面「◆」还在场，补位别一上来就挨打 | 「寂灭骨龙」倒了，换「海豹船长」顶上：对面「黑猫巫师」还在场，补位别一上来就挨打
06-ko-now-mid            双方都还有余血（52%），但我方这一手刚好够收（收线成立）               kind=ko-now              「◆」估 #，够收对面「◆」这 # 血：这一轮直接收 | 「火云车」估 414，够收对面「音速犬」这 190 血：这一轮直接收
07-switch-low-hp-low     我方被压到 15%、后备有厚的那只，该不该换                      kind=switch-low-hp       你只剩 #% 血，换「◆」上来：它还厚，别把「◆」白送掉 | 你只剩 26% 血，换「银月狼王」上来：它还厚，别把「海豹船长」白送掉
08-speed-slower          对手比我方快：同一档对拼是它先出手                           kind=speed-decides       它速度 # 快过你 #：别硬对拼，这一轮先换人躲一下 | 它速度 90 快过你 60：别硬对拼，这一轮先换人躲一下
09-speed-faster          我方比对手快：这一轮可以先手压上去                           kind=speed-decides       你速度 # 快过它 #：这一轮先手压上去，别把节奏让掉 | 你速度 130 快过它 92：这一轮先手压上去，别把节奏让掉
10-peaceful              双方都接近满血、局面平稳（没有值得说的局面事实，应当沉默）               kind=（无建议）               （silent：没有文案） | 

--- 形状统计（引号内容/数字/精灵名/技能名 → 占位符）---------------------
   2 × 「◆」估 #，够收对面「◆」这 # 血：这一轮直接收
   2 × 你只剩 #% 血，换「◆」上来：它还厚，别把「◆」白送掉
   1 × 能量还差 # 才能收掉它：先吃「◆」补上，这一轮别硬顶
   1 × 「◆」打「◆」只有抵抗（# 伤害）：别再硬用它
   1 × 「◆」倒了，换「◆」顶上：对面「◆」还在场，补位别一上来就挨打
   1 × 它速度 # 快过你 #：别硬对拼，这一轮先换人躲一下
   1 × 你速度 # 快过它 #：这一轮先手压上去，别把节奏让掉
  不同形状 7 种；开口局面 9 个

--- 检测器 kind 统计 ----------------------------------------------------
   2 × ko-now
   2 × switch-low-hp
   2 × speed-decides
   1 × energy-short
   1 × type-resisted
   1 × replace-required
  不同 kind 6 种

--- 每个局面的取证（真引擎参数）-----------------------------------------
  01-ko-now-lethal seed=20260921 strategy=greedy_damage team=[pet_000225+pet_000190+pet_000445] enemy=[（缺省＝与我方同队）] | 推进 6 步到 turn 6（phase=battle）
      证据：对手 寂灭骨龙 35HP；合法招「诡刺」估 130，收得掉
      期望 kind=ko-now → 实际 kind=ko-now；判定 action_hint；plan 推荐=诡刺
  02-energy-short seed=20260921 strategy=greedy_damage team=[pet_000225+pet_000190+pet_000445] enemy=[（缺省＝与我方同队）] | 推进 4 步到 turn 4（phase=battle）
      证据：寂灭骨龙 3 能量；放不出的「坟场搏击」估 411~411 盖得过对面 165 血
      期望 kind=energy-short → 实际 kind=energy-short；判定 micro_hint；plan 推荐=使用能量果
  03-switch-low-hp seed=20260921 strategy=greedy_damage team=[pet_000062+pet_000112+pet_000417] enemy=[（缺省＝与我方同队）] | 推进 10 步到 turn 9（phase=battle）
      证据：我方 120/366；后备 雪影娃娃 442/442、圆号鱼 413/413
      期望 kind=switch-low-hp → 实际 kind=switch-low-hp；判定 action_hint；plan 推荐=火云车
  04-type-resisted seed=20260921 strategy=greedy_damage team=[pet_000190+pet_000124+pet_000608] enemy=[pet_000608+pet_000124+pet_000190] | 推进 6 步到 turn 6（phase=battle）
      证据：上一手那一招被抵抗（倍率 0.25）；这一轮合法招 气波×0.25
      期望 kind=type-resisted → 实际 kind=type-resisted；判定 micro_hint；plan 推荐=换上第3位
  05-replace-own-faint seed=20260921 strategy=greedy_damage team=[pet_000225+pet_000190+pet_000445] enemy=[（缺省＝与我方同队）] | 推进 10 步到 turn 8（phase=replace）
      证据：phase=replace，我方 寂灭骨龙 0/425（已倒下），可选换人 2 个
      期望 kind=replace-required → 实际 kind=replace-required；判定 action_hint；plan 推荐=换上第2位
  06-ko-now-mid seed=20260921 strategy=greedy_damage team=[pet_000062+pet_000601+pet_000608] enemy=[（缺省＝与我方同队）] | 推进 4 步到 turn 4（phase=battle）
      证据：对手 音速犬 190HP（我方还有 52%）；合法招「火云车」估 414，收得掉
      期望 kind=ko-now → 实际 kind=ko-now；判定 micro_hint；plan 推荐=火云车
  07-switch-low-hp-low seed=20260921 strategy=greedy_damage team=[pet_000190+pet_000608+pet_000611] enemy=[pet_000062+pet_000445+pet_000417] | 推进 6 步到 turn 6（phase=battle）
      证据：我方 海豹船长 98/374；后备 银月狼王 416/416、月使鹭纳 362/362
      期望 kind=switch-low-hp → 实际 kind=switch-low-hp；判定 action_hint；plan 推荐=使用能量果
  08-speed-slower seed=20260921 strategy=conservative_switch team=[pet_000225+pet_000190+pet_000445] enemy=[pet_000112+pet_000611+pet_000190] | 推进 6 步到 turn 6（phase=battle）
      证据：我方 寂灭骨龙 速度 60，对手 雪影娃娃 速度 90（它更快）
      期望 kind=speed-decides → 实际 kind=speed-decides；判定 micro_hint；plan 推荐=换上第3位
  09-speed-faster seed=20260921 strategy=greedy_damage team=[pet_000451+pet_000601+pet_000112] enemy=[pet_000474+pet_000124+pet_000417] | 推进 7 步到 turn 7（phase=battle）
      证据：我方 秩序鱿墨 速度 130，对手 画间沉铁兽 速度 92（我更快）
      期望 kind=speed-decides → 实际 kind=speed-decides；判定 micro_hint；plan 推荐=使用回复药
  10-peaceful seed=20260921 strategy=greedy_damage team=[pet_000112+pet_000611+pet_000124] enemy=[（缺省＝与我方同队）] | 推进 1 步到 turn 1（phase=battle）
      证据：我方 442/442，对手 442/442
      期望 kind=（应当沉默） → 实际 kind=（无建议）；判定 silent；plan 推荐=使用能量果

--- 取不到「隔离窗口」的检测器（覆盖缺口，不是断言失败）-----------------
  · ko-maybe（估 X~Y 跨过血线）：引擎对**同一个技能**在三个分析种子下的估算是同一个数（min === max），所以「下限 < 血 ≤ 上限」结构上不可能成立；damage_preview 的 min/max 只是「最弱那招 / 最狠那招」两个**不同**技能的包络。
  · foe-status-ticking（对面中毒/灼烧/寄生掉血）：12 只精灵的规范配招没有一个直接施加这三种状态，而 POST /api/roco/battle/new 不接受 loadouts；取念→复制引燃只在第 44 轮之前的配招序列化缺陷下成立（修好后取念只复制对手真实带的 1–3 个技能）。冻结/萌化还会被 _apply_status_effects 直接跳过。
  · type-favoured（我方上一手打出克制、这一轮还在用那一招）：45 局 / ~500 个窗口里只命中 1 次，而且那一次我方满血（血量比 1.0）→ 主动提示门控直接沉默（risk 0.2 < 门槛）。**压住它的是门控，不是检测器**；能开口的窗口里它总被更前面的检测器盖过。
  · foe-energy-high（对面能量 ≥5）：优先级排在第 11 位，所有命中的窗口都先满足了 speed-decides 或属性检测器，所以它从来没有成为那句建议。
=========================================================================

✔ P1 验收：10 个真实局面各自得到「对路」的建议，且句子在种类上不同 (1405.593792ms)
✔ M1: 原始快照与规范化数据均已就位（缺失时明确 skip 而不是假装通过） (0.390542ms)
✔ M1: 每条记录都带 ruleset / game / 来源 / 许可 / 核验状态（不得有无出处数据） (2.375917ms)
✔ M1: 规范化精灵与原始 Lua 逐字段一致（独立重新解析对拍） (14.885417ms)
✔ M1: 动态/条件威力不得被当成 0 伤害（power 缺失必须为 null 而非 0） (1.872584ms)
✔ M1: 所有技能的效果支持状态必须是 unsupported（本轮未实现任何原语） (2.172ms)
✔ M1: 孤儿技能引用为 0（学习表引用的技能必须都存在） (1.727458ms)
✔ M1: 同名异形态必须显式登记且形态选择有据（化蝶 4 形态） (0.230041ms)
✔ M1: 冲突台账每条都有处置结论；未解决项不得被降级隐藏 (0.260375ms)
✔ M1: 支持等级与目标等级必须分开，且不得声称已完成 (0.550333ms)
✔ M1: 候选配招的技能必须真实存在于该精灵的学习表（禁止拼凑） (3.199791ms)
✔ M1: microcase 计划必须是「计划」——期望值为 null 且验证未通过 (0.602709ms)
✔ M1: 来源台账不得含页游数据，且未确认许可必须标 REFERENCE_ONLY (0.481333ms)
✔ M1: 第三方 Lua 只被文本解析，从未执行（无 eval/Function/require 第三方） (0.17075ms)
✔ M1: 12 只目标精灵与交接材料清单完全一致（不增不减） (0.177667ms)
✔ M1: 主快照固定 revision 的 SHA256 与实际文件一致（可复现性） (0.557667ms)
✔ 契约版本、违规分类、三个白名单都是显式导出的常量 (0.612125ms)
✔ 合法输入：三份校验全过，且归一化后的字段就是核心要用的那一些 (0.530333ms)
✔ 公开遥测：对手后备多任何一个字段都拒（隐藏信息边界，白名单式） (0.143958ms)
✔ 公开遥测：缺字段 / 错类型 / 模式非法 / 越界位次都被逐条报出 (0.227791ms)
✔ 公开遥测：未核验机制带原因就收，并原样带出原因（fail closed 而不是失败） (0.077417ms)
✔ 合法动作：威力与出处必须成对；「有数字没出处」和「没数字也没状态」都拒 (0.1065ms)
✔ 合法动作：未知类别、缺 label、换人缺位次、技能缺 id 都拒 (0.098875ms)
✔ 合法动作：道具名可以从「使用回复药」这类动作句子里剥出来（可核对的一次剥壳） (0.038375ms)
✔ 事件流：缺文案 / 缺出处 / 版本回退 / 生命周期乱序都被拒 (0.093917ms)
✔ 偏好：拒绝必须有 kind / expires_at / 原话，并按时间真的失效 (0.162083ms)
✔ 未核验机制：必须带 code 与 reason；明确禁止 approximate (0.207042ms)
✔ 工具提议：只认工具与参数；模型给的事实/结论一律不进提议 (0.085458ms)
✔ 回执优先：编数字 / 编动作 / 把没有记录的回合当事实讲，都会被丢掉并换回执那一句 (0.248834ms)
✔ 装配：缺任何一项宿主能力都在装配期拒绝（不是运行期降级） (0.217292ms)
✔ 会话：状态版本必须严格递增；合法动作不沿用上一回合 (0.194334ms)
✔ 会话：规则集不一致直接拒（钉住的版本与宿主给的必须相同） (0.064208ms)
✔ 会话：acceptResult / isStale 是「迟到结果必须丢弃」的唯一判据 (0.087167ms)
✔ 会话：建议流程在版本未变时接受规划，在版本推进时整条丢弃 (2.266459ms)
✔ 会话：没有状态就调 advise 会明确报错（不是静默返回空） (0.12575ms)
✔ 会话：记忆写入必须带 kind，并真的落到宿主 (0.078417ms)
✔ 会话：applyEvent 会拦顺序错误与缺文案的事件 (0.107375ms)
✔ assertNoViolations：空列表放行，非空抛结构化错误（违规条目可逐条读） (0.037084ms)
✔ 边际量：引擎发的对象形状必须能被取出来（第 39 轮那个缺陷的反面） (0.519ms)
✔ 真服务：margin 取得到，判定层用边际量刻度而不是 sigmoid 兜底 (511.44925ms)
✔ 真服务：`gap ≡ 0`（三个分析种子给出同一个 expected），所以规则只按血量说话 (845.682042ms)
✔ 真服务：仲裁量（risk 分支）必须在真实回执里，而且两边都没用它 (483.716542ms)
✔ 玩家看到的「期望」那行不许把点估计写成区间 (0.171ms)
✔ 边际量必须从引擎经**真实路由**到达判定层（第 39 轮：这条以前是假的） (282.996958ms)
✔ 桥的 plan 响应必须带边际量字段（少传一个字段不会报错，只会静默失效） (0.677875ms)
✔ 契约版本与违规分类是显式导出的（换宿主时改这里的版本号，不是改代码） (0.411334ms)
✔ 装配期：宿主少一个能力就拒绝装配（不许运行期降级） (0.275333ms)
  · ✔ 反证①：对手后备带 hp/pet_id → 必须拒（隐藏信息边界） — 实际：violations=["hidden_field_leaked@telemetry.opponent.bench[0].hp","hidden_field_leaked@telemetry.opponent.bench[0].pet_id"]；判据：hidden_field_leaked
  · ✔ 反证②：少 state_version → 必须拒（不许静默兜底成 0） — 实际：["bad_type@telemetry.state_version"]；判据：bad_type@telemetry.state_version
  · ✔ 反证③：有威力数值却没有 power_status → 必须拒（不许当普通伤害） — 实际：["unverified_power_without_status@legal[0].power_status"]；判据：unverified_power_without_status
  · ✔ 反证④：未核验机制没有 reason → 必须拒；带 reason 才收 — 实际：{"带原因":"accepted","缺原因":"游戏适配契约违规（1 条）：unsupported_without_reason@unsupported.effect_resolution.reason"}；判据：带原因 accepted / 缺原因报 unsupported_without_reason
  · ✔ 反证⑤：事件缺 text + 版本回退 → 必须拒 — 实际：["missing_field@events[0].text","state_version_not_monotonic@events[1].state_version"]；判据：missing_field@events[0].text + state_version_not_monotonic
  · ✔ 反证⑥：玩家拒绝没有 expires_at → 必须拒（拒绝不许是永久状态） — 实际：["missing_field@preferences.refusals[0].expires_at"]；判据：missing_field@preferences.refusals[0].expires_at
  · ✔ 反证⑦：宿主缺 plan/proposeTool 等能力 → 装配期就拒（不许运行期降级） — 实际：游戏适配契约违规（5 条）：kernel_capability_missing@host.plan, kernel_capability_missing@host.proposeTool, kernel_capability_missing@host.readPreference, kernel_capability_missing@host.writeMemory, kernel_capabil；判据：game_adapter_contract_violation … kernel_capability_missing@host.plan
  · ✔ 反证⑧：模型正文与回执冲突（编数字/编动作）→ 丢弃模型正文，改用回执那一句 — 实际：{"ok":false,"text":"按引擎回执：这一手没有给出这个数字。","conflicts":[{"code":"unsupported-number","value":999,"token":"999"},{"code":"unsupported-action","name":"火云车"}]}；判据：ok=false 且 text 为回退句
  · ✔ 反证⑨：慢请求 + 状态已变 → 迟到结果被丢弃，并记录原因 — 实际：{"fallback":true,"reason":"等待期间局面已推进（1 → 2）：这条建议属于已经不存在的局面，整条丢弃","discarded":[{"accepted":false,"code":"stale_result_discarded","result_version":1,"current_version":2,"reason":"state-advanced","at_ms":1790600029262,"observed_at_version":2},{"code":"stale_result_discarded","result_version":1,"current_version":2,"reason":"state-advanced-before-return"}]}；判据：fallback=true 且 discarded 里带 state-advanced
  · ✔ 反证⑩：浏览器里没有 process 全局时，判定层 flag 读取必须不抛（修复前抛 ReferenceError → layer-error） — 实际：{"mode":"off","error":null}
✔ 反证：必红输入逐条被拒，贴出实际报错 (43.97225ms)
  · 纯函数检测器：n=79，P50=0.0170ms，P95=0.0993ms，max=0.2185ms
✔ 硬行为①：局面检测是纯函数（无 DOM），48 只名册 × 多窗口的 P50/P95 毫秒数 (9315.387667ms)
  · 状态推进：{"reason":"state-advanced","from":1,"to":2,"at_ms":1790600038591}
  · 丢弃记录：[{"accepted":false,"code":"stale_result_discarded","result_version":1,"current_version":2,"reason":"state-advanced","at_ms":1790600038641,"observed_at_version":2},{"code":"stale_result_discarded","result_version":1,"current_version":2,"reason":"state-advanced-before-return"}]
  · 反证（版本未变）：fallback=false，丢弃 0 条
✔ 硬行为②：慢请求 + 状态已变 → 迟到结果被丢弃并记录原因（含超时路径） (63.060667ms)
  · 正常路径：0ms（规则 0ms + 服务端规划 0ms），fallback=false
  · 超时路径：3001ms（墙钟 3001ms），timed_out=true，fallback=true，原因：建议总时限 3000ms 内没有拿到规划：回退规则短提示，迟到的规划结果会被丢弃
  · 回退产物："micro_hint：规则短提示"
  · 回退发生：true；超时率：1/2
  · 威力来源状态：未知招:unsupported→来源未给威力（power_status=unsupported），不近似成普通伤害 | 来源没给威力:not_provided_by_source→来源未给威力（power_status=not_provided_by_source），不近似成普通伤害
  · 必红：unverified_power_without_status@legal[0].power_status — 给了威力数值却没有出处：power=120 必须配 power_status=static_value_present，实际 undefined
  · pvp-live：action=silent，gate=pvp-live，reason=hard-gate:pvp-live
  · pve（同局面反证）：action=action_hint，gate=null
  · 已结束：action=silent，gate=ended
  · 模型提议（可用）：tool=search_rules，raw={"tool":"search_rules","args":{"query":"能量"}}，latency=0ms
  · 模型提议（不可用）：error=ask-failed，choice={"stop":true,"reason":"ask-failed"}
  · 工具提议被收下：{"ok":true,"accepted":true,"stop":false,"tool":"read_state","args":{},"validated_by":"host"}
  · 不在允许集合里的工具：{"ok":false,"reason":"模型提议了不在允许集合里的工具：drop_database","accepted":false}
  · 回执优先：ok=false，conflicts=[{"code":"unsupported-number","value":999,"token":"999"},{"code":"unsupported-action","name":"火云车"}]，最终正文=「按引擎回执：没有这个数字。」
✔ 硬行为③：建议总时限 3s —— 正常路径 / 超时路径耗时 + 是否回退 (3198.006375ms)
✔ 硬行为④：unknown/unsupported 必须带原因，禁止近似成普通伤害 (0.273875ms)
✔ 硬行为⑤：线上竞技 PVP 中不得给出战术分析（保留 policy 行为） (0.293542ms)
✔ 硬行为⑥：LLM 只能提议工具；模型输出与回执不一致时以引擎为准 (0.53625ms)
  · ✔ ① 军师真的出现了（自动开口 ≥1 次，不是一次都没说） — 实际：9 次产出（其中打断 1 次）；判据：≥1 次
  · ✔ ① 每局打断上限：micro_hint + action_hint ≤ 2（INTERVENTION_LIMITS.maxHintsPerMatch） — 实际：1 次打断；判据：≤2 次
  · ✔ ① 额度用尽后不再打断：第 3 次起只能是 silent 或 defer_to_review（留到局后） — 实际：超额度打断 0 次；额度外的产出 0 条（全部为 defer_to_review：true）；判据：0 次超额度打断
  · ✔ ① 去重：同一句不重复（本条回放把去重开关**关掉**以观察原始产物，只记录不判红） — 实际：2/9 个不同形状（重复 7 次；去重开关关闭，产品形态下由 session.said 拦掉）；判据：仅记录（开关关闭）
  · ✔ ① 两级档位：产出文案的档位来自 {micro_hint, action_hint, defer_to_review} — 实际：action_hint/defer_to_review；判据：micro_hint/action_hint/defer_to_review
  · ✔ ① 该沉默就沉默：门控判定 silent 的窗口没有文案 — 实际：0 个窗口既有 silent 又有文案；沉默窗口 15 个；判据：0
  · ✔ ① 军师真的出现了（自动开口 ≥1 次，不是一次都没说） — 实际：2 次产出（其中打断 1 次）；判据：≥1 次
  · ✔ ① 每局打断上限：micro_hint + action_hint ≤ 2（INTERVENTION_LIMITS.maxHintsPerMatch） — 实际：1 次打断；判据：≤2 次
  · ✔ ① 额度用尽后不再打断：第 3 次起只能是 silent 或 defer_to_review（留到局后） — 实际：超额度打断 0 次；额度外的产出 0 条（全部为 defer_to_review：true）；判据：0 次超额度打断
  · ✔ ① 去重（去重开关打开）：同一句（数字不同也算同一句）不重复出现 — 实际：2/2 个不同形状；判据：形状全不重复
  · ✔ ① 两级档位：产出文案的档位来自 {micro_hint, action_hint, defer_to_review} — 实际：action_hint/defer_to_review；判据：micro_hint/action_hint/defer_to_review
  · ✔ ① 该沉默就沉默：门控判定 silent 的窗口没有文案 — 实际：0 个窗口既有 silent 又有文案；沉默窗口 22 个；判据：0
  · 必红反证：额度={"action":"defer_to_review","gate":null,"reason":"hint-budget"}；冷却={"action":"defer_to_review","gate":null,"reason":"cooldown"}；点掉={"action":"silent","gate":"hint-dismissed","reason":"hard-gate:hint-dismissed"}；陈旧={"action":"silent","gate":"stale-state","reason":"hard-gate:stale-state"}
  · ✔ ① 必红反证：额度用尽 → 不再打断（动作降为 defer_to_review，reason=hint-budget） — 实际：{"action":"defer_to_review","gate":null,"reason":"hint-budget"}；判据：action=defer_to_review, reason=hint-budget, gate=null
  · ✔ ① 必红反证：冷却期内 → 不再打断（动作降为 defer_to_review，reason=cooldown） — 实际：{"action":"defer_to_review","gate":null,"reason":"cooldown"}；判据：action=defer_to_review, reason=cooldown, gate=null
  · ✔ ① 必红反证：玩家点掉之后本局不再主动开口（硬门控 hint-dismissed） — 实际：{"action":"silent","gate":"hint-dismissed","reason":"hard-gate:hint-dismissed"}；判据：gate=hint-dismissed, action=silent
  · ✔ ① 必红反证：陈旧状态必须被硬门控拦下（stale-state） — 实际：{"action":"silent","gate":"stale-state","reason":"hard-gate:stale-state"}；判据：gate=stale-state, action=silent
  · 对照（无门控）：{"action":"action_hint","gate":null,"reason":"critical-risk"}
✔ 场景 a1：军师自动出现且不打扰（两级档位 / 额度 / 冷却 / 去重 / 点掉） (6215.535ms)
  · ✔ ② 建议合法且可执行：被当成可执行建议点名的动作都在本回合合法动作表里 — 17 个窗口 / 71 处点名，0 处越界（另有 10 处被文案明说「这一轮做不到」）
  · ✔ ② 建议合法且可执行：被当成可执行建议点名的动作都在本回合合法动作表里 — 19 个窗口 / 80 处点名，0 处越界（另有 13 处被文案明说「这一轮做不到」）
  · ✔ ② 建议合法且可执行：被当成可执行建议点名的动作都在本回合合法动作表里 — 24 个窗口 / 110 处点名，0 处越界（另有 18 处被文案明说「这一轮做不到」）
  · ✔ ③ 可展开的多动作比较：至少并列 2 个合法动作 — 15/17 个窗口并列 ≥2 个动作
  · ✔ ③ 三档标签齐全：事实 / 估计 / 不确定都真的出现过 — {"事实":59,"估计":60,"不确定":44}
  · ✔ ③ 未来 2—3 回合后果：比较区给出 ≥2 条后续结论 — 5/5/5/5/5/5/5/5/5/5/5/5/5/5/5
  · ✔ ③ 引擎推荐的那一手必须在并列里（不许漏边） — 0 个窗口漏了推荐
  · ✔ ③ 可展开的多动作比较：至少并列 2 个合法动作 — 19/19 个窗口并列 ≥2 个动作
  · ✔ ③ 三档标签齐全：事实 / 估计 / 不确定都真的出现过 — {"事实":73,"估计":75,"不确定":55}
  · ✔ ③ 未来 2—3 回合后果：比较区给出 ≥2 条后续结论 — 5/5/5/5/5/5/5/5/5/5/5/5/5/5/5/5/5/5/5
  · ✔ ③ 引擎推荐的那一手必须在并列里（不许漏边） — 0 个窗口漏了推荐
  · ✔ ③ 可展开的多动作比较：至少并列 2 个合法动作 — 24/24 个窗口并列 ≥2 个动作
  · ✔ ③ 三档标签齐全：事实 / 估计 / 不确定都真的出现过 — {"事实":95,"估计":96,"不确定":71}
  · ✔ ③ 未来 2—3 回合后果：比较区给出 ≥2 条后续结论 — 5/5/5/5/5/5/5/5/5/5/5/5/5/5/5/5/5/5/5/5/5/5/5/5
  · ✔ ③ 引擎推荐的那一手必须在并列里（不许漏边） — 0 个窗口漏了推荐
  · ✔ ⑤ 规划回执带真实后续字段：层数 / 分支数 / 固定分析种子 / 对手应对 / 期望值 — {"depth":17,"branches":17,"seeds":17,"counter":17,"expected":17,"damage_preview":17}
  · ✔ ⑤ 伤害预览标着「公式未核验」（formula_verified=false），不许说成实测 — 17 个可用预览
  · ✔ ⑤ 规划回执带真实后续字段：层数 / 分支数 / 固定分析种子 / 对手应对 / 期望值 — {"depth":19,"branches":19,"seeds":19,"counter":18,"expected":19,"damage_preview":19}
  · ✔ ⑤ 伤害预览标着「公式未核验」（formula_verified=false），不许说成实测 — 19 个可用预览
  · ✔ ⑤ 规划回执带真实后续字段：层数 / 分支数 / 固定分析种子 / 对手应对 / 期望值 — {"depth":24,"branches":24,"seeds":24,"counter":24,"expected":24,"damage_preview":24}
  · ✔ ⑤ 伤害预览标着「公式未核验」（formula_verified=false），不许说成实测 — 24 个可用预览
✔ 场景 b1/b2/b3：建议合法可执行 + 多动作比较 + 未来 2—3 回合后果 + 真实规划字段 (7658.138375ms)
  · ✔ ④ 老师局末闭环：给出**一个**关键转折（不是一份战报） — 实际：{"turn":13,"rule":"first-faint","candidates":["first-faint"],"what":"第 13 回合 我方 铠甲虫 倒下，这是全场第一次减员","evidence":["第 13 回合：我方 铠甲虫 倒下（第一次减员）。"]}；判据：turning_point.turn 为整数且 what 为字符串
  · ✔ ④ 一条可执行的改法 + 一条 next-match 练习目标 — 实际：{"learning":"对面补上新的一只之后，先确认它是谁、什么系，再决定这一手打谁。","goal":"read-the-replacement-first"}；判据：learning 与 goal 都非空
  · ✔ ④ 复盘正文可核对：含回合数与结果，且只讲一个点 — 实际：这一局一共 24 个回合，结果没有记下来。第 13 回合 我方 铠甲虫 倒下，这是全场第一次减员。对面补上新的一只之后，我方的下一手打上去还是被抵抗。全场最重的一次伤害在第 6 回合（对方，约 178 点）。；判据：正文非空且提到回合
  · ✔ ④ 后续局核对：给出可核对的结论（checked=true），并说清「没出现就证明不了什么」 — 实际：{"checked":true,"recurred":true,"improved":false,"note":"「对面有伙伴倒下」这一局又出现了。对比第 20 回合（上一次：补位之后第一手打在抵抗上）与第 20 回合（这一次：补位之后第一手打在抵抗上）。两次的处理方式一样，所以这一局看不到变化。"}；判据：checked=true 且有 note
  · ✔ ④ 核对结论不许把「没出现」说成「做到了」 — 实际：{"improved":false,"recurred":true}；判据：improved=true 只在 recurred=true 时出现
  · 复盘 A：这一局一共 24 个回合，结果没有记下来。第 13 回合 我方 铠甲虫 倒下，这是全场第一次减员。对面补上新的一只之后，我方的下一手打上去还是被抵抗。全场最重的一次伤害在第 6 回合（对方，约 178 点）。
  · 复盘 B 的核对：{"checked":true,"goal":"read-the-replacement-first","recurred":true,"improved":false,"situation":"enemy-pet-fainted","note":"「对面有伙伴倒下」这一局又出现了。对比第 20 回合（上一次：补位之后第一手打在抵抗上）与第 20 回合（这一次：补位之后第一手打在抵抗上）。两次的处理方式一样，所以这一局看不到变化。","evidence":["对比第 20 回合（上一次：补位之后第一手打在抵抗上）与第 20 回合（这一次：补位之后第一手打在抵抗上）。","对方第 1 位 第 20 回合倒下，之后我方第 22 回合那一手倍率 0.5，用的是「魔爪」（打在抵抗上）。"],"turns":[20,20],"plan":{"teach":false,"reason":"这一课已经教过，没有新的反证就不再重复"}}
  · ✔ ⑤ 显式偏好记忆：玩家自己说过的偏好被真的写进记忆（带原话） — 实际：[{"id":"stated:address","kind":"address","value":"老王","label":"称呼：老王","source":"player-stated","time":"2026-09-28T12:54:22.553Z","evidenceIds":[]},{"id":"stated:goal","kind":"goal","value":"稳健","label；判据：记忆里含「老王」
  · ✔ ⑤ 拒绝带时效：时效内有效、过期后自动失效（不是永久状态） — 实际：{"内":1,"过期后":0}；判据：{内:1, 过期后:0}
  · 记忆项：["address","goal"]
✔ 场景 c1：老师局末闭环（一个转折 + 一条改法 + 下一局目标 + 后续局核对） (6838.700041ms)
✔ 场景 c2：陪练情绪 + 显式偏好记忆（含拒绝有时效） (1.003667ms)
  · ✔ ⑥ 事件级 evidence：宿主可见层真的拿到原始出处 — 实际：30/77 条事件带 evidence；判据：≥1 条
  · ✔ ⑥ 事件级 evidence 指向可核对的**原始出处**（快照行号或 `…json#实体`） — 实际：1015 | 1016 | 1017；判据：至少一条是行号或 json#实体（引擎当前给的是行号，如实记录）
  · ✔ ⑥ 精灵/技能级 evidence_ids 透到宿主可见层，且逐只/逐招钉到自己的记录（两个分支） — 实际：无参 542 只、分页 2 只，逐招 2176 招全部核对通过；例：["ev:roco-world-s4-2026-09-10:pets.json#pet_000001"] / ["ev:roco-world-s4-2026-09-10:skills.json#skill_000246"]；判据：每只 = ev:<ruleset>:pets.json#<pet_id>，每招 = ev:<ruleset>:skills.json#<skill_id>（两个分支都要）
  · ✔ ⑥ 抽查：精灵出处形如 `pets.json#<pet_id>`、技能出处形如 `skills.json#<skill_id>` — 实际：["ev:roco-world-s4-2026-09-10:pets.json#pet_000001"] / ["ev:roco-world-s4-2026-09-10:skills.json#skill_000246"]；判据：ev:<ruleset>:pets.json#pet_000001 / ev:<ruleset>:skills.json#skill_000246
  · ✔ ⑥ 反证：把 evidence_ids 剥掉，上面那条判据必须变红（判据有牙） — 实际：顶层 evidence_ids 被丢掉 → 无参分支的顶层 evidence_ids 为空（roster 级那条没有出口）；分页分支的顶层 evidence_ids 被丢掉 → 分页分支的顶层 evidence_ids 为空；pets[].evidence_ids 被丢掉（映射层回退成旧形状） → pet_000001 的 evidence_ids=null，应为 ["ev:roco-world-s4-2026-09-10:pets.json#pet_000001"]；分页分支 pets[].evidence_ids 被丢掉 → pet_000001 的 evidence_ids=null，应为 ["ev:roco-world-s4-2026-09-10:pets.json#pet_000001"]；moveset[].evidence_ids 被丢掉 → pet_000001/skill_000246 的 evidence_ids=null，应为 ["ev:roco-world-s4-2026-09-10:skills.json#skill_000246"]；判据：5 种剥法都必须让判据给 ok:false
  · 事件级 evidence 例：["1015","1016","1017"]
✔ 场景 c3：RAG 引用透传到宿主可见层（事件级 + 精灵/技能级 evidence_ids） (1824.629459ms)
  · 网关可用（真提示 + 真提议）：tool=search_rules，raw={"tool":"search_rules","args":{"query":"能量"}}，latency=0ms
  · 网关挂起：fallback=true，latency=1202ms，reason=建议总时限 1200ms 内没有拿到规划：回退规则短提示，迟到的规划结果会被丢弃，丢弃=0
  · ✔ ⑦ 网关可用时：模型只提议**工具**，不产出事实或数值 — 实际：{"tool":"search_rules","latency_ms":0,"choice":{"tool":"search_rules","args":{"query":"能量"}}}；判据：tool 为字符串且提议里没有事实字段
  · ✔ ⑦ 网关不可用（挂起）时：在建议总时限内回退规则短提示，并丢弃迟到的模型结果 — 实际：{"latency_ms":1202,"fallback_reason":"建议总时限 1200ms 内没有拿到规划：回退规则短提示，迟到的规划结果会被丢弃","discarded":1}；判据：fallback=true 且 latency ≤ 1200+200ms 且 discarded ≥1
  · 迟到结果丢弃账：[{"accepted":false,"code":"stale_result_discarded","result_version":2,"current_version":2,"reason":"after-deadline","after_timeout":true,"at_ms":1790600066134,"note":"总时限 1200ms 已过，这条规划回来得太晚：丢弃，不用它覆盖已经给玩家的规则短提示"}]
  · 判定层：off={"mode":"off","model_status":"pass（全部可判定判据通过：H1_recall_floor、H2_false_positive_ceiling、H3_calibration、H4_discrimination、H5_ood、H8_criteria_are_falsifiable）","suppresses_by":"only","active":false,"suppress":false,"probability":null,"threshold":null,"reason":"flag-off"}
  · 判定层：shadow={"mode":"shadow","model_status":"pass（全部可判定判据通过：H1_recall_floor、H2_false_positive_ceiling、H3_calibration、H4_discrimination、H5_ood、H8_criteria_are_falsifiable）","suppresses_by":"only","active":false,"suppress":true,"probability":1,"threshold":0.88,"margin":0.05,"margin_threshold":0.146532,"decided_by":"margin-quantile","reason":"model-suppress"}
  · 判定层：on={"mode":"on","model_status":"pass（全部可判定判据通过：H1_recall_floor、H2_false_positive_ceiling、H3_calibration、H4_discrimination、H5_ood、H8_criteria_are_falsifiable）","suppresses_by":"only","active":true,"suppress":true,"probability":1,"threshold":0.88,"margin":0.05,"margin_threshold":0.146532,"decided_by":"margin-quantile","reason":"model-suppress"}
  · 玩家看到的正文：off=「对面「雪影娃娃」只剩 20 血：这一轮先把它补掉，别让它换人喘口气」 shadow=「对面「雪影娃娃」只剩 20 血：这一轮先把它补掉，别让它换人喘口气」
  · ✔ ⑧ shadow 档：判定层照算（给出概率与 margin），但 active=false — 实际：{"mode":"shadow","model_status":"pass（全部可判定判据通过：H1_recall_floor、H2_false_positive_ceiling、H3_calibration、H4_discrimination、H5_ood、H8_criteria_are_falsifiable）","suppresses_by":"only","active":false,"suppress":false,"probability":0.9498,"threshold":0.88,"margin":null,"margin_threshold":null,"decided_by":"sigmod-threshold","reason":"model-allow"}；判据：active=false 且 reason ≠ layer-error
  · ✔ ⑧ shadow 档不得改变玩家看到的建议：与 off 档逐字相同 — 实际：{"off_text":"对面「雪影娃娃」只剩 20 血：这一轮先把它补掉，别让它换人喘口气","shadow_text":"对面「雪影娃娃」只剩 20 血：这一轮先把它补掉，别让它换人喘口气"}；判据：两档正文与 kind 相同
  · ✔ ⑧ flag 解析：off 档下不改结论；报告的 mode 字段如实反映当前档位 — 实际：off；判据：off|shadow|on
  · 当前 feature flag：off（默认 off；on 需真人审阅，未获准）
  · layer-error 是否仍存在：否（已修：浏览器无 process 全局也不再抛）
  · roster coverage：覆盖 48/48
✔ 场景 d1：Qwen 工具提议 + 受控回退（网关不可用时立刻回退规则短提示并丢弃迟到结果） (2989.520833ms)
✔ 场景 d2：介入 / RL shadow 回执 —— shadow 不得改变玩家看到的建议，并如实标出 layer-error 是否已修 (1.075958ms)
✔ 名册覆盖：8 个场景的双方阵容必须覆盖登记层全部 48 只 (1.493167ms)
✔ 反向对照：身份对不上时必须被抓（这是这一组的意义所在） (0.530834ms)
✔ 报告装配必须写进身份栏，而不是靠文件名猜 (0.314125ms)
✔ 每个已存档的模型臂报告，文件名与身份必须对得上 (3.357833ms)
✔ 已作废的错位存档必须留在 invalidated/ 并且写明原因 (0.163292ms)
✔ 目录来自**模型臂**，不是规则臂，且带上提示版本 (0.326292ms)
✔ 每条错误都有分类、证据与候选修复，且没有任何一条自称修好 (0.078ms)
✔ 分类不许有空桶：声明过的每一类都要能在样本上触发 (0.105625ms)
✔ 候选修复的措辞不许读成「已修好」 (0.111667ms)
✔ 重新生成与盘上产物一致（产物不许过期） (0.96975ms)
✔ 预算/策略类必须单列：它们不是模型能力问题 (0.044334ms)
✔ 模型候选轨迹集存在、规模够、且每条都带判据与失败原因 (0.944625ms)
✔ 模型身份必须记全，且与文件名一致（第 38 轮存档错位的教训） (0.142542ms)
✔ 八类 × 三侧都在，且与规则臂同格式同判定器 (30.425083ms)
✔ 失败原样保留，不做「重试到成功」 (0.344417ms)
✖ 两条独立代码路径必须给出同一组数字（轨迹生成器 vs 影子回放） (1.366917ms)
✔ 清单与 jsonl 头部一致（两份产物要么一起重建，要么都不用） (0.188959ms)
  · 顶层 evidence_ids=["ev:roco-world-s4-2026-09-10:roster#total=542;offset=0;limit=None"]
  · 抽样 pet_000001 的出处=["ev:roco-world-s4-2026-09-10:pets.json#pet_000001"]；skill_000246 的出处=["ev:roco-world-s4-2026-09-10:skills.json#skill_000246"]
✔ 无参回执：顶层带 roster 级出处，pets[] 逐只、moveset[] 逐招带自己的出处 (366.238334ms)
✔ 分页分支同样带出处（limit/offset），且分页账目没被挤掉 (373.195ms)
  · 反证「顶层 evidence_ids 被丢掉」→ 判据报错：顶层 evidence_ids 为空（Answer 级那条没有出口）
  · 反证「pets[].evidence_ids 被丢掉（映射层回退成旧形状）」→ 判据报错：pet_000001 的 evidence_ids=null，应为 ["ev:roco-world-s4-2026-09-10:pets.json#pet_000001"]
  · 反证「moveset[].evidence_ids 被丢掉」→ 判据报错：pet_000001/skill_000246 的 evidence_ids=null，应为 ["ev:roco-world-s4-2026-09-10:skills.json#skill_000246"]
  · 反证「出处钉到了别的精灵（形状对、内容错）」→ 判据报错：pet_000001 的 evidence_ids=["ev:roco-world-s4-2026-09-10:pets.json#pet_000002"]，应为 ["ev:roco-world-s4-2026-09-10:pets.json#pet_000001"]
✔ 反证：把 evidence_ids 剥掉之后，上面那条判据必须变红 (373.602791ms)
  · ?limit=abc → limit 必须是非负整数（实际 "abc"）
✔ 坏参数照旧 fail closed（加出处没有放松参数校验） (365.883167ms)
✔ 局末复盘：整局事件 + 最后一个可行动的局面，缺一个结论就变（真服务） (400.101208ms)
✔ 反模板（真实对局）：先讲要改的那一处，不是先讲优先级最高的那一门 (2053.334125ms)
✔ 老师三角色闭环：第一局记下发课，第二局在真实链路上核对有没有改善 (287.17975ms)
✔ 模型臂在 ask 抛错时必须失败，不许静默回退到规则 (0.696583ms)
✔ 没有注入 ask 时直接拒绝构造：没有模型就不是模型臂 (0.153541ms)
✔ 状态版本由运行时覆盖，不采信模型编的那个 (0.104875ms)
✔ 模型给的未知工具名原样交给引擎层去拒绝，不在这里猜 (0.056667ms)
✔ 模型输出不是 JSON 时只能停止 (0.059958ms)
✔ 模型臂只问一次：不给它靠重试蒙对的机会 (0.0565ms)
✔ 系统提示必须写在代码里，且要求默认停止 (0.068041ms)
✔ 本地 JSON 提取与产品侧实现不许漂移 (0.099583ms)
✔ 对比函数如实分出退化 / 扳回 / 都错 (0.101833ms)
✔ 汇总里的通过率与分位数是可复算的 (0.213625ms)
✔ 参考臂的报告必须存在且自己是全过的（否则对比没有意义） (0.761792ms)
✔ 报告必须带提示版本：只比通过率分不出两次跑的是不是同一份提示 (0.549958ms)
✔ 报告装配本身必须带提示摘要：这条不看落盘产物，只看代码 (0.126666ms)
✔ 参考臂不带提示：它没有模型提示，带一个空值会让人以为它也有 (0.653875ms)
✔ 模型臂的报告（如果跑过）必须带真实延迟与失败原因 (0.302333ms)
✔ 摘要守卫：LOCAL_TOOL_SYSTEM 与已发布产物里的那份一字不差 (0.513792ms)
✔ 反向对照：改动一个字，摘要守卫必须变红（证明这道守卫有牙） (0.109125ms)
✔ toolPromptFor 逐字复现评测发出去的那条 user 提示 (0.315125ms)
✔ locked_pet / team / planner_margin 按评测的条件逻辑进出提示 (0.130083ms)
✔ 与评测脚本那份拷贝逐字一致（防两份拷贝各自漂） (6.690375ms)
✔ askGateway 发出网关认的请求体，并如实返回延迟 (0.285208ms)
✔ askGateway 非 2xx 抛出带 code 的错误（错误语义与 gatewayAsk 相同） (0.234416ms)
✔ modelToolChoice：正常工具提议 (0.146584ms)
✔ modelToolChoice：模型的正文里夹着解释和代码块时也能抠出第一个对象 (0.098792ms)
✔ modelToolChoice：{"stop":true} 是合法决定，不是失败 (0.116625ms)
✔ modelToolChoice：抠不出 JSON 一律 unparseable，且不抛 (0.14925ms)
✔ modelToolChoice：编出来的工具名被显式拒绝，且不抛 (0.089375ms)
✔ modelToolChoice：网络失败 / 非 2xx 都记成失败，不抛，也不假装模型说了话 (0.10925ms)
✔ compareToolChoices：一致与不一致都要说清，且说明里不出现工程词 (0.239208ms)
✔ compareToolChoices：契约里的每个工具都有中文说法，不会把工具名原样端给玩家 (0.070209ms)
✔ shadowToolDecision：一步拿到面板要的全部字段（含摘要钉子） (0.130708ms)
✔ a slow model answer is aborted when the player acts first, so no stale text is delivered (367.278709ms)
✔ after a fast action only the newest position is delivered (155.981375ms)
✔ the same position asked twice is merged into one upstream call (no duplicate delivery) (157.739333ms)
✔ three rapid actions in a row deliver exactly one answer: the last one (132.304042ms)
✔ the client layer never speaks: no speech call exists on the answer path (2.596917ms)
✔ a slow answer that arrives after the deadline is not resurrected (814.524834ms)
✔ 只把像哈希的片段当哈希：纯数字与短标识不算 (0.597292ms)
✔ 声明的 HEAD 从那一行读出来，读不到就返回 null (0.145667ms)
✔ 反证：声明一个不在历史里的 HEAD 必须被判不一致 (23.565167ms)
✔ 反证：引用不存在的产物路径必须被判不一致 (31.483ms)
✔ 当前仓库的状态文档必须一致 (33.230083ms)
✔ 自指死锁的回归：最近一次 verify:release 是红的，**不该**让闸门永远卡死 (33.234375ms)
✔ 同类死锁的第二处：全绿记录「太久没跑」只能是警告，不能判红（第 45 轮实测） (72.03725ms)
✔ 结构契约：index.html 引用的每个本地模块都真实存在 (0.787125ms)
✔ 结构契约：浏览器模块图里不许出现 node:*（静态 import） (46.277292ms)
✔ 反证：扫描逻辑真的能抓到静态 node:*（否则上面的守卫是空的） (0.2865ms)
✔ 结构契约：Coach 核心的静态 import 图到不了页面层，也不出现 node:* (5.76625ms)
✔ 反证：核心图这条判据不是空的（node:* / 页面层 / 动态 import 三种对照） (10.874208ms)
✔ 结构契约：核心图的 src/coach/** 不读浏览器全局（剥注释与字符串后按标识符扫） (15.538833ms)
✔ 反证：浏览器全局这条判据不是空的（真使用会红、注释/字符串/属性名不会） (4.8045ms)
✔ 结构契约：浏览器模块图里不许裸用 Node 专有全局（真机上小芽因此一句都答不上来） (51.831375ms)
✔ 反证：Node 专有全局这条判据不是空的（真用会红、守卫写法与注释/字符串不会） (4.479ms)
✔ 结构契约：入口模块图里每个相对 import 都解析到真实文件 (3.7905ms)
✔ 结构契约：能量上限/回能/初始能量的字面量只许住在规则配置里（RC-101） (184.225292ms)
✔ 结构契约：全仓 js/mjs 的相对 import 都指向真实文件 (163.39225ms)
✔ 反证：还没 `git add` 的新文件也必须被上面那条规则扫到 (153.113916ms)
✔ 结构契约：每个 Node 测试文件都必须被某个 npm script 或自检登记表引用 (1.086167ms)
✔ 结构契约：src/ tests/ tools/ 下没有会被忽略的源文件 (20.98275ms)
✔ 结构契约：仓库顶层只允许约定俗成的目录与文件 (0.238ms)
✔ 结构契约：models/ 里只有登记表，没有任何权重文件 (0.286084ms)
✔ 结构契约：URL 空间与磁盘空间同构，页面短路径可用 (219.256958ms)
✔ 结构契约：资源白名单 miss 时会自愈重算（陈旧进程不再是白屏） (9.109958ms)
✔ 结构契约：自愈之后的服务器真的能把那个模块发出来（端到端） (20.643167ms)
✔ 反证/安全边界：自愈**只**放行推导图里的东西，图外一律 404 (53.555125ms)
✔ 结构契约：每个页面都有「脚本没加载成功」的兜底横幅，且入口模块会撤掉它 (3.505625ms)
✔ 结构契约：每个页面外壳都能按短路径 /<文件名> 打开（漏一页 = 404） (0.14475ms)
✔ 反证：去掉 /xiaoya.html 的短路径 ⇒ 上面那条必须红 (0.06975ms)
✔ 反证：兜底横幅这条守卫不是空的（缺横幅 / 入口不撤 / 资源锚点不许顶掉入口） (2.570333ms)
✔ 结构契约：多页面白名单——每个 HTML 页面的本地入口都在白名单里 (0.375667ms)
✔ 结构契约：每个页面的模块图闭包都在白名单里且都真实存在 (9.114459ms)
✔ 结构契约：浏览器脚本收尾删临时 profile 必须带重试（裸 rmSync 会 ENOTEMPTY 把绿判据变红） (8.565875ms)
✔ cleanEnv 清掉测试运行器的变量，但不动别的 (0.781917ms)
✔ 测试里跑 `node --test` 的地方必须显式清环境 (13.919458ms)
✔ 这条守卫自己不是空的：违规样例必须被判出来 (0.1305ms)
✔ guard-selftest 自己的多个入口都不许留下脏文件 (0.169208ms)
✔ 复盘由事件决定：我方倒下时要点名那一回合与那一只 (1.186209ms)
✔ 没有值得一提的事件就沉默：返回 null，不编号一个「关键回合」 (0.093625ms)
✔ 转折点可以不是减员：没有减员时按累计伤害差翻盘挑 (0.373667ms)
✔ 同一局里有「做对的课」也有「做错的课」时，先讲要改的那一处（第 45 轮反模板） (0.402833ms)
✔ 两局不同的对局 → 不同的复盘与不同的学习点（反模板） (0.244833ms)
✔ 在后续局验证：没有讲过的课就什么都不说 (0.157708ms)
✔ 在后续局验证：局面没再出现 → improved 为 null，并明说没出现证明不了什么 (1.121375ms)
✔ 挂账的回合必须是「这门课的局面」那一回合，不是转折点那一回合（第 45 轮实测抓到） (0.272125ms)
✔ 在后续局验证：局面重复、处理方式一样 → improved 为 false (0.161458ms)
✔ 在后续局验证：局面重复、处理方式变了 → improved 为 true，且依据点名两个回合 (0.1855ms)
✔ 在后续局验证：局面重复但这一课的前提不在 → 也不给改善结论 (0.100292ms)
✔ 禁止词汇：复盘与核对产出的每一句都不许出现承诺或工程术语 (0.565416ms)
✔ 反向对照 ①：固定问句换汤不换药，反模板判据抓得住 (0.182208ms)
✔ 反向对照 ②：没有重复出现就宣称「有改善」是抓得住的假结论 (0.128417ms)
✔ 反向对照 ③：没有转折点就编一个「关键回合」是抓得住的 (0.040208ms)
✔ 对手倒下那一只：拿不到名字时只写位次，绝不拿场上那一只顶替（含只给投影的入参） (0.124375ms)
✔ R01 隐式「上一回合」取最近一个已结算回合，而不是被裁空数组的长度 (21.592625ms)
✔ R01 显式「第 N 回合」与「上一回合」是两条路径，互不覆盖 (29.889459ms)
✔ R01 没有已结算回合时返回无记录，绝不伪造第 1 回合 (1.89075ms)
✔ R01 跨局不串：新对局不能取上一局的同号回合，显式问上一局仍可取 (29.398167ms)
✔ R01 政策第一步真的用上了修好的回合参数 (17.980375ms)
✔ R02 「防御还是换龟」「守一下和换潮甲龟哪个好」都解析成正确候选 (32.938625ms)
✔ R02 回执列明实际模拟的行动，两个候选面对同一组对手行动 (12.285ms)
✔ R02 非法换宠要说明原因，而不是模拟成别的行动 (23.159417ms)
✔ R02 指代不明时追问，不默认取第一个行动 (22.079834ms)
✔ R02 主动换宠与倒下后的免费补位成本不同，不能混用 (50.2995ms)
✔ R02 工具回执真的会送到模型，最终回答与回执一致；不一致就回退本地结论 (31.637875ms)
✔ R03 分层判分：修复前的回执必须判红，修复后的回执必须判绿 (0.445917ms)
✔ R03 分层判分覆盖分支候选、跨局拦截与回答一致性 (0.175417ms)
✔ R03 回答一致性校验器：缺失证据、没模拟过的行动、成本说反都要拦 (0.20225ms)
✔ R03 评测集里保留 R01/R02 失败用例，且判分层已接入 (0.7345ms)
✔ R06 README 代码块里的每条命令都真实存在 (0.620042ms)
✔ 有界循环能走满两个回执：政策首步之后，planner 读到回执再要第二个工具，然后停 (0.419209ms)
✔ 两回执 loop 回归（用生产路径的六参 buildContext，独立复现过） (131.169416ms)
✔ fox has exclusive burn combo; lion trades recoil for burst (0.784875ms)
✔ lion recoil and guard penetration are actually resolved (0.642625ms)
✔ deer drain and turtle guard recover health (0.254834ms)
✔ preemptive skill acts before a faster ordinary attacker (0.230583ms)
✔ AI chooses guaranteed knockout instead of healing a scratch (2.087583ms)
✔ AI heals when it prevents a lethal hit and preserves a winning position (0.55375ms)
✔ AI decision is pure and independent of any submitted action (16.130834ms)
✔ training changes next battle, caps allocation, reset refunds (0.326375ms)
✔ battle rewards are once-only, progress levels and survive serialization (0.298834ms)
✔ invalid saved growth falls back safely (0.155042ms)
✔ companion can initiate without a complaint and respects suppression (10.269ms)
✔ PVP live blocks unsolicited and queried tactical help (0.161333ms)
✔ difficulty is saved and changes decision behavior without stat bonuses (61.0685ms)
✔ old two-point saves remain valid with the expanded cap (0.150083ms)
✔ stages apply fixed opponent levels and actual training stats (1.219625ms)
✔ winning clears a stage and old saves receive an empty clear list (0.143708ms)
✔ all preset scenes are isolated and cannot award progression (0.194792ms)
✔ swift bonus is once per stage; slower wins keep their base reward (0.1715ms)
✔ energy recovery belongs to surviving active pet after switching (0.203083ms)
✔ search reports finite explicit branch scores without inspecting pending actions (4.880458ms)
✔ six-pet saves gain new pets without losing trained stats or wallet (0.110625ms)
✔ sparrow slow changes next turn, guard blocks it, reserve timer pauses (0.663333ms)
✔ badger counter only triggers from attacks while guarding (0.350833ms)
✔ slow timer pauses while its owner is on the bench (0.335125ms)
✔ P01 动作输出恰好四个，且任何输入都落在其中 (0.814958ms)
✔ P01 五个硬门控：评分再强也不能把它们换回来 (0.127459ms)
✔ P01 宿主门控：后台、动画、聊天、预制、结束、不在对局、每决策一次都不开口 (0.081541ms)
✔ P01 预算是硬上限：决定性局面转成 defer_to_review，而不是消失也不是打断 (0.071584ms)
✔ P01 四动作判定：决定性 → action_hint，中等风险 → micro_hint，来不及 → defer，没证据 → silent (0.078167ms)
✔ P01 技能证据只抬高门槛，压不过真实分差 (0.058333ms)
✔ P01 仅关键风险档：非关键局面连复盘条目都不生成 (0.049208ms)
✔ P01 既有克制仍然有效：每局 2 条、45 秒冷却、每决策一次、点掉即静音 (0.174958ms)
✔ P01 陈旧状态由 scheduler 的 epoch 提供，且不影响既有合并/取消语义 (11.928209ms)
✔ P01 interventionFeatures 把真实对象投影成同一组字段，不碰 DOM (0.289125ms)
✔ P02 fixture：30 个窗口，15 个该提示 / 15 个不该提示，每个都有溯源与理由 (0.129584ms)
✔ P02 fixture 可复现：文件的特征与标注就是生成器的输出 (526.174458ms)
✔ P02 验收：stale hint rate = 0，且相对固定等待规则减少误报、保住关键召回 (0.136583ms)
✔ retrieves colloquial tactical questions with relevant cards (12.610291ms)
✔ unknown rules, unrelated queries and insufficient budget return no evidence (2.941292ms)
✔ foreign mechanics are retrieved as unsupported, not imported as live rules (1.2115ms)
✔ lower damage is not automatically a mistake when both moves can KO (1.878459ms)
✔ live calculations exclude unaffordable attacks and restrict PVP/version mismatch (1.748625ms)
✔ camp knowledge does not invent battle data (1.305458ms)
✔ switch mind games retrieve counterexamples rather than a certain prediction (1.236333ms)
✔ live strategist supplies retrieved sources and simulated switch branches (7.648583ms)
✔ generated browser knowledge stays identical to source (1.071083ms)
✔ generated reference facts stay tied to the engine rather than copied external game rules (0.682166ms)
✔ the semantic corpus is generated from the same source as content.js (0.415875ms)
✔ old six-pet saves preserve progress and unlock new loadouts without spending points (1.084875ms)
✔ buff damage, duration, stack cap and switching use actual turn resolution (2.403375ms)
✔ guard blocks dispel while ordinary hit removes buffs (0.329ms)
✔ held items trigger once and energy seed respects post-action threshold (0.500166ms)
✔ environment expires on fourth turn, clearwind removes it before slower damage and history preserves it (1.496ms)
✔ new default rosters keep all difficulty choices legal and finite (27.514875ms)
✔ the engine never depends on the coach: rules and settlement are self-contained (1.501958ms)
✔ a full PVE match completes with no coach module and no network (66.369ms)
✔ every number needed to finish a match is explained in place (7.260584ms)
✔ the rules page can be read without opening the coach, and in-battle cards explain skills in place (0.604958ms)
✔ turning the coach off does not disable any rule, and the version stays consistent (0.212042ms)
✔ 没配密钥时教练只用本机引擎，而且一个模型请求都不发 (42.778875ms)
✔ 模型返回非法结构时退回本机引擎，并说明为什么退回 (72.406792ms)
✔ 模型悬挂时不会卡死：对手决策与请求调度都自带超时上限 (280.199833ms)
✔ agent 的候选表就是引擎的合法行动表（去掉撤退），一个不多一个不少 (1.069666ms)
✔ 每个候选项都带基本信息：技能名、消耗、威力/先制，模型不需要自己编技能 (0.243292ms)
✔ 难度分级给的信息量不同：easy 没有教练建议也没有评分，normal 有建议没评分，hard 两个都有 (12.78925ms)
✔ 模型只能回答合法序号；越界、乱码、列表外的行动一律解析为 null (0.225292ms)
✔ 正常路径：模型选哪个就是哪个，chooseEnemy 不参与决策 (11.482459ms)
✔ 非法选择：模型给了列表外的行动 → action 为 null、source 标明原因，交给调用方兜底 (31.1745ms)
✔ 超时兜底：模型调用悬挂时，decideOpponentAction 自己在 timeoutMs 内结束（不悬挂、不抛） (72.417416ms)
✔ 超时兜底：模型调用抛错（网络/鉴权）→ model-error，action 为 null (10.559584ms)
✔ 未配置兜底：没有模型调用入口时立刻返回 unconfigured，不做任何计算 (0.128083ms)
✔ 畸形局面不抛异常：没有合法行动时返回 no-legal-actions (0.103792ms)
✔ 教练建议真的进了提示词：同一局面下"听教练的模型"给出的选择和"没有建议时"不同 (18.326ms)
✔ hard 的评分就是引擎自己的枚举结果：照最高分选的模型与引擎硬档选择一致 (15.313291ms)
✔ agent 的建议来自它自己那一侧：建议的行动必须落在对手自己的合法列表里 (11.229708ms)
✔ 闸门：合法选择原样通过，非法选择退回 chooseEnemy (43.331459ms)
✔ 补位阶段：chooseEnemy 在这个局面会抛，兜底必须改走引擎自己的补位语义 (0.232625ms)
✔ 兜底永不抛：局面残缺时返回 null 而不是异常 (0.139083ms)
✔ legalEnemyActions 永远不含撤退，且始终是引擎合法行动的子集 (0.086291ms)
✔ /api/opponent：模型答合法序号 → 200 且返回引擎认得的行动 (49.269625ms)
✔ /api/opponent：难度直接决定提示词里带不带教练建议和评分 (45.775333ms)
✔ /api/opponent：未配置密钥时零上游调用、立刻返回 unconfigured（本地对战照常可玩） (36.395291ms)
✔ /api/opponent：模型给非法序号 → action 为 null，绝不放行 (43.323833ms)
✔ /api/opponent：上游超时/网络错 → 有界返回，不把失败抛给浏览器 (4042.984584ms)
✔ /api/opponent 与 /api/coach 并行：玩家正在问教练时，对手决策不会被 429 挡掉 (45.954625ms)
✔ /api/opponent：请求体校验（难度、局面、模式）与来源校验都照旧生效 (55.506ms)
✔ 对手 agent 的提示词把局面当数据：系统提示里写明"下面是指令以外的数据"且只允许输出序号 (26.635833ms)
✔ 对手 agent 不碰玩家教练的状态：/api/opponent 不返回对话、记忆或证据包 (36.487ms)
✔ 整局跑通：agent（假模型）与引擎兜底交替出现，每一步都是合法行动 (390.902625ms)
✔ 补位局面下 rankEnemyActions 不许抛：算不出的分支跳过，战斗局面的排序不受影响 (0.902208ms)
✔ 战斗回合的排序保持稳定：枚举器跳过不可结算分支之后，前三名不变 (14.075542ms)
✔ pvp-local game carries its own mode and log line (0.693666ms)
✔ the submitted opponent action resolves instead of the AI choice (6.594084ms)
✔ each side enumerates only its own legal actions (0.178042ms)
✔ a fainted opponent is queued for manual replacement and is not auto-picked (0.354625ms)
✔ a fainted local player is queued for manual replacement the same way (0.398833ms)
✔ the replace queue handles two sides needing replacement one after the other (0.1895ms)
✔ pve replacement behaviour is unchanged when manualReplace is absent (5.250917ms)
✔ a full hot-seat match terminates and keeps both sides independent (8.512333ms)
✔ 浏览器验收脚本的 check 调用：多传 / 第二格塞布尔 / 第二格不明 —— 一处都不许有 (7.637291ms)
✔ 反证：把两种假绿的形状喂给同一套扫描，必须分别被判出来 (0.239958ms)
✔ 五组结构都在，且两栏与延迟都来自产物 (0.377542ms)
✔ ① 拿不到的**写 null 不写 0**：分段延迟与"金标声明的模型次数"都是 null + 原因 (0.359125ms)
✔ ② 可复算：同输入两次逐字节相同；正文除 generated_at 外没有挂钟 (12.663708ms)
✔ ③ 产物与「现在重算」一致（先跑脚本再断言） (1.4305ms)
✔ ④ 两栏的算法是钉死的：模型那一栏含 1 次生成，本地锁定路径记 0 (0.108417ms)
✔ ⑤ 反证臂必须**真的红**，而且**红在它该红的那一类**（数据驱动，不抄通过率） (0.24675ms)
✔ ⑥ 源产物读不到时**如实说读不到**，不静默变空报告 (0.211375ms)
✔ ① 源码里出现的每个 stopped 值都必须在 AGENT_STOPS 里（拼错一个字也能抓到） (0.791667ms)
✔ ② 取值域里不许有**死值**（从没在源码里出现过的，要么补实现、要么删掉） (0.231ms)
✔ ③ 命名成组（policy-* / planner-* / 循环边界 / complete），且没有重复项 (0.094916ms)
✔ ④ 反证：拼错一个字 / 新增一个没登记的值 / 留一个死值 ⇒ 都必须能被抓到 (0.34825ms)
✔ ⑤ 轨迹里的 stopped 分布只许用取值域里的词（真产物侧的一致性） (0.683375ms)
✔ 判据①：身份逐字段有感（改任何一个都必须换 key） (0.536667ms)
✔ 判据②：TTL 到点必须 miss（时间由判据注入） (0.634ms)
✔ 判据③：容量上限按插入顺序淘汰最老的 (0.076792ms)
✔ 判据④：只有「走云端 + 过守卫 + 不是降级」的答案才进缓存 (0.071167ms)
✔ 判据⑤（接线）：服务端真的用缓存与去重，且断开连接/换凭据会清空 (0.381041ms)
✔ ① 正向：模型第一次漏引用（ungrounded）、第二次补上 ⇒ 玩家看到的是**改好的那句**，回执说 corrected:true (20.476ms)
✔ ①b 第二次仍不合格 ⇒ 降级为本地已核验结论，并如实说"改写一次后还是没过"（且只试一次） (8.1875ms)
✔ ② 共用同一张券：工具层用掉了，答案层就不再改写（`toolCorrections` 是唯一的账） (7.890875ms)
✔ ③ 干净路径（一次就过）与"回到改前"逐字节相同：sha256 + 键表都钉住（回归钉） (12.667917ms)
✔ ③b 反证 C 的探针本身能红：往干净路径的回执里塞一个字段，sha256 必须变 (0.091875ms)
✔ ④（反证 D 的探针）纠正路径变动的字段**只有**这八个，且没有一个是自由文本反思 (12.681333ms)
✔ ⑤（反证 A）预算短路（`correctionBudget:0` ≡ 回到改前）⇒ 正向那条必须红 (6.396875ms)
✔ ⑥（反证 B）预算改成无限也不许重试第二次：全局只有一张券 (6.142708ms)
✔ ⑦ "重复即放手"：同一会话同一个 reasonsCode 试过一次没改对 ⇒ 这一轮不再试，并如实说给玩家 (12.218917ms)
✔ ⑧ 回执一致性那一族走同一条通道（不是只认数字守卫） (0.579209ms)
✔ ⑨ 纯函数形状：错误回执与更正记录只带结构化字段（没有"让模型写反思"的入口） (0.138625ms)
✔ ⑨ 预测脚手架：模型路线拿到「不许只说不知道」的规则与可用依据；数字红线仍在禁止项里 (29.216875ms)
[答案质量] 金标 54 条：无据弃答 0 / 逐字回声 0
[答案质量] 手游 20 条：无据弃答 0 / 逐字回声 0
✔ 答案质量：两套产物里都没有「不知道」式回话，也没有逐字回声 (4.156875ms)
✔ 答案质量判据的牙：硬伤必须抓住、带出处的诚实边界不许误伤 (0.081417ms)
✔ 引用守卫对齐语料 id 形状：交付过放行、没交付必红（逐库派生） (74.53425ms)
✔ 引用守卫：shadow 模式下编造的卡片引用照样红（这条从不放宽） (0.205292ms)
✔ ① 24 种自然说法都要接上引擎（表格是"人怎么说话"的事实清单，别删行） (5.0025ms)
✔ ② 参数真的构造不出来时，必须走诚实边界（不许编一个队出来） (0.217125ms)
✔ ③ 反证：战斗动作问句不许被阵容/推荐这些政策抢走 (0.437833ms)
✔ ④ 规则卡路径不许吞掉「比较/计算」类问句（c05 实测：被一张卡答掉、工具循环根本没进） (1.335791ms)
✔ ⑤ 对局内的自然问法：该算的必须算，其余的「不查」是**有据**的（C6.143 的结论） (0.312709ms)
✔ ⑥ 培养/训练类的自然说法：7 句都要被明确判断过（现在判给本地事实） (0.694875ms)
✔ ⑦ 相性表问句（「水系克什么？」）必须查引擎，且不许抢走别的问句 (0.139209ms)
✔ ⑧ 学习表变体说法（「喵喵有什么技能？」）必须查引擎，且名字要取对 (0.132541ms)
✔ ⑨ 反向形状「X 是哪个系的？」必须查引擎，且宠物/技能要分清 (0.104917ms)
✔ ⑩ 概念对比「A 和 B 有什么区别」走知识卡检索，且不许抢走邻近政策 (0.188125ms)
✔ ⑪ 对位问句进引擎 + 没有模型时也要给出「标注过的推断」 (5.254917ms)
✔ ⑫ 纯事实题本地作答：0 次规划器 + 0 次正文生成，且数字逐值来自引擎常量 (1.396625ms)
✔ ⑫b 金标 c13–c24 整族都被本地事实路径接住（判定与实现同源） (0.197416ms)
✔ ⑬ 天气策略：问句进引擎的 policy 读口，正文逐值来自配置并写出处 (1.020959ms)
✔ ⑬b 天气策略按模式解析：没配置 id 时报模式，营地问句也拿得到数值 (0.469917ms)
✔ ⑰ 六宠页问训练点：本地直说"这一版没有加点"，一个进度数都不编 (0.422834ms)
✔ ⑱ 按属性找精灵：判定、方向、参数与成句（0 次模型调用） (0.338583ms)
✔ ⑱b 按属性找精灵：本地正文逐值来自回执，且写明"检索结果不是推荐" (0.328959ms)
✔ ⑲ 配招可学性：判定、参数，且不许抢走学习表问句 (0.324208ms)
✔ ⑲b 配招可学性：三态照实说（学得到 / 学不到 / 认不出来），0 次模型调用 (0.716ms)
✔ ⑲c 引擎认不出这只时：说清是哪一层的数据，不许退化成模板 (0.282083ms)
✔ ⑲d 重名形态：本地列候选让玩家挑，不许替另一只形态作答 (0.216584ms)
✔ ⑳ 名单计数：本地作答（持有一页要分开说），0 次模型调用 (0.895ms)
✔ ⑳b 模型回答被事实检查拒掉时，问句不许回「我在。」 (3.221625ms)
✔ ㉑ 追加的回答要求不许污染判定：只按玩家那句判 (0.846125ms)
✔ ㉒ 「X 是谁」走引擎图鉴，查不到也是结论（0 次模型调用） (0.825459ms)
✔ ㉓ 多形态名：列候选 + 逐只面板，或列候选并请玩家挑（0 次模型调用） (0.483375ms)
✔ ㉔ 模型编造的数字不许发出去：catalog / legality / policy 三条路由逐一验证 (0.823709ms)
✔ ㉕ 队内属性检索：只比名单里的物种 id，交集完整（0 次模型调用） (0.592166ms)
✔ ㉖ 弃答族：未知属性/未知技能/未知精灵都在本地 fail closed（0 次模型调用） (0.679ms)
✔ ㉗ 名单级相性汇总：引擎逐属性数，本地成句（0 次模型调用） (0.394875ms)
✔ ㉘ 事实 + 取舍：模型只被"判断类"叫来，纯事实仍然 0 次调用 (0.67325ms)
✔ ㉙ 组队建议接战术卡：路由 + 本地有据可依 + 有模型时交给模型 (160.90125ms)
✔ ⑯ 队形问句但队伍不全：本地回答要给出可执行的下一步，0 次模型调用 (0.563ms)
✔ ⑮ 加点问句本地作答：直说"这一版没有加点"，0 次模型调用、一个数都不报 (0.566792ms)
✔ ⑬c 非标准模式绑的配置没声明天气层时，也要换标准 PVP 再答一次 (0.28975ms)
✔ ⑭ 阵容问句本地成句：手游六只走 evaluate_team、营地三只走相性表，都不问模型 (0.685625ms)
✔ ㉚ 「谁最适合当首发？」用手里的名单走引擎：速度线逐值有出处、零内部 id、0 次模型调用 (0.467958ms)
✔ ㉛ 队形问句与名单规模对不上：分档说清（没名单 / 规模不是 3-6 / 问的只数不一致） (0.26925ms)
✔ ㉜ 对局内的局面事实问句走确定性读口（6 句金标原话）+ 四类不许被抢走 (8.111917ms)
✔ ㉝ 本地事实答案在无模板草稿的上下文里也能成句（`packet===undefined` 那条路径） (0.442167ms)
✔ ㉞ 名字抽取剥掉句尾的助词/指示词，且拿不到名字时仍然 fail closed (0.124042ms)
✔ 复盘问句但没有对局：本地如实作答、0 次模型调用（含反证：有对局时不许被抢走） (0.293125ms)
✔ 记忆问句从记忆里答（0 次模型调用）；没记过就直说没记录 (0.22175ms)
✔ ⑮ 「讲讲我这队」要和「讲讲这套阵容」走同一条路（反证：没有范围词的句子不许被吃） (0.241584ms)
✔ ㉞ 加点退役后：两档都说"没有加点"；能量仍然按档分开说 (0.131958ms)
✔ ㉟ 规则集版本问句：政策必须判得出来、参数必须凑得出来（2026-09-28 补的缺口） (0.135667ms)
✔ ① 透传：带 roco_battle 时原样进包，不带时这个键不出现 (26.50375ms)
✔ ② 加性校验：合法形状放行，畸形一律 400 并点名 (0.591375ms)
✔ ③ 老的三宠合同一个字没松（加性改动的底线） (0.076209ms)
✔ ④ 结构性：/api/coach 真的调用校验；客户端从公开视图构造并送出 (0.240709ms)
✔ 必红反证：拿掉 roco_battle，② 里那些畸形输入不再被这条规则拒绝 (0.064958ms)
✔ ⑥ 事实守卫必须认得战况里的数字（否则引用真数据会被判成凭空） (0.323917ms)
✔ ③ 六宠快照下的分支模拟：回执要说清"要服务端会话"，不许说"没有进行中的对局" (0.453375ms)
✔ ⑤ 六宠快照带对局编号 ⇒ 工具回执是**引擎**算的走法结果（含反证：没编号时说清算不了） (0.370125ms)
✔ ⑥ 六宠对局里的建议问句**强制**先取引擎估值；没有编号或线上竞技时不许强制 (0.297417ms)
✔ ⑦ 对局编号的边界：合法字符串放行，畸形一律 400 (0.171709ms)
✔ ⑧ 结构性：客户端快照真的带编号、服务端真的注入读口、工具真的用它 (1.136208ms)
✔ ① 模板里不许再有静态的克制断言（up/down/none 都算断言） (0.654ms)
✔ ② 模板里不许再有静态的绿/红伤害（CSS 认的是 data 属性，不是 class） (0.156291ms)
✔ ③ CSS 认 JS 写的那一份，并给 unknown 一条"不画"规则 (0.080375ms)
✔ ④ 客户端从 sample.multiplier 推三角与颜色；更换屏显式 unknown (0.162875ms)
✔ ⑤ 结构完好：每个 .b3-rel 仍带三个 SVG（删断言不许删坏标记） (0.123333ms)
✔ 训练场页给教练的请求必须带局面身份；一次行动在飞时不许再点（审计高 2/高 3） (0.994667ms)
✔ 发消息时不许把玩家第二条弄丢（审计高 11）：飞行中禁发、输入框不清空 (1.321792ms)
✔ ① 同种归一行：一个种类只占一条，个体数点得清 (0.65125ms)
✔ ② 收起/摊开：多个体才需要"点开"，单个体直接摊开（免得白点一下） (4.325291ms)
✔ ③ 缺数值一律标"待导出"（不许显示成 0 或空白） (0.383333ms)
✔ ④ 两个刷新按钮分开、各带剩余次数；用完禁用 (0.368917ms)
✔ ⑤ 级数**只从数据读**（默认 60）；缺就读不到，不许再写死 (0.082292ms)
✔ ⑥ 转义：名字/属性里的尖括号与引号不许注入 (0.086875ms)
✔ ⑦ 整页翻一遍：48 张卡不该变成 48 次"点开"，也不该全铺开 (0.477625ms)
✔ ⑧ 浏览器安全：这一层不许静态 import node:*（页面会静默开不了局） (0.148334ms)
✔ ⑨ 抽屉不许弄丢「看详情」这个动作（点名字要能进二级页） (0.287333ms)
✔ ⑩ 回滚按钮：只有能回滚时才出现，并且带得动 coach 的判断 (0.305541ms)
✔ ⑪ 「再养一只同种」：按钮生成器还在、加出来的个体要进抽屉、这一行要变成"收起" (0.350958ms)
✔ ⑫ box.js 调用的本地函数必须有定义（防"删了定义、单测还绿"） (0.9225ms)
✔ ⑫ 掷点来源要写在页面上；数据集里真有的**不许**写（2026-09-27 审计 ⑤） (0.074916ms)
✔ ⑬ 回滚按钮只认 `canUndo()`：真的能退才出现（真机 28 号抓到的那个"点了没用的按钮"） (2.083834ms)
✔ ⑭ 组头要有信息（人类 2026-09-28：「左上角的铠甲虫为啥没信息？」） (0.136875ms)
✔ ⑮ 本机加的个体：行里带「本机加的」+ 只有它能「删掉这只」 (0.086958ms)
✔ ⑯ 「＋再养一只同种」整个下线了（人类 2026-09-28：「每种精灵只允许有一只」） (0.346334ms)
✔ ⑰ 资质是**六维表**，页面要摊成一行数值（不许印 [object Object]） (0.320583ms)
✔ ⑱ 天分档位要写在行里，而且**按没加成过的那一份**读（人类 ⑤） (0.146833ms)
✔ ① 一页行 → 记录表：同一次调用里的记录会复用（刷新次数不会被页面重载重置） (1.905875ms)
✔ ② 再养一只同种：**同种至多一对**（本机最多加 1 只）、两只互不影响 (0.406792ms)
✔ ③ **形状**：`localIndividualsGrouped` 必须回普通对象（`extras[key]` 取得到）—— Map 会静默不画 (0.150584ms)
✔ ④ 刷新/回滚：成不成都回一句人话，不抛给页面 (0.601667ms)
✔ ⑤ 存档坏掉/写不进去时有兜底：不抛、不把页面挂死 (0.106208ms)
✔ ⑥ 本机同种个体查询：`localIndividualsOf` 按编号排序、`fallback` 只在没有记录时用 (4.078875ms)
✔ ⑦ 页面真的把这份记录接上了（静态接线 + 形状一致） (0.434041ms)
✔ ⑲ 旧记录里天分为空 ⇒ 读时按编号补回，并且写回磁盘（已有天分的绝不动） (0.157625ms)
✔ ① 四个槽位都在，每个都写出名字与系别 / 类别 / 耗能 / 威力；缺的照实写 (1.263292ms)
✔ ② 池子只能来自请求：按钮与回执一一对应，硬编码会被抓 (3.812917ms)
✔ ②b 请求失败/服务端说不：如实说清 + 留重试 + 四个槽位照旧在，不许白屏 (6.342542ms)
✔ ③ 保存要再问一次引擎，说出来的名字与数字必须来自回执 (1.514667ms)
✔ ③b 回执里缺一个 ⇒ 说没保存、指出第几个、本机记录不写 (5.724208ms)
✔ ③c 保存时请求失败 ⇒ 只说没保存（不许乐观） (3.370125ms)
✔ ③d 本机不让记（隐私模式）⇒ 说清「引擎确认过、但刷新会丢」，不许只说已保存 (2.917541ms)
✔ ③e 保存要把这四个写进共用记录（开局那一页读的就是它） (3.02475ms)
✔ ③f 工坊里配过的招，盒子这一页接着改（不是各记各的） (1.652542ms)
✔ ④ 所有状态的可见文案都没有工程词、没有内部编号、没有 `**` (3.221958ms)
✔ ⑤ 窄屏（390px）不横向溢出：静态断言 + 反证 (0.314292ms)
✔ ⑥ 换一只就把池子清掉，重新按新的一只去问引擎 (1.850667ms)
✔ ⑦ 现在带着的四个按名字对不上（缺失 / 重名）就不预选，并如实说清 (1.53475ms)
✔ ⑧ 本机记过的四个：刷新回来还看得见（并且写清它是本机记录） (1.639083ms)
✔ ⑨ 挂载是幂等的：同一块地方挂两次不会叠监听，卸载之后清干净 (0.123459ms)
✔ ⑨b 池子请求的路径与工坊同一口径；失败文案是闭集（认不出的给通用话） (0.039625ms)
✔ ① 等级：一个 Lv.100 都不许有，同一行里也不许出现两个等级 (0.789333ms)
✔ ① 反证：卡片上不再画等级（等级在每一行里只出现一次） (0.384209ms)
✔ ① 列表行只写「性格是啥 + 天分是哪一档」，数值留二级页 (0.771542ms)
✔ ② 二级详情页：完整六维一项不落，地址带这一只 (0.111166ms)
✔ ② 二级详情页的入口与地址：同一页里切视图（不新开文件），`?pet=` 能复现同一屏 (0.087792ms)
✔ ③ 刷新/回滚/带上它去配队：只在二级详情页；下线的两个不许复活 (0.329792ms)
✔ ③ 锁定：页面上的入口删了，`?lock=` 与它背后的规则留着 (0.065042ms)
✔ ④ 组里多个体时不再重复名字与系别（组头已经写过一遍） (0.153542ms)
✔ ⑤ 筛选菜单：打开一个收起别的、选了项收起、点外面收起、点里面不收起 (0.151667ms)
✔ ⑥ 收藏：点了立刻生效、刷新还在、「只看收藏」按它筛（存在 localStorage） (0.133042ms)
✔ ⑧ 删掉要两步：第一次不删、有取消、再点确定才删（不用浏览器原生 confirm） (0.133167ms)
✔ ㉒ 四个共用动作处理器必须在模块顶层（真机 page_error 抓到的作用域错） (0.33225ms)
✔ ㉓ 锁定判定要同时认列表卡片与详情回执（地址直达时卡片是空的） (0.07525ms)
  · [实际] box.html → HTTP 200 text/html; charset=utf-8
  · [实际] src/client/box.js → HTTP 200 text/javascript; charset=utf-8
  · [实际] src/client/box.css → HTTP 200 text/css; charset=utf-8
✔ 接线：/box.html 与它的三个文件都在白名单里，而且真的取得到 (36.600542ms)
  · [实际] catalog total = 622 ；这一页 = 24 ；覆盖 = {"catalog_pets":622,"pet_record":460,"pet_form":162,"with_moveset_layer":48,"owned_instances":542,"owned_species":542,"panel_stats_non_null":0,"base_stats_available":48}
✔ 路由契约：kind=catalog 是**全量 622**，不是 48 只迁移层 (32.465917ms)
  · [实际] 我的盒子分页合计 = 542 ；数据文件 = 542
  · [实际] 收藏 = 168 （数据文件 168 ）；锁定 = 64 （ 64 ）；pet_000012 = 1 （ 1 ）
✔ 路由契约：kind=mine 的条数 = owned-pets.json 的实例数（一人一只 = 48），分页加起来也一致 (59.908083ms)
  · [实际] pet_000062 = 音速犬 种族值（迁移层登记，不是等级换算后的面板值） ；四招 = 自由位:火苗(威力30) 应对位:防御(威力游戏数据里没有这一项) 主攻位:火云车(威力140) 机制位:焚烧烙印(威力游戏数据里没有这一项)
  · [实际] pet_000001 = 喵喵 ； 这只精灵不在有配招与数值的那批数据里，所以这一项没有（全图鉴 622 条里只有 48 条配过招）。
  · [实际] own-0001 = 喵喵 Lv60 ；个体属性 = 性格:稳重 资质:[object Object] 特长:（没有这一项） 血脉:（没有这一项） 天分档位:相当好的天分 ；四个技能 = 抓挠→防御→仙人掌刺击→腐化
✔ 路由契约：detail 有面板/配招就给，没有就如实说没有（不许编） (9.625125ms)
  · [实际] 产物内同种组 = 0 | 跨物种 compare → 400 这两只不是同一种精灵（pet_000001 / pet_000002），不能逐字段比较：逐字段比较的前提是同一物种的不同个体。
✔ 路由契约：产物里没有同种两只 → compare 一律拒绝（同种比较的成功路径由纯函数夹具覆盖） (2.507958ms)
  · [实际] compare=own-0001,own-0002 → HTTP 400 {"ok":false,"status":400,"error":"这两只不是同一种精灵（pet_000001 / pet_000002），不能逐字段比较：逐字段比较的前提是同一物种的不同个体。","detail":{"a":"pet_000001","b":"pet_000002"}}
✔ 路由契约：不同种比较必须 400 + 原因（判据与浏览器验收同一份） (2.126084ms)
  · [实际] 20 个非法参数全部 fail closed：
  ·     limit=1e3 → 400 {"ok":false,"status":400,"error":"limit 必须是非负整数（实际 \"1e3\"；不接受 1e3 / -1 / 1.5 这类写法）；必须给出 k
  ·     limit=1.5 → 400 {"ok":false,"status":400,"error":"limit 必须是非负整数（实际 \"1.5\"；不接受 1e3 / -1 / 1.5 这类写法）；必须给出 k
  ·     limit=-1 → 400 {"ok":false,"status":400,"error":"limit 必须是非负整数（实际 \"-1\"；不接受 1e3 / -1 / 1.5 这类写法）；必须给出 ki
  ·     limit=abc → 400 {"ok":false,"status":400,"error":"limit 必须是非负整数（实际 \"abc\"；不接受 1e3 / -1 / 1.5 这类写法）；必须给出 k
  ·     limit=0 → 400 {"ok":false,"status":400,"error":"limit 必须在 1..60 之间（实际 0）；必须给出 kind=catalog 或 kind=mine，或
  ·     limit=61 → 400 {"ok":false,"status":400,"error":"limit 必须在 1..60 之间（实际 61）；必须给出 kind=catalog 或 kind=mine，
  ·     offset=-1 → 400 {"ok":false,"status":400,"error":"offset 必须是非负整数（实际 \"-1\"；不接受 1e3 / -1 / 1.5 这类写法）；必须给出 k
  ·     offset=1e3 → 400 {"ok":false,"status":400,"error":"offset 必须是非负整数（实际 \"1e3\"；不接受 1e3 / -1 / 1.5 这类写法）；必须给出 
  ·     kind=catalog&favourite=yes → 400 {"ok":false,"status":400,"error":"favourite 只能是 true 或 false（实际 \"yes\"）"}
  ·     kind=catalog&type=不存在系 → 400 {"ok":false,"status":400,"error":"type 必须是 草系 / 水系 / 火系 / 光系 / 恶系 / 翼系 / 普通系 / 虫系 / 地系 / 毒
  ·     kind=catalog&role=boss → 400 {"ok":false,"status":400,"error":"role 必须是 attacker / tank / recovery / control / support 
  ·     kind=catalog&support=NOT_A_LEVEL → 400 {"ok":false,"status":400,"error":"support 必须是 KNOWLEDGE_ONLY 之一（实际 \"NOT_A_LEVEL\"）"}
  ·     kind=catalog&record_kind=pet → 400 {"ok":false,"status":400,"error":"record_kind 必须是 pet_record / pet_form 之一（实际 \"pet\"）"}
  ·     kind=catalog&zzz=1 → 400 {"ok":false,"status":400,"error":"未知参数 zzz（白名单：kind/q/type/role/support/record_kind/favour
  ·     kind=catalog&species_id=abc → 400 {"ok":false,"status":400,"error":"species_id 必须是 pet_ 加 6 位数字（实际 \"abc\"）"}
  ·     q=xxxxxxxxxxxxxxxxxxxxxxxxxxxxxxxxxxxxxxxxx → 400 {"ok":false,"status":400,"error":"q 太长了（最多 40 个字符）；必须给出 kind=catalog 或 kind=mine，或者用 detai
  ·     (空) → 400 {"ok":false,"status":400,"error":"必须给出 kind=catalog 或 kind=mine，或者用 detail=<id> / compare=
  ·     kind=catalog&detail=pet_000001 → 400 {"ok":false,"status":400,"error":"kind / detail / compare 只能出现一个（实际同时给了 kind 与 detail）"}
  ·     compare=own-0001 → 400 {"ok":false,"status":400,"error":"compare 必须是两个用逗号分开的个体 id（例如 own-0001,own-0002；实际 \"own-0
  ·     compare=own-0001,own-0002,own-0003 → 400 {"ok":false,"status":400,"error":"compare 必须是两个用逗号分开的个体 id（例如 own-0001,own-0002；实际 \"own-0
  · [反证实际输出] ["非法 limit=\"1e3\" 必须 HTTP 400 + ok:false，实际 HTTP 200 ok=true","静默取整：接受了 limit=\"1e3\" 并返回 limit=1"]
✔ 参数白名单：非法参数 ok:false + 400，不静默取整、不静默忽略 (32.894417ms)
  · [实际] pet_form 总数 = 162 ；示例 = 鸭吉吉（蓬松的样子）
✔ 参数白名单：合法参数的边界值必须真的被接受（否则「拒绝」可能只是坏掉了） (24.939959ms)
  · [实际] dev 段含 state_version/coverage/provenance/unknown_fields/source_scope/licence；player 段扫过 27076 字节无命中
  · [实际] 页面源码判据 = （干净）
✔ 玩家层：路由的 player 段没有工程键，页面源码的工程词只在开发者抽屉里 (9.625458ms)
  · [实际] 玩家文案判据： 10 段文案无命中；未知原因样例「 这一项在冻结目录里没有登记；养成效果未校准（见 10 号文档 §13） 」
  · [反证实际输出] pet_id 混进玩家层卡片 → ["玩家层出现工程键 cards[0].pet_id","玩家层的 cards[0].pet_id 里出现 id 形状的值：pet_000012"]
  · [反证实际输出] unknown_fields 混进玩家层 → ["玩家层出现工程键 cards[0].unknown_fields"]
  · [反证实际输出] compare 接受不同种 → ["不同种比较必须 HTTP 400 + ok:false，实际 HTTP 200 ok=true","必须给出「不是同一种」的原因，实际 error=undefined"]
  · [反证实际输出] 非法 limit 静默取整 → ["非法 limit=\"1e3\" 必须 HTTP 400 + ok:false，实际 HTTP 200 ok=true","静默取整：接受了 limit=\"1e3\" 并返回 limit=1"]
  · [反证实际输出] catalog 总数写成 48 → ["catalog 总数必须 == 622，实际 48"]
  · [反证实际输出] 工程话跑出开发者抽屉 → ["box.js 的玩家区代码里出现工程词「provenance」","box.html 的玩家标记里出现工程词「provenance」"]
  · [实际] 夹具比较：字段 8 | unknown 4
✔ 玩家层：玩家可见文案里不出现工程话与伪精确数值（对实际回执的断言） (2.828959ms)
✔ 反证：六条判据都抓得住违规样本（实际输出原文见日志） (0.194584ms)
✔ 同种比较（夹具）：纯函数按字段给出差异，未知项说清「没有登记 / 效果未校准」 (0.145792ms)
  · [实际] 跨物种比较 → 400 这两只不是同一种精灵（pet_000001 / pet_000002），不能逐字段比较：逐字段比较的前提是同一物种的不同个体。
✔ 跨物种比较必须被拒（产物里已经没有同种两只，跨物种更要 fail closed） (2.069917ms)
✔ ① 覆盖全图鉴，且每条任务的名字来自图鉴数据 (12.282125ms)
✔ ② 同名异形：A 契约排除、B 契约保留（29% 的图鉴靠名字无法唯一确定） (18.970625ms)
✔ ③ 问题里的名字 与 expect 里的定位参数必须是同一只 (15.152041ms)
✔ ④ 契约 A 真的要求两步（拿真判定器量） (6.296583ms)
✔ 必红反证：把 A 的期望放宽成「只要求工具对」，④ 必须变绿 (5.963958ms)
[实际] reconciled = true
[实际] reason = 三张页全部 ok；声明计数与解析条数一致；三个比较组的计数差都由 only_in_frozen/only_in_live 逐条解释且条目数核对通过；unresolved 只含已写明原因的诊断项（同名不同 id 的歧义）。
[实际] delta pet: 冻结声明 622 - 公网声明 621 = 1；only_in_frozen=1 only_in_live=0 changed=0 explained=true
[实际] delta battle_skill: 冻结声明 579 - 公网声明 579 = 0；only_in_frozen=0 only_in_live=0 changed=0 explained=true
[实际] delta trait: 冻结声明 245 - 公网声明 242 = 3；only_in_frozen=3 only_in_live=0 changed=0 explained=true
[实际] bucket_sizes = {"only_in_frozen":4,"only_in_live":0,"changed":0,"unresolved":4}
[实际] only_in_frozen ids = pet_000532「幽影树」 / skill_000164「腾挪」 / skill_000165「保卫」 / skill_000166「好象坏象」
[实际] only_in_live ids = （空）
[实际] changed = []
[实际] unresolved ids = pet_000532[same_name_different_id] / skill_000164[same_name_different_id] / skill_000165[same_name_different_id] / skill_000166[same_name_different_id]
[实际] 完整快照 only_in_frozen = pet_000532 / skill_000164 / skill_000165 / skill_000166
[实际] 删两条后 only_in_frozen = pet_000004 / pet_000532 / skill_000164 / skill_000165 / skill_000166 / skill_000246
[实际] 命中条目： [{"id":"skill_000246","name":"抓挠","kind":"battle_skill"},{"id":"pet_000004","name":"迪莫","kind":"pet_record"}]
[实际] 声明/解析不一致条目 = live_bwiki 的 pet 组：产物**声明** 621 条，但实际解析出 620 条。声明与解析不一致时不允许拿其中任何一个当结论。
[实际] 完整快照 reconciled = true
[实际] blocked 快照 reconciled = false
[实际] blocked 快照 reason = 公网快照被拦或未解析：trait-index=blocked（HTTP 567；未取到 200 响应，不产出任何计数。）
[实际] trait delta = {"frozen_count":245,"live_count":null,"delta":null,"only_in_frozen":0,"explanation":"公网页面 trait-index 状态 blocked（HTTP 567；未取到 200 响应，不产出任何计数。）：公网侧计数不可得（记 null，不记 0），因此本组不给差值，也不做逐条比对。见 unresolved 里对应的那一条。"}
[实际] blocked 时 trait 组 only_in_frozen 条数 = 0
[实际] 反证：若把 blocked 当成 0 条，trait 组会误报 245 条「公网缺失」；实际记了 0 条
[实际] 无快照 reconciled = false | reason = 公网快照不可用：没有任何页面结果（public-index.json 缺失或结构不对）。**不把这种情况当成「公网 0 条」**，因此 reconciled=false。
[实际] normalizeName("幽影树") = "幽影树"
[实际] normalizeName("幽影树（突变的样子）") = "幽影树(突变的样子)"
[实际] 坏归一化(剥后缀) => "幽影树" vs "幽影树"
[实际] normalizeName("迪莫&nbsp;") = "迪莫"
[实际] normalizeName(" 迪莫 ") = "迪莫"
[实际] normalizeName("迪莫　") = "迪莫"
[实际] normalizeName("迪​莫") = "迪莫"
[实际] entityKey(trait, skill_000134) = trait::skill_000134 | entityKey(trait, skill_000164) = trait::skill_000164
[实际] 坏身份键(按名字) => trait::name::腾挪 vs trait::name::腾挪
[实际] 冻结侧两条同名记录：skill_000134「腾挪」(game_id=200236) 与 skill_000164「腾挪」(game_id=200281)
[实际] 真数据 pet 组 only_in_frozen = [{"id":"pet_000532","name":"幽影树","title":"幽影树（突变的样子）"}]
[实际] 非零差值组 = pet:1 / trait:3
[实际] pet 的解释 = 冻结侧多出 1 条，已在 only_in_frozen 逐条列出：pet_000532「幽影树」；差值 = 冻结声明 622 - 公网声明 621 = 1，与桶内条目数（only_in_frozen 1 - only_in_live 0 = 1）一致。
[实际] pet 解释里提到的 id = pet_000532（桶内 id = pet_000532）
[实际] trait 的解释 = 冻结侧多出 3 条，已在 only_in_frozen 逐条列出：skill_000164「腾挪」、skill_000165「保卫」、skill_000166「好象坏象」；差值 = 冻结声明 245 - 公网声明 242 = 3，与桶内条目数（only_in_frozen 3 - only_in_live 0 = 3）一致。
[实际] trait 解释里提到的 id = skill_000164,skill_000165,skill_000166（桶内 id = skill_000164,skill_000165,skill_000166）
[实际] 声明 623 时的 pet delta = {"frozen_count":623,"live_count":621,"delta":2,"only_in_frozen":1,"explained":false,"unexplained_gap":{"delta":2,"explained_by_buckets":1,"missing":1,"detail":"冻结声明 623 - 公网声明 621 = 2，但 only_in_frozen 1 - only_in_live 0 = 1，还差 1 条没有归属。"},"explanation":""}
[实际] 声明 623 时 reconciled = false | reason = 声明计数与解析条数不一致：frozen_l1/pet 声明 623 vs 解析 622 有计数差但没有可核对归因的解释：pet 冻结 623 vs 公网 621（冻结声明 623 - 公网声明 621 = 2，但 only_in_frozen 1 - only_in_live 0 = 1，还差 1 条没有归属。）——桶里没有条目能解释它，所以不允许当作已对账。
[实际] 567 页面 status=blocked declared=null entities=0 reason=HTTP 567；未取到 200 响应，不产出任何计数。
[实际] 无响应 status=blocked reason=HTTP no-response：fetch failed；未取到 200 响应，不产出任何计数。
[实际] 声明 5 / 实际 3 张卡 => status=unparsed declared=5 entities=3 reason=卡片数 3 ≠ 页面声明计数 5（不编造数字，按未解析处理）
[实际] 声明 3 / 实际 3 张卡 => status=ok declared=3 entities=3
[实际] 无声明计数 => status=unparsed declared=null reason=页面里找不到可解析的声明计数；卡片元素数为 0（不编造数字，按未解析处理）
[实际] 技能页 unparsed 时 battle_skill delta = {"group":"battle_skill","frozen_count":579,"live_count":null,"delta":null,"only_in_frozen":0,"only_in_live":0,"changed":0,"explained":false,"unexplained_gap":null,"explanation":"公网页面 skill-index 状态 unparsed（页面里找不到可解析的声明计数）：公网侧计数不可得（记 null，不记 0），因此本组不给差值，也不做逐条比对。见 unresolved 里对应的那一条。"}
[实际] 快照日期=2026-09-21；离线复核 rc=0
[实际] rc=1；[check] 没有可校验的产物：data/roco/live/1999-01-01/public-index.json 不存在 [check] 没有可校验的产物：/Users/serendizc/Developer/roco-coach/data/roco/live/1999-01-01/public-index.json 不存在（要复核已有快照就显式给 --date，例如 --date 1999-01-01）
✔ 真实对账：reconciled=true，四个桶逐条给出 id (14.695542ms)
✔ 判据①：删掉一条公网实体，only_in_frozen 必须指名列出它（必红方向） (17.990916ms)
✔ 判据②：快照被标 blocked，reconciled 必须 false（必红方向 + 反向） (23.485292ms)
✔ 判据③：名字归一化不许合并不同形态（必红方向） (14.031083ms)
✔ 判据④：计数差必须给出非空且可核对的解释（必红方向） (16.930292ms)
✔ fetch fail-closed：非 200 记 blocked 且不产出数字 (0.267792ms)
✔ fetch fail-closed：声明计数 ≠ 卡片数记 unparsed，不产出数字 (0.645625ms)
✔ 声明计数为 null 时不许被当成 0 参与差值 (11.350833ms)
✔ RC-201 许可与再分发：快照必须登记许可，且与 sources.yaml 逐字一致（必红方向） (4.036958ms)
✔ RC-201 报告：licence_ok 必须为真，且与快照逐字一致；抓到的 HTML 不在 git 里 (15.087042ms)
✔ 离线复核的参数必须显式带上**快照自己的**日期（不是「今天」） (0.194167ms)
✔ 真跑一次：对账套件在「快照日期 ≠ 今天」时仍然绿，且用的是快照日期 (91.838ms)
✔ 缺快照时给的是「没有可校验的产物」，不是 TypeError (31.463834ms)
✔ ① 引**发出去过**的引擎出处 ⇒ 不算编（这条以前做不到） (1.057125ms)
✔ ② 编一个**不存在**的引擎出处 ⇒ 必须红 (0.277875ms)
✔ ③ **没发过**的真出处也不许引（"发过才许引"这条不许松） (0.072167ms)
✔ ④ scope 是真的：不开 ragCitations 时 `ev:` 不参与检查（shadow 只多字段、不改行为） (0.07725ms)
✔ ⑤ 反证：把 `ev:` 从白名单/可引用集合里去掉 ⇒ 上面 ①② 必须翻红（判据不是装饰） (0.464041ms)
✔ ① 覆盖面：每个工具都有玩家话（漏一个就是界面上少一条） (0.570916ms)
✔ ② 不泄漏工程面：id / 参数 / 字段名都不许进玩家话 (0.162708ms)
✔ ③ 不许装饰：空回执必须产出空；有回执必须产出词（判据不是恒假） (0.076209ms)
✔ ④ 纠错看得见：纠错回执只贡献"改过一次"，不冒充查到的东西 (0.064459ms)
✔ ⑤ 降级必须说出来：被守卫拦下时，玩家话里要明说这是引擎结论 (0.066125ms)
✔ ⑤b 包级事实可见：带了什么就说什么，没带的不许说（对局验收量到的缺口） (0.070791ms)
✔ ②b query_rules 按 kind 说准：术语题不许显示成"查了图鉴"（且仍然不泄漏参数） (0.067834ms)
✔ ③b 缺参回执不算"查过"：不许把"没执行"说成"比过/查过" (0.0415ms)
✔ ⑥ 接线钉：服务端回执挂 activity、页面渲染它（不接线就是死的） (1.890042ms)
✔ ① 页面往上下文里放的顶层字段，必须是已接线的那几个 (0.77675ms)
✔ ② profile 里的字段同样要接线（每个都要在服务端校验 + 运行时进包） (0.260875ms)
✔ ③ 每个已接线的字段都要有来源说明（模型不该猜这份数据是什么） (0.105625ms)
✔ ④ 反证：这套判据量的是**接线**，不是文案 —— 拿掉一个已知接线点必须红 (0.322375ms)
✔ ① 没接模型时也要答出回执里的数（真机那句占位草稿不许再出现） (12.180292ms)
✔ ② 问哪一格答哪一格：两格给不同的数（防"一句常量糊弄"） (1.662ms)
✔ ③ 技能字段：威力/能耗按回执答；来源里没有静态威力就照实说没有（不写 0） (0.658208ms)
✔ ④ 「技能表」与学习表问句共用同一句话（两处不许走样） (1.285625ms)
✔ ⑤ fail closed：引擎说没这个名字 ⇒ 如实说没查到，正文一个数都不许有 (0.354292ms)
✔ ⑥ 重名（多形态）：列候选、要 pet_id，不挑第一只替他答 (0.254125ms)
✔ ⑧ 「特性」要把效果原文念出来（不是只报一个内部 id） (0.283333ms)
✔ ⑨ 「进化」这一格绝不许拿六维来答（答非所问比不答更糟） (0.223541ms)
✔ ⑩ 技能字段配了精灵名 ⇒ 纠正问法，不许说"技能名可能记错了"（真机原话是错的） (0.227ms)
✔ ⑪ 数值回答读图鉴层时，**合计必须按现加**（不许留引擎那份旧合计） (0.20575ms)
✔ ⑦ 没接模型（localProvider）时也走这一支，不是只有桩模型才成立 (0.167875ms)
✔ 技能字段问句：「<宠物>的<技能>威力/能耗多少」要查技能（2026-09-25 实测缺口） (1.14775ms)
✔ ① 抽取：名字与字段都要取对，「火花这只」要剥掉「这只」 (0.127542ms)
✔ ② 零误判：现有 49 例里不该变成图鉴查询的问法一条都不许命中 (0.067042ms)
✔ ③ 开关：off 时政策与改动前一致，on 时才多出 query_rules (1.415ms)
✔ ④ 参数：按名字查（不编 id），取不出来就不给参数 (1.133792ms)
✔ ④b 营地页的**真形状**存档（pets 是对象）不许把这一层打崩 (0.362209ms)
✔ 必红反证：关掉开关，「多出 query_rules」必须不成立（证明开关真的在管这件事） (0.629458ms)
✔ ⑤ 运行时补 state_version：不补的话 query_rules 连合同校验都过不了 (0.261959ms)
✔ ⑦ 我们自己的用词必须自己能听懂：物攻/物防/魔防（2026-09-27 真机补） (0.090333ms)
✔ ⑥ 「<精灵>的<招式>的<字段>」要取**招式名**，而「喵喵的属性」仍是**精灵**字段（2026-09-27） (0.100084ms)
✔ ① 该触发：参数是"包里没有的那只" (3.058708ms)
✔ ② 两只都在包里就不查（手里有事实，直接比） (0.510875ms)
✔ ②b 属性词写在「谁」之前时，名字不得把「的物攻」一起吞进去（2026-09-28 实测的真错） (0.075916ms)
✔ ③ fail closed：代词 / 同名 / 没名字都不构造参数 (0.452417ms)
✔ ④ 不误伤：图鉴 / 术语 / 学习表 / 固定规则 / 阵容问题都不归它 (0.675334ms)
✔ ⑤ 开关：显式 ROCO_COMPARE_LOOKUP=0 才关（默认开） (0.223791ms)
✔ ⑥ 顺序：带「的<字段>」的图鉴问句仍归 codex-fact (0.096833ms)
✔ ⑦ 提示里必须有"缺一只就不许比"（否则模型会回到凭印象下结论） (0.298917ms)
✔ 六组判据都在，且真语料全过 (0.605542ms)
✔ 产物与「现在重算」一致（除 generated_at），且没有挂钟时间戳 (0.360708ms)
✔ 反证①：标记说明与数据自相矛盾 ⇒ 必须红 (0.6865ms)
✔ 反证②：等级与来源数不匹配 ⇒ 必须红（逐级不同要求） (0.391208ms)
✔ 反证③：版本漂移 ⇒ 必须红 (13.908333ms)
✔ 反证⑤：「是不是老系统的规则」要先能问出来（日期 + 适用模式），候选只登记不自动降级 (0.660667ms)
✔ 反证④：抽样复核留痕缺席或残缺 ⇒ 必须红（「没抽到」不等于「对」） (0.074959ms)
✔ 判据自己不是空的：删条反证真的跑过（changed=true 且被删 id 不再出现） (0.04225ms)
✔ 反证⑥（阳性 + 阴性对照）：删目标 ⇒ 结果变；删**无关**条目 ⇒ top-k 逐字节不变 (125.649375ms)
✔ ① 默认关：不开开关时不许自己补调用（与内层逐字段相同） (2.403667ms)
✔ ② 开档 + 两个来源：缺的来源被运行时补上，且逐条可核对 (130.686959ms)
✔ ③ 开档 + 单一来源：一次都不补（不插手既有政策） (0.228542ms)
✔ ④ 开档 + 已经覆盖全：不重复补同一个来源 (27.562ms)
✔ 必红反证：来源族判定若退化成「永远只有一族」，② 必须红 (0.161416ms)
✔ RC-802 四类判据：合成基线必须全绿（判据不是空的） (0.653042ms)
✔ RC-802 反证：写死的样例 / 拿别的数顶上 / 没跑也显示 —— 逐条必须红 (0.230375ms)
✔ ① 每类 ≥30 条（§C6.312 的重启条件：不够就是不够，不四舍五入） (0.687583ms)
✔ ② 与训练集零重叠：逐字比对（SFT 三份的 message + v1 的题面）—— 拿考题当教材不算评测 (0.336291ms)
✔ ③ 期望可判定：expect.tools 全在 TOOL_CONTRACTS 里、calls 是闭区间、stop_ok 自洽 (0.458667ms)
✔ ④ 每条都有非空 why：说不清"难在哪"的题不算困难类别用例 (0.143208ms)
✔ ⑤ 身份自洽：case_id 唯一、message 本集内不重复、category 与文件名一致 (0.195708ms)
✔ ⑥ 不编造：引用的 pet_/skill_ id 与 facts_used 逐值都来自归一化语料 (0.605583ms)
✔ ⑦ 确定性：重算一遍必须与磁盘逐字节一致（等同 `build-difficulty-holdout.mjs --check`） (7.204791ms)
✔ ⑧ 报告 `reports/roco/difficulty-holdout.json` 与磁盘数据一致且计数为真 (0.498125ms)
✔ ⑨ 校验器自带的反证全绿（--selftest 与这里的检查是同一份代码） (20.505375ms)
  · 台账 schema = roco-rule-evidence-ledger/v1
  · ruleset_id = roco-world-s4-2026-09-10
  · 条目数 = 29
  · 等级分布 = {"OFFICIAL_CURRENT":5,"RECORDED_IN_GAME":9,"COMMUNITY_CURRENT":7,"CROSS_SOURCE_SUPPORTED":5,"ENGINE_HYPOTHESIS":3,"UNKNOWN":0}
  · 需实机 microcase = 18
  · 覆盖 topic = battle_mode.speed_duel, battle_mode.standard_pvp, battle_mode.territory_trial, energy.charge, energy.initial, energy.initial_per_pet, energy.max, energy.regen, leave.semantics, marks.persistence, product.pairing_ai, pvp.fairness, pvp.standard.team_size, swift.injection, traits.triggers, turn_order.priority, type.multiplier
  · 等级顺序 = OFFICIAL_CURRENT > RECORDED_IN_GAME > COMMUNITY_CURRENT > CROSS_SOURCE_SUPPORTED > ENGINE_HYPOTHESIS > UNKNOWN
  · OFFICIAL_CURRENT: can_promote_to_current_rule = true
  · RECORDED_IN_GAME: can_promote_to_current_rule = true
  · COMMUNITY_CURRENT: can_promote_to_current_rule = false
  · CROSS_SOURCE_SUPPORTED: can_promote_to_current_rule = false
  · ENGINE_HYPOTHESIS: can_promote_to_current_rule = false
  · UNKNOWN: can_promote_to_current_rule = false
  · 已登记条目 = EV-ENERGY-MAX, EV-ENERGY-CHARGE, EV-ENERGY-ENDTURN-REGEN, EV-ENERGY-INITIAL, EV-ENERGY-PER-PET, EV-ENERGY-COST8-EXISTS, EV-PVP-STANDARD-TEAM-SIZE, EV-PVP-STANDARD-MANA, EV-PVP-FAINT-MANA-LOSS, EV-PVP-SPEED-DUEL-MODE, EV-PVP-UNKNOWN-OPPONENT, EV-PVP-OPPONENT-ROSTER-VISIBLE, EV-SWIFT-INJECTION, EV-MARKS-PERSISTENCE, EV-TYPE-MULTIPLIER, EV-TURN-ORDER-MECHANISMS-EXIST, EV-TURN-ORDER-STRICT, EV-LEAVE-SEMANTICS, EV-TRAITS-TRIGGER-COMPLEXITY, EV-OFFICIAL-PAIRING-AI, EV-BATTLEMODE-PARAMETERIZED, EV-PVP-BOSS-FORM-STANDARD, EV-PVP-WISH-POWER-UP, EV-PVP-STANDARD-FILL-SIX, EV-PVP-STANDARD-SELF-BUILT-TEAM, EV-NATURE-BALANCE-PVP, EV-TURN-LIMIT-EXISTS-PVP, EV-PVP-FAIRNESS-NO-FUTURE-KNOWLEDGE, EV-WEATHER-STANDARD-PVP
  · 实际等级 = {"EV-ENERGY-MAX":"CROSS_SOURCE_SUPPORTED","EV-ENERGY-CHARGE":"CROSS_SOURCE_SUPPORTED","EV-ENERGY-ENDTURN-REGEN":"ENGINE_HYPOTHESIS","EV-ENERGY-INITIAL":"RECORDED_IN_GAME","EV-PVP-SPEED-DUEL-MODE":"OFFICIAL_CURRENT","EV-BATTLEMODE-PARAMETERIZED":"OFFICIAL_CURRENT"}
  · 台账要求的 case = MC-E01, MC-E02, MC-E03, MC-E04, MC-E05, MC-E07, MC-E08, MC-E09, MC-E11, MC-E12, MC-E13, MC-E14, MC-E16, MC-E17, MC-E21
  · 录屏清单里的 case = MC-E01, MC-E02, MC-E03, MC-E04, MC-E05, MC-E07, MC-E08, MC-E09, MC-E11, MC-E12, MC-E13, MC-E14, MC-E16, MC-E17, MC-E20, MC-E21
  · EV-ENERGY-MAX ← https://zhuanlan.zhihu.com/p/2040741873246024568（http=true 仓库文件=false marker=community）
  · EV-ENERGY-MAX ← https://www.douyin.com/video/7489841837251857673（http=true 仓库文件=false marker=community）
  · EV-ENERGY-CHARGE ← https://zhuanlan.zhihu.com/p/2040741873246024568（http=true 仓库文件=false marker=community）
  · EV-ENERGY-CHARGE ← https://www.douyin.com/video/7489841837251857673（http=true 仓库文件=false marker=community）
  · EV-ENERGY-ENDTURN-REGEN ← roco/src/roco_env/env.py#L59（http=false 仓库文件=true marker=repo_internal）
  · EV-ENERGY-ENDTURN-REGEN ← docs/roco/MICROCASE-PLAN.md（http=false 仓库文件=true marker=repo_internal）
  · EV-ENERGY-ENDTURN-REGEN ← https://news.17173.com/content/03182026/104940843.shtml（http=true 仓库文件=false marker=official_reproduction）
  · EV-ENERGY-INITIAL ← data/roco/evidence/user-in-game-reports.json#2026-09-22-energy-initial（http=false 仓库文件=true marker=recorded_gameplay）
  · EV-ENERGY-INITIAL ← roco/src/roco_env/env.py#L60（http=false 仓库文件=true marker=repo_internal）
  · EV-ENERGY-INITIAL ← https://www.douyin.com/video/7489841837251857673（http=true 仓库文件=false marker=community）
  · EV-ENERGY-PER-PET ← data/roco/evidence/user-in-game-reports.json#2026-09-23-energy-per-pet（http=false 仓库文件=true marker=recorded_gameplay）
  · EV-ENERGY-PER-PET ← roco/src/roco_env/env.py#L247（http=false 仓库文件=true marker=repo_internal）
  · EV-ENERGY-COST8-EXISTS ← https://wiki.biligame.com/nrc/技能图鉴（http=true 仓库文件=false marker=community）
  · EV-PVP-STANDARD-TEAM-SIZE ← https://www.taptap.cn/moment/808879358071540062（http=true 仓库文件=false marker=community）
  · EV-PVP-STANDARD-TEAM-SIZE ← https://news.17173.com/content/03182026/104940843.shtml（http=true 仓库文件=false marker=official_reproduction）
  · EV-PVP-STANDARD-MANA ← https://news.17173.com/content/03182026/104940843.shtml（http=true 仓库文件=false marker=official_reproduction）
  · EV-PVP-STANDARD-MANA ← https://www.taptap.cn/moment/808879358071540062（http=true 仓库文件=false marker=community）
  · EV-PVP-STANDARD-MANA ← data/roco/evidence/user-in-game-reports.json#2026-09-25-standard-pvp-six-mana-selfbuilt（http=false 仓库文件=true marker=recorded_gameplay）
  · EV-PVP-FAINT-MANA-LOSS ← https://news.17173.com/content/03182026/104940843.shtml（http=true 仓库文件=false marker=official_reproduction）
  · EV-PVP-FAINT-MANA-LOSS ← https://www.gameres.com/forum/t/917446（http=true 仓库文件=false marker=community）
  · EV-PVP-SPEED-DUEL-MODE ← https://www.taptap.cn/moment/838434682965067210（http=true 仓库文件=false marker=official_first_party）
  · EV-PVP-UNKNOWN-OPPONENT ← tests/evals/roco/cases/microcases-v1.jsonl（http=false 仓库文件=true marker=product_context）
  · EV-PVP-OPPONENT-ROSTER-VISIBLE ← https://www.taptap.cn/moment/808879358071540062（http=true 仓库文件=false marker=community）
  · EV-SWIFT-INJECTION ← https://wiki.biligame.com/nrc/小鹬（http=true 仓库文件=false marker=community）
  · EV-MARKS-PERSISTENCE ← https://wiki.biligame.com/nrc/印记（http=true 仓库文件=false marker=community）
  · EV-TYPE-MULTIPLIER ← https://wiki.biligame.com/nrc/深渊罗隐（http=true 仓库文件=false marker=community）
  · EV-TYPE-MULTIPLIER ← https://wiki.biligame.com/nrc/溯源钟（http=true 仓库文件=false marker=community）
  · EV-TYPE-MULTIPLIER ← https://www.9game.cn/lkwgsy/11781211.html（http=true 仓库文件=false marker=community）
  · EV-TYPE-MULTIPLIER ← https://m.ali213.net/news/gl2605/1774345.html（http=true 仓库文件=false marker=community）
  · EV-TYPE-MULTIPLIER ← data/roco/evidence/user-in-game-reports.json（http=false 仓库文件=true marker=recorded_gameplay）
  · EV-TURN-ORDER-MECHANISMS-EXIST ← https://news.17173.com/content/03182026/104940843.shtml（http=true 仓库文件=false marker=official_reproduction）
  · EV-TURN-ORDER-MECHANISMS-EXIST ← https://www.taptap.cn/moment/808879358071540062（http=true 仓库文件=false marker=community）
  · EV-TURN-ORDER-STRICT ← data/roco/evidence/rule-evidence-ledger.json（http=false 仓库文件=true marker=repo_internal）
  · EV-TURN-ORDER-STRICT ← docs/roco/MICROCASE-PLAN.md（http=false 仓库文件=true marker=repo_internal）
  · EV-LEAVE-SEMANTICS ← https://wiki.biligame.com/nrc/邪眼巨魔（http=true 仓库文件=false marker=community）
  · EV-TRAITS-TRIGGER-COMPLEXITY ← https://wiki.biligame.com/nrc/特性列表（http=true 仓库文件=false marker=community）
  · EV-OFFICIAL-PAIRING-AI ← https://www.bilibili.com/video/BV1iMuh66EiP/（http=true 仓库文件=false marker=official_first_party）
  · EV-BATTLEMODE-PARAMETERIZED ← https://www.taptap.cn/moment/849700086890891385（http=true 仓库文件=false marker=official_first_party）
  · EV-BATTLEMODE-PARAMETERIZED ← https://www.taptap.cn/moment/809020453778620585（http=true 仓库文件=false marker=official_first_party）
  · EV-PVP-BOSS-FORM-STANDARD ← data/roco/evidence/user-in-game-reports.json#2026-09-22-boss-form-standard-pvp（http=false 仓库文件=true marker=recorded_gameplay）
  · EV-PVP-BOSS-FORM-STANDARD ← data/roco/battle-modes.json（http=false 仓库文件=true marker=repo_internal）
  · EV-PVP-WISH-POWER-UP ← data/roco/evidence/user-in-game-reports.json#2026-09-25-wish-power-up-free-action（http=false 仓库文件=true marker=recorded_gameplay）
  · EV-PVP-WISH-POWER-UP ← data/roco/evidence/user-in-game-reports.json#2026-09-23-wish-power-up（http=false 仓库文件=true marker=recorded_gameplay）
  · EV-PVP-WISH-POWER-UP ← docs/roco/mockups/battle-v3h.html（http=false 仓库文件=true marker=repo_internal）
  · EV-PVP-WISH-POWER-UP ← data/roco/derived/pet-mechanisms.json（http=false 仓库文件=true marker=repo_internal）
  · EV-PVP-STANDARD-FILL-SIX ← data/roco/evidence/user-in-game-reports.json#2026-09-25-standard-pvp-six-mana-selfbuilt（http=false 仓库文件=true marker=recorded_gameplay）
  · EV-PVP-STANDARD-FILL-SIX ← https://news.17173.com/content/03182026/104940843.shtml（http=true 仓库文件=false marker=official_reproduction）
  · EV-PVP-STANDARD-SELF-BUILT-TEAM ← data/roco/evidence/user-in-game-reports.json#2026-09-25-standard-pvp-six-mana-selfbuilt（http=false 仓库文件=true marker=recorded_gameplay）
  · EV-NATURE-BALANCE-PVP ← https://news.qq.com/rain/a/20260414A0644900（http=true 仓库文件=false marker=official_first_party）
  · EV-NATURE-BALANCE-PVP ← https://wiki.biligame.com/rocom/性格图鉴（http=true 仓库文件=false marker=community）
  · EV-NATURE-BALANCE-PVP ← https://wiki.biligame.com/rocom/PVP一速榜（http=true 仓库文件=false marker=community）
  · EV-TURN-LIMIT-EXISTS-PVP ← https://www.bilibili.com/video/BV1JHDqBhEfC（http=true 仓库文件=false marker=community）
  · EV-TURN-LIMIT-EXISTS-PVP ← https://www.bilibili.com/video/BV15x9JB1E3E（http=true 仓库文件=false marker=community）
  · EV-PVP-FAIRNESS-NO-FUTURE-KNOWLEDGE ← data/roco/evidence/user-in-game-reports.json#2026-09-25-standard-pvp-six-mana-selfbuilt（http=false 仓库文件=true marker=recorded_gameplay）
  · EV-WEATHER-STANDARD-PVP ← https://news.qq.com/rain/a/20260414A0644900（http=true 仓库文件=false marker=official_first_party）
  · EV-WEATHER-STANDARD-PVP ← data/roco/normalized/roco-world-s4-2026-09-10/terms.json（http=false 仓库文件=true marker=repo_internal）
  · EV-WEATHER-STANDARD-PVP ← data/roco/normalized/roco-world-s4-2026-09-10/skills.json（http=false 仓库文件=true marker=repo_internal）
  · 来源总条数 = 57
  · 改写前 confidence = CROSS_SOURCE_SUPPORTED → 改写后 = OFFICIAL_CURRENT
  · 实际报错原文 = EV-ENERGY-MAX: OFFICIAL_CURRENT 必须至少有一条 official_first_party 来源；实际 marker 集合：["community","community"]
  · 被抬到 OFFICIAL_CURRENT 的条目数 = 24
  · 幸存者（抬上去竟然还是绿的） = 0 
  · 实际报错原文 = EV-PVP-STANDARD-TEAM-SIZE: OFFICIAL_CURRENT 必须至少有一条 official_first_party 来源；实际 marker 集合：["community","official_reproduction"]
  · 改写前 microcase_id = "MC-E13" → 改写后 = undefined
  · 实际报错原文 = EV-SWIFT-INJECTION: 缺少字段 microcase_id（实际值：undefined） | EV-SWIFT-INJECTION: needs_microcase=true 时 microcase_id 必须形如 MC-E01，实际：null
  · 改写前 sources 条数 = 1 → 改写后 = 0
  · 实际报错原文 = EV-MARKS-PERSISTENCE: sources 为空：等级 COMMUNITY_CURRENT 没有任何来源
  · 剩余来源 = ["https://www.taptap.cn/moment/808879358071540062"]
  · 实际报错原文 = EV-PVP-STANDARD-TEAM-SIZE: CROSS_SOURCE_SUPPORTED 至少需要两条 URL 不同的来源；实际 1 条：["https://www.taptap.cn/moment/808879358071540062"]
  · 实际报错原文 = EV-TYPE-MULTIPLIER: affected_artifacts 不能为空，实际：[]
  · 实际报错原文 = EV-ENERGY-MAX: confidence 不在六选一里："VERIFIED_OFFICIAL"
  · 实际报错原文 = EV-ENERGY-MAX: 来源 https://www.taptap.cn/moment/838434682965067210 的 level=OFFICIAL_CURRENT 强于条目等级 CROSS_SOURCE_SUPPORTED（来源最多只能与条目同级） | EV-ENERGY-MAX: 等级 CROSS_SOURCE_SUPPORTED 的条目带了 official_first_party 来源 ["https://www.taptap.cn/moment/838434682965067210"]：官方一手来源只能出现在 OFFICIAL_CURRENT 条目上（否则这条来源看起来像是在支撑它）
  · 实际报错原文 = ledger: 台账引用了 MC-E99，但录屏清单里没有这条 case（“要录什么”没有落点）
✔ 台账文件存在，且是合法 JSON（schema 与 ruleset 对得上） (0.94825ms)
✔ 真台账逐条合规（这条红了就是真问题，不是判据太严） (2.530708ms)
✔ 六个等级的定义齐全，且只有前两级能直接成为 current 规则 (0.502625ms)
✔ 指令点名要覆盖的规则条目一条都不能少 (0.084667ms)
✔ 工程假设与外部证据不许互相冒充（能量上限/聚能/回能/初始值的等级） (0.104875ms)
✔ “需要实机”的条目必须真挂着 case，且 case 写清了怎么录、录到什么算通过 (0.109541ms)
✔ 每条来源都有 http(s) URL，等级不高于它支撑的条目 (0.500667ms)
✔ 反证①：把一条 CROSS_SOURCE_SUPPORTED 抬成 OFFICIAL_CURRENT → 必须红（来源不够官方） (0.943458ms)
✔ 反证①-全量：每一条抬到 OFFICIAL_CURRENT 都必须红（不许有幸存者） (7.776667ms)
✔ 反证①-转载：只有官方公告转载的条目抬成 OFFICIAL_CURRENT → 必须红 (0.469458ms)
✔ 反证②：删掉需要 microcase 条目的 microcase_id → 必须红 (0.635833ms)
✔ 反证③：把某条的 sources 清空 → 必须红 (0.441709ms)
✔ 反证④：CROSS_SOURCE_SUPPORTED 只剩一条来源 → 必须红 (0.570875ms)
✔ 反证⑤：affected_artifacts 清空 → 必须红（没有“改了谁都不影响”的规则） (0.402417ms)
✔ 反证⑥：confidence 写成不在六选一里的值 → 必须红 (0.414792ms)
✔ 反证⑦：把官方一手来源挂到非 OFFICIAL_CURRENT 条目上 → 必须红 (0.746625ms)
✔ 反证⑧：引用一个清单里不存在的 microcase → 必须红 (0.338583ms)
✔ 投影：公开字段原样搬运，私有字段一个都不进来 (0.537125ms)
✔ 投影：局面结束后不可玩（经验层据此闭嘴） (0.112167ms)
✔ 规划特征：gap 用期望区间宽度，不用 worst 的绝对值 (0.338542ms)
✔ 陈旧判定：版本对不上就作废，只有一个入口 (0.049417ms)
✔ 规划回执的陈旧判定：规划自己说属于哪一版，才算哪一版（不许盖当前版本号） (0.130834ms)
✔ 门控来自真实 experience.js：失焦是硬门控，不是「这次没什么可说」 (0.989791ms)
✔ 危险局面给的是短提示；健康局面沉默（阈值来自经验层，不是这里拍的） (0.206583ms)
✔ 频率预算：说过一次就在冷却里，同一手也不重复 (0.138875ms)
✔ 提示文案：建议由**局面**决定，看不到局面就沉默（第 43 轮改） (0.215541ms)
✔ 局末教学入口：没有值得拎出来的决策点就说没有 (0.115792ms)
✔ （已删）风险分支的旧措辞用例 (0.038083ms)
✔ 伤害预览：说清「估」与「够不够收」，且结论不稳时不许打包票 (0.084125ms)
✔ 页面局末复盘接的是「整局事件 + 最后一个可行动的局面」（接错了不会报错） (1.102834ms)
✔ 12 个系别的 emoji 与配色逐键对齐，且不引用任何外链素材（自制形象） (1.142709ms)
✔ 复盘加厚层落在「不点开也看得见」的两个节点上（不是只塞进默认收起的折叠区） (1.067958ms)
✔ 老师沉默的兜底分支也要写出加厚层的「下一件事」（不再无条件清空） (0.800167ms)
✔ L1 图鉴层：622 只全在，且**只**允许 knowledge_only (0.7335ms)
✔ L1 图鉴层：每只都必须写清「我不知道什么」（unknown_fields + refused + provenance） (0.248458ms)
✔ L1 图鉴层：检索可用，且过滤条件不许放过不属于它的条目 (0.454834ms)
✔ 反证：把 support 改成 simulable、或删掉 unknown_fields，校验器必须报出来 (0.244541ms)
  · [实际] 实体 = 1446 ；provenance 条目 = 2888
  · [实际] 分组 = {"battle_skill":579,"pet_form":162,"pet_record":460,"trait_record":245}
  · [实际] 分节 = {"distributable":1446,"reference_only":0}
  · [实际] 判据 = schema_compliance:ok schema_file:ok artifacts_on_disk:ok provenance_on_disk:ok provenance_pointers:ok refs_pointers:ok licence_refs:ok distribution_sections:ok unknown_fields:ok orphan_references:ok conflicts_vs_rc201:ok freshness_guard:ok contract_completeness:ok coverage_matrix:ok ruleset_binding:ok entity_identity:ok readiness_declaration:ok
  · [实际] 问题 = (无)
  · [实际] 抄进包的值字段 = 0 
  · [实际] 带 stats ref = 622 ；带 learnable_skills ref = 622
  · [实际] record_kind_enum = ["pet_record","pet_form","battle_skill","trait_record"]
  · [实际] required_entity_fields = ["entity_key","record_kind","name","provenance","licence_ref","source_scope"]
  · [实际] required_provenance_fields = ["source_id","artifact_path","artifact_sha256","pointer"]
  · [实际] conflicts = {"IDENTITY_CONFLICT":65,"GRANULARITY_CONFLICT":34} ；total = 99 ；unresolved = 4
  · [实际] 未解决条目 = pet::pet_000532,trait::skill_000164,trait::skill_000165,trait::skill_000166
  · [实际] VALUE_CONFLICT 说明 = 同一 id 的**字段值**在两侧不一致。本轮**为 0** —— 这不是"没有 …
  · [实际] form_axis.counts = {"BASE":426,"LORD":64,"REGIONAL":131,"MUTATION":1,"OTHER":0,"UNMAPPED":0} ；divergence = 34
  · [实际] 可比字段 = pet.id, pet.name, pet.number, pet.type, battle_skill.id, battle_skill.name, battle_skill.element, trait.id, trait.name
  · [实际] 「公网索引页没有」字段 = pet.class, pet.stats, pet.learnset, pet.release, pet.feature_skill_id, battle_skill.power, battle_skill.energy, battle_skill.damage_class, battle_skill.desc
  · [实际] pet.type 逐条 = {"group":"pet","field":"type","matched_entities":621,"frozen_present":621,"live_present":621,"equal":621,"unequal":0,"unequal_examples":[],"verdict":"COMPARABLE_PUBLIC_INDEX_HAS_FIELD","comparable":true,"normalization":"剥掉「系」字后按 | 拼接比较（冻结「光系|草系」vs 公网「光|草」）。","reason":"属性标签逐条可比（这是「能比的四个字段」之一）。"}
  · [实际] status = draft ；satisfied = 8/9
  · [实际] §9-1 unified_schema: satisfied=true 证据=schema.x-roco-contract.record_kind_enum / required_entity_fields / source_scope_enum
  · [实际] §9-2 licence_per_entity: satisfied=true 证据=entity.licence_ref + source_registry.redistribution + 分节归属+licence_ref ∈ sources.yaml + 台账逐字一致 + REFERENCE_ONLY 不在 distributable
  · [实际] §9-3 per_entity_provenance: satisfied=true 证据=逐实体 provenance 的四个必填字段 + 两侧粒度对等+provenance.artifact_sha256 与磁盘逐条一致 + pointer 可解析
  · [实际] §9-4 conflict_policy: satisfied=true 证据=conflicts.classes / total / unresolved / 逐条证据+冲突条目与 RC-201 报告逐条一致 + 未解决时拒绝 ready
  · [实际] §9-5 form_axis: satisfied=true 证据=form_axis.assignments 覆盖所有非基础精灵 + divergence 条数与 GRANULARITY_CONFLICT 条数一致
  · [实际] §9-6 field_level_coverage: satisfied=false 证据=field_level_coverage.static_false
  · [实际] §9-7 version_freshness: satisfied=true 证据=ruleset_binding 必填 + freshness 守卫+freshness 重算 + ruleset_binding 指纹与磁盘一致
  · [实际] §9-8 unavailable_fields: satisfied=true 证据=contract.contains / does_not_contain / unknown_fields 允许清单+unknown_fields 按冻结产物重算 + contract.does_not_contain 覆盖覆盖矩阵
  · [实际] §9-9 reconciliation_in_release_gate: satisfied=true 证据=release_gate.registry
  · [实际] blocking = field_level_coverage, unresolved_conflicts
  · [实际] 两次重建 = 逐字节相同 ；磁盘 pack.json 3336458 字节 vs 重建 3336458 字节
  · [实际] rc = 1 ；原文 = [schema_compliance] battle_skill::skill_000246 没有 provenance —— 说不清这条从哪来
  · [实际] rc = 1 ；原文 = [artifacts_on_disk] artifacts.data/roco/normalized/roco-world-s4-2026-09-10/skills.json.sha256=0000000000000000000000000000000000000000000000000000000000000000，磁盘实际 9d01a6476a529be750973b4b3e8eb939112773f6a8b685e15e67516092e278e4
  · [实际] rc = 1 ；原文 = [schema_compliance] battle_skill::skill_000246 的 licence_ref=not-a-registered-source 在 source_registry 里查不到
  · [实际] rc = 1 ；原文 = [schema_compliance] battle_skill::skill_000246 的来源 nrc-ai-sqlite 是 REFERENCE_ONLY，却出现在 distributable 分节里
  · [实际] rc = 1 ；原文 = [schema_compliance] pet::pet_000001 的 ref「stats」有指针却被同时标进 unknown_fields —— 有值就不许标 unknown
  · [实际] 漏报方向 rc = 1 ；原文 = [unknown_fields] pet::pet_000001 的 unknown_fields=["panel_formula","season_strength","skill_timing"]，按冻结产物重算应为 ["panel_formula","season_strength","skill_timing","traits"]（有值却标 unknown / 缺了却漏报，两个方向都算错）
  · [实际] rc = 1 ；原文 = [schema_compliance] 就绪判定是 ready，但有 4 条未解决冲突 —— 未解决冲突必须**拒绝** ready，不是发警告
  · [实际] 声明与重算不一致 rc = 1
  · [实际] 坏指针 rc = 1 ；原文 = [provenance_pointers] battle_skill::skill_000246 provenance[0].pointer=pets[99999] 在 data/roco/normalized/roco-world-s4-2026-09-10/skills.json 里解析不到
  · [实际] STALE+ready rc = 1 ；原文 = [schema_compliance] freshness.guard 的比较结果与 left/right 对不上
  · [实际] 契约缺项 rc = 1 ；原文 = [contract_completeness] 覆盖矩阵说 pet.stats 公网索引页没有，但 contract.does_not_contain 没写它
  · [实际] 台账篡改 rc = 1 ；原文 = [licence_refs] source_registry.wiki-rocom-snapshot.redistribution="UNLIMITED" 与 sources.yaml 的 "DERIVE_WITH_ATTRIBUTION_NONCOMMERCIAL" 不一致
  · [实际] 报告判据组 = schema_compliance schema_file artifacts_on_disk provenance_on_disk provenance_pointers refs_pointers licence_refs distribution_sections unknown_fields orphan_references conflicts_vs_rc201 freshness_guard contract_completeness coverage_matrix ruleset_binding entity_identity readiness_declaration
  · [实际] 规模 = {"entities":1446,"provenance_entries":2888,"by_record_kind":{"battle_skill":579,"pet_form":162,"pet_record":460,"trait_record":245},"by_section":{"distributable":1446,"reference_only":0},"conflicts":99,"unresolved_conflicts":4,"form_axis":{"BASE":426,"LORD":64,"REGIONAL":131,"MUTATION":1,"OTHER":0,"UNMAPPED":0},"orphan_references":0}
✔ 真产物：1446 条实体全部过判据（17 组），逐条给 provenance 与 licence_ref (25.53625ms)
✔ 真产物：只做索引——大块数值一律只给 refs，不抄进包 (5.130875ms)
✔ schema：record_kind enum 用 RC-201 那份词表，必填字段齐备 (0.512917ms)
✔ 冲突：4 条未解决 + 61 组同名不同 id + 34 条形态口径，逐条带证据；未解决即拒绝 ready (0.693667ms)
✔ 覆盖矩阵：可比字段只许是 id/名字/编号/属性标签，其余逐条给出「公网索引页没有」 (0.178625ms)
✔ 就绪：9 项逐条 satisfied + 证据；只有全 satisfied 才允许 ready (20.92325ms)
✔ 可复跑：内存重建两次逐字节相同，并与磁盘上的 pack.json/schema.json 一致 (66.40775ms)
✔ 反证① 抽掉某实体 provenance ⇒ 红 (22.29025ms)
✔ 反证② artifact_sha256 对不上磁盘 ⇒ 红（登记表一起改坏，只有磁盘判据能抓） (20.122541ms)
✔ 反证③ licence_ref 在 sources.yaml 里查不到 ⇒ 红 (19.989916ms)
✔ 反证④ REFERENCE_ONLY 混进 distributable ⇒ 红 (18.191792ms)
✔ 反证⑤ 有值的字段被标进 unknown_fields ⇒ 红（缺了却漏报也 ⇒ 红） (37.009166ms)
✔ 反证⑥ 冲突未解决却把就绪标成 ready ⇒ 红 (39.254333ms)
✔ 反证⑦ 指针指到不存在的下标 / 快照 STALE 却 ready ⇒ 红 (39.114042ms)
✔ 反证⑧ sources.yaml 查不到、报告缺项、契约缺项都 ⇒ 红 (37.447458ms)
✔ 就绪报告：存在、可解析、不含挂钟时间戳（确定性） (0.218834ms)
✔ R02 夹具（branchChoice）：面板、回合日志、合法动作说的必须是同一件事 (2.742ms)
✔ 金标现状可复算：49 例 + 5 条新增能力例 + 5 条「不在屏幕上的宠物」，指纹能被独立重算一遍 (1.07525ms)
✔ 磁盘上的 review-state 与代码一致：无缺失、无孤儿、无漂移 (0.276167ms)
✔ 反证①：把未审的当已审 —— 缺 reviewer / 缺时间 / 无来源，三种写法都必须红 (0.422042ms)
✔ 反证②：改了金标而没改指纹 ⇒ 必须红（含"正则改动也要被抓到"） (0.144792ms)
✔ 反证②的牙：真函数对真金标的**任何**语义改动都要换指纹 (0.153708ms)
✔ 反证②的牙（特殊值）：NaN / ±Infinity / −0 不许和 null / 0 撞成同一个指纹 (0.074458ms)
✔ 反证③：跑评测时能被**执行层**拦住 —— `--require-approved` 在未审时必须非零退出 (1118.425292ms)
✔ 反证④a：**执行层**必须真的挡住 —— 不带开关跑一次评分运行 ⇒ 退出码 3 (1120.279ms)
✔ 反证④b：离线分支**不许**被闸门挡住（它们是工具，不产出能力结论） (8916.710625ms)
✔ 反证④c：eval 脚本必须真的接上闸门（防止"把线剪了而判据还绿"） (0.282875ms)
✔ sync 永不自动批准：继承只发生在"已审且指纹一致"时，内容一变就退回 draft (0.255375ms)
✔ 防御模板两处真错：入口 + 取正文/证据的调用形状（判据 0，接线不许断） (1.02475ms)
✔ 判据①：防御正文必须出现「减伤 65%」（必红反证：30% / 没有数都翻红） (0.106291ms)
✔ 判据②：防御正文绝不能把「恢复 2 能量」说成「消耗 2 能量」（必红反证：改前那句必须被抓住） (0.09525ms)
✔ 判据③：防御正文必须说清它给能量 / 不花能量（依据 `src/game/engine.js:290`） (0.777625ms)
✔ 判据④：`evidenceNeeds('防御能减伤多少？')` 必须包含 `rules` 族（★ 当前应为红：等 src 补词） (3.032041ms)
✔ 判据⑤反证：与规则无关的话不得被判成需要 `rules` 族 (0.101583ms)
✔ 判据⑥反证：`第 3 回合如果我先防御会怎样？` 不得被补词带成 `rules` 族 (0.1065ms)
✔ 判据⑦改法预演：建议的正文同时过 ①②③ 与数字守卫（必红反证：多算一个 35 必须被守卫拒） (0.757583ms)
✔ 判据⑧取证：要补的词必须**从卡数据里取**，不是凭口味挑的 (0.110167ms)
✔ 交接文档的关键数字与产物一致（漂了就红，逼人重看一眼） (5.339916ms)
✔ ① 产物自洽 + 可复算（抓包在 ⇒ 逐字节；不在 ⇒ 只校验自洽并说明） (86.574875ms)
✖ ② 来路写清：REFERENCE_ONLY / 许可 UNKNOWN / 不是官方文本；且不许并进 normalized/** (13.560084ms)
✖ ⑥ 执行域与检索层的分歧：**只有那 5 只**，且"回答用哪一份"写死（2026-09-27 两轮改钉） (6.559167ms)
✔ ⑦ id 别名表：首领形态**以抓包 4xxx 为主键**，册子 5xxx 是别名（人类 2026-09-27 拍板） (22.034125ms)
✔ ③ 上游总和（sum_race）不采信：层里没有它，改烂它层也不变 (62.989083ms)
✔ ④ 接得进小芽：进化链说得出、来路标得到；编的名字不许被当成问句 (31.815834ms)
✔ ⑤ 缺口填充：引擎给不出学习表时，用这一层给一句**带三组计数**的清单（不给等级） (14.287417ms)
✔ ① 抓包在 ⇒ 重算一遍，产物计数逐项一致（抓包不在 ⇒ 只校验产物自洽） (10.618292ms)
✔ ② 对账口径：同名不同 id 归"两套 id 空间"；三种"没抓到"分开记 (0.271166ms)
✔ ③ 抓包的 sum_race 不许采信（行为判据：把它改烂，对账结果一个字都不许变） (0.136041ms)
✔ ① 清单里的数字与真源逐个数一致（数字烂了 = 判据红） (9.712167ms)
✔ ② 清单必须覆盖那五件事，且每件都有「文件 / 你要做什么 / 达标标准」三件套 (1.375875ms)
✔ ① 补的是缺的那两项（天分/性格），并带上来源标记 (0.674167ms)
✔ ② 名单行自己带了就以它为准（不许被数据集覆盖）；入参不许被改 (0.080792ms)
✔ ③ 查不到的个体：原样留着（不猜、不丢行）；空/坏数据一律"什么都没补" (0.066958ms)
✔ ④ 上下文那一层：只动 profile，其它键原样带过；读不到数据集就返回**原对象** (21.766167ms)
✔ ① 拥有精灵默认 **60** 级（2026-09-27 改钉）；天分/性格缺数值一律归零并标注（不许当实测） (4.653292ms)
✔ ② 面板算得出来，但"天分按 0 计"这件事必须写在 unknown 里 (0.254792ms)
✔ ③ 两个刷新**分开计数**：各 3 次，用完就拒绝，刷一个不动另一个 (0.298ms)
✔ ④ 刷新**可复现**（同个体同第几次结果相同）；反证：不同个体不许总是同一个结果 (1.893375ms)
✔ ⑤ 每次刷新都留历史：刷新前后的值 + 剩余次数 + 用的哪条规则 (0.083209ms)
✔ ⑥ 刷新返回新对象，原个体一个字段都不许动 (0.074ms)
✔ ⑦ 抽屉形状：同种多只归一组，count 对，best 稳定 (4.219667ms)
✔ ⑧ 可重复拥有：新个体 id 不同、刷新次数重置、两个体互不影响 (0.173584ms)
✔ ⑨ 掷点规则的诚实边界必须在：两条都标"建模的、非实测" (0.52775ms)
✔ ⑩ 回滚只撤一步、次数**不退**、留痕；连着退被拒；"值不值"只给理由不拍板 (2.131208ms)
✔ ⑪ 回滚之后重刷必须换落点（否则教练那句"换个落点可能更值"是假的） (0.422625ms)
✔ ⑫ 刷新要报落点；回滚之后重刷要报"换掉了谁"（且不许用 `**`） (0.865667ms)
✔ ① off 档：回执里没有 judgment；shadow 档：只多这一个字段，其余逐字节相同 (27.22475ms)
✔ ② shadow/on：逐例都带替代判定，且四类问题的判定符合口径定义 (0.333083ms)
✔ ③ 结构钉：行为只能由政策决定（mustCall 不许取替代口径） (1.3645ms)
✔ ④ 必红反证：把 (甲) 写成结论 / off 档多出字段 / 采样失败 —— 同一条判据都必须报 (0.108458ms)
✔ ① 动词式问句要触发，参数是 {kind:learnset,name} (3.104667ms)
✔ ①b 「学得到**的**技能里，哪个威力最高？」也要触发（少了这个"的"整句匹配不上） (0.099375ms)
✔ ② 「X的学习表 / 技能表 / 技能池」也要走 learnset（不是 kind:pet） (0.151417ms)
✔ ③ 回归钉：`CODEX_FIELD` 必须是捕获组（那段 skill 分支曾经恒不生效） (1.806833ms)
✔ ④ fail closed：取不出名字（含"名字明显不是宠物"）就不构造参数 (0.372833ms)
✔ ⑤ 不误伤：49 例里的非学习表问句一条都不许被抓走 (1.184625ms)
✔ ⑥ 开关：显式 ROCO_LEARNSET_LOOKUP=0 才关（默认开） (0.201666ms)
✔ ① 加性校验：合法形状放行，畸形一律 400 并点名 (0.749625ms)
✔ ② 进包：带 lineup 时原样进 packet.lineup，不带时这个键不出现 (7.764875ms)
✔ ③ 结构性：页面只从工作台公开层取、只取 filled、不越层拿 id (0.298708ms)
✔ ④ 六维进包（2026-09-25）：页面把引擎的 stats 带给教练，玩家问"谁最快"才答得出来 (2.900625ms)
✔ ⑤ 结构性：客户端只从页面留着的名单行取六维，且六个键齐全才带 (0.209708ms)
✔ 必红反证：不带 lineup 时畸形的 lineup 不再被这条规则拒绝 (0.052167ms)
✔ ① 五种「该带谁」问法都命中，且参数是整张相性表 (2.996708ms)
✔ ② 49 例真实问句一条都不许被抓走（判据读评测脚本的真源） (0.770417ms)
✔ ③ 不许抢「这一手该出什么」与速度对比（含反证：把禁令去掉就该被抢走） (0.837416ms)
✔ ④ 参数能过工具合同（补上 state_version 之后） (0.267583ms)
✔ ⑤ 开关两态：默认开，显式 ROCO_LINEUP_PICK=0 才关 (0.048333ms)
✔ 金标产物：`--only` 不许覆盖整轮产物，`--from-raw` 要用当前判据重算 (1337.086709ms)
✔ 工具选择口径：答案层改写回执（tool:null）不算工具调用 (10.348417ms)
✔ ① 公开层**不带**工程键，物种由页面按名字唯一匹配解析（两层分界的口径） (161.310917ms)
✔ ② 换招路由必须存在，而且是 **GET**（漏路由的后果是「仅支持 POST」） (0.110666ms)
[roco] 对手候选（我的可用物种）: 536 pet_000007,pet_000008,pet_000009,pet_000010,pet_000011,pet_000012,pet_000013,pet_000014
✔ ③ 引擎真的按换招开局：公开视图里的 loadouts 就是玩家选的那四个 (369.242709ms)
[roco] 对手候选（我的可用物种）: 536 pet_000007,pet_000008,pet_000009,pet_000010,pet_000011,pet_000012,pet_000013,pet_000014
✔ ④ 非法配招必须被引擎拒（fail closed，不是这一层说了算） (370.032917ms)
✔ ⑤ 客户端的四条硬约束（入口只在持有的槽位上、恰好四个才保存、随 emit 交出去、开局按队伍过滤） (0.310916ms)
✔ ⑥ 每个技能都对准那只精灵：按**持有实例**查，池子按只给，键用引擎回的 pet_id (369.071083ms)
✔ ⑥ 重名物种的配招必须带上（按实例解析出的物种过滤，不按名字） (0.2705ms)
✔ ⑦ 反证：老口径（只有名字、没有物种 id）必然解析不出来 —— 这就是被修掉的那件事 (0.695334ms)
✔ ⑧ 结构钉：开局前必须走 battleLoadouts，不许再按名字解析配招 (0.160167ms)
✔ ① on 档包装层如实叫 mlx-local；shadow 档保留 base 的名字（反证） (0.649ms)
✔ ② on 档 4B **真的被调用**（反证：等价修前的写法 ⇒ 一次都不调） (9.568416ms)
✔ ③ 本地失败要如实标降级：provider=local-fallback + 说清原因，不许报成模型答的 (0.610125ms)
✔ ④ 可用性真信号接进决策：本地不可用 + 有 key ⇒ 允许云端（三档链才成立） (0.103917ms)
✔ ⑤ on 档的规划器必须真的能跑（反证：把 planner 对象当函数 ⇒ agentStop=planner-failed） (0.495542ms)
✔ ⑥ 发给 4B 的问句里必须有**玩家原话**（反证：只给草稿 ⇒ 模型不知道在答什么） (0.1535ms)
✔ ⑦ 4B 那一枪真的带上了玩家原话（端到端穿透 packet → 模型） (0.389458ms)
✔ ⑧ 交给 4B 的材料不许夹工程记号（真机实测：它会把 roster_total / hp 原样念给玩家） (0.128875ms)
✔ ① 合规输出按契约取值（answer + basis） (1.048708ms)
✔ ② 六种不合格各自报出**具体原因**（不是一句"格式不对"） (0.169792ms)
✔ ③ **不修剪**：拉丁泄漏是"不合格"，不是"把英文删掉就收下" (0.334125ms)
✔ ④ 契约必须出现在**发给模型的提示词**里（不是只写在注释里） (0.055ms)
✔ ⑤ on 档：不合格 ⇒ 如实降级，并且**分开记账**（没答 vs 答了不合格） (8.309416ms)
✔ ⑥ shadow 档：违规只记账，玩家看到的仍是 base 的结果（不许被本地影响） (0.435333ms)
✔ ⑦ 默认 off 档一个字都不变：模型 0 次调用、契约不参与 (2.423916ms)
✔ ① 每条用例都必须有"必须出现"的要求（否则它判不了任何东西） (0.360208ms)
✔ ② 负对照必须被同一套判据抓住（判据不是空的） (0.6135ms)
✔ ③ 判据不是"一律拒绝"：合规且切题的回答必须通过 (0.082208ms)
✔ ④ 留出：用例问句不许出现在提示词或材料里（拿训练题考自己不算评测） (0.079708ms)
✔ ⑤ 反过拟合：判据只写"必须满足什么"，不许写死某只精灵的标准答案 (0.09825ms)
✔ ⑥ 混英文的回答必须被拒（判的是**正文**，不是被 JSON 包装过的字符串） (0.065833ms)
✔ RC-105 配置：v3 由生成器产出、与磁盘逐字一致，且是候选 (3.13425ms)
✔ RC-105 配置：v3 只新增 mana/actions，energy 与 turn_order 与 v2 逐字相同 (0.146083ms)
✔ RC-105 配置：mana/actions 的每个 kind 都带 confidence，台账等级不许抬 (0.195333ms)
✔ RC-105 配置：仓内原文佐证必须逐字对得上冻结快照 (2.10075ms)
✔ RC-105 校验：非法 mana/actions 必须在落盘前被判红（每条都有反面） (2.522125ms)
✔ RC-105 校验：白名单之外的配置不许偷偷长出 mana（0 不是「没有这条概念」） (0.32225ms)
✔ RC-105 纪律：候选仍被 promotion gate 挡住，且本文件的判据真的在 test:unit 里 (0.5815ms)
✔ ① 加厚的每一条都带事件下标，且能拿同一份事件重算（不是自由文本） (3.03475ms)
✔ ① 关键片段：最重的一击说得出技能名，挨打的那一只用我方公开名字 (0.628542ms)
✔ ① 下一步：三条规则各由本局真实事件触发，条件是事件里那一回合 (0.480042ms)
✔ ② 一条支撑事件都没有 → 一条事实都不产生（不补默认值、不编） (0.14475ms)
✔ ② 逐条删掉支撑事件 → 对应那条必须消失 (0.336708ms)
✔ ③ 反证：把关键行删掉/改小，对应那条必须消失或降级（判据有牙） (0.453ms)
✔ ③ 反证：只看得到一段事件流时，「没有发生」这类话必须闭嘴 (0.154959ms)
✔ ④ 新加的这一层里没有百分数、胜率、概率（含反证格式） (0.373125ms)
✔ 装配层：深一层并入「依据」与正文，老师原有的结论一个字都不改 (0.962291ms)
✔ 真引擎：一局真对局里每条加厚事实都能被同一份事件核对 (334.345375ms)
✔ ① 正文档：每个 ## / ### 小节都带 来源：或 URL (1.74075ms)
✔ ② 正文档：点到本仓实现位置，且这些文件真的存在 (0.4415ms)
✔ ③ 正文档：写明本仓没建的层（星级 / 学习力 / 突破次数） (0.603084ms)
✔ ④ 正文档：主对照表是四列、覆盖六个层 (0.339208ms)
✔ ⑤ 正文档：性格那一条必须把两种解释都写出来（不许替人类拍板） (0.20175ms)
✔ ⑥ 反证：合成的"有结论没出处"文本，同一个检查函数必须报错 (0.170334ms)
✔ ⑦ 反证：加了 URL 就当过 —— 说明①卡的是出处，不是"文本像不像" (0.062375ms)
✔ ⑧ 反证：路径检查可注入 —— 文件不存在必须报，"点了但不存在"不许放过 (0.078083ms)
✔ ⑨ 正文档：整份文档过同一个总检查（正证；反证见 ⑥） (0.440375ms)
[实际] 读数条数 = 9 ；分组 = habits,skill,acceptance
[实际] 够数的读数 = habits.lowHpChoice=0.38(8) habits.afterHintChange=0.39(7) skill.mechanism=0.75(3) skill.transfer=0.6666666666666666(10) skill.progress=1(6) skill.decision=0.61(18)
[实际] 单档够数：rate = 0 ；存下来 value = 0
[实际] RAG_INPUTS = pack,ledger,rulesetDir,heldout,report,evalFixtures ；PLAYER_INPUTS = owned ；三类 = habits,skill,acceptance
[实际] 来源串 = stats:journal stats:quiz+journal stats:stated+journal
[实际] 删掉 = m8:decision:5 ；删除后 habits/skill 缓存还在吗 = false false
[实际] 删掉 3 条换宠依据后 = 0.43 （原 0.5）
[实际] 阈值 = 5 ；QUIZ_MASTERY = {"minIndependent":3,"minVariants":2}
[实际] 空记忆： habits.lowHpChoice=null(n=0,insufficient=true) habits.afterHintChange=null(n=0,insufficient=true) skill.mechanism=null(n=0,insufficient=true) skill.transfer=null(n=0,insufficient=true) skill.progress=null(n=0,insufficient=true) skill.decision=null(n=0,insufficient=true) acceptance.advice=null(n=0,insufficient=true) acceptance.review=null(n=0,insufficient=true) acceptance.talk=null(n=0,insufficient=true)
[实际] 4 条依据 ⇒ {"value":null,"sampleN":4,"insufficient":true,"note":"只有 4 条依据，不够 5 条，不出数"}
[实际] 5 条依据 ⇒ {"value":0.8,"sampleN":5,"insufficient":false}
[实际] REFUSAL_TTL_MS = 21600000 ；DISMISS_WINDOW_MS = 604800000 ；ROLE_SILENCE_MS = 1800000 ；MOOD_TTL_MS = 1800000
[实际] 点掉折算 = advice: 0 review: 1 talk: 0
[实际] 三档 = advice:n=1,v=null review:n=1,v=null talk:n=1,v=null ；acceptRate = null ；evidencedChannels = 0
[实际] 沉默前 = {"rate":null,"n":1,"evidenced":0,"lastDismissAt":"2026-09-25T00:55:06.539Z","channels":{"advice":{"value":null,"sampleN":1,"evidenceIds":["stated:refusal:advice"],"insufficient":true},"review":{"value":null,"sampleN":0,"evidenceIds":[],"insufficient":true},"talk":{"value":null,"sampleN":0,"evidenceIds":[],"insufficient":true}}}
[实际] 沉默后 = {"rate":null,"n":1,"evidenced":0,"lastDismissAt":"2026-09-25T00:55:06.539Z","channels":{"advice":{"value":null,"sampleN":1,"evidenceIds":["stated:refusal:advice"],"insufficient":true},"review":{"value":null,"sampleN":0,"evidenceIds":[],"insufficient":true},"talk":{"value":null,"sampleN":0,"evidenceIds":[],"insufficient":true}}}
[实际] 再点掉一次后 = {"rate":null,"n":1,"evidenced":0,"lastDismissAt":"2026-09-28T12:55:06.539Z","channels":{"advice":{"value":null,"sampleN":1,"evidenceIds":["stated:refusal:advice"],"insufficient":true},"review":{"value":null,"sampleN":0,"evidenceIds":[],"insufficient":true},"talk":{"value":null,"sampleN":0,"evidenceIds":[],"insufficient":true}}}
[实际] 真引擎局面： 烬尾狐 29/98 (阈值 0.3)→ lowHp=true
[实际] 5 条真残血记录 → value=0 sampleN=5 label=残血时更常继续攻击
[实际] 改坏 purgeDerived 后：
  [实际] 断言失败：级联删除：删掉一条 decision 之后习惯读数必须跟着变｜缓存读数没被清掉
  [实际] 通过：样本不足不许断言：1 个样本不许出数
  [实际] 通过：三档时长互不相等且各自生效（6h / 7天 / 30分钟）
  [实际] 通过：沉默不改变接受度读数
  [实际] 结果：3/4 条判据通过；失败 = 级联删除：删掉一条 decision 之后习惯读数必须跟着变
  [实际-失败] 级联删除：删掉一条 decision 之后习惯读数必须跟着变｜缓存读数没被清掉
  
  true !== false
[实际] 把 MEMORY_MIN_SAMPLES 改成 0 后：
  [实际] 通过：级联删除：删掉一条 decision 之后习惯读数必须跟着变
  [实际] 断言失败：样本不足不许断言：1 个样本不许出数｜1 < 5：必须说样本不够
  [实际] 通过：三档时长互不相等且各自生效（6h / 7天 / 30分钟）
  [实际] 通过：沉默不改变接受度读数
  [实际] 结果：3/4 条判据通过；失败 = 样本不足不许断言：1 个样本不许出数
  [实际-失败] 样本不足不许断言：1 个样本不许出数｜1 < 5：必须说样本不够
  
  false !== true
[实际] 把三个时长统一成一个数后：
  [实际] 通过：级联删除：删掉一条 decision 之后习惯读数必须跟着变
  [实际] 通过：样本不足不许断言：1 个样本不许出数
  [实际] 断言失败：三档时长互不相等且各自生效（6h / 7天 / 30分钟）｜点掉一次 7 天
  [实际] 通过：沉默不改变接受度读数
  [实际] 结果：3/4 条判据通过；失败 = 三档时长互不相等且各自生效（6h / 7天 / 30分钟）
  [实际-失败] 三档时长互不相等且各自生效（6h / 7天 / 30分钟）｜点掉一次 7 天
  + actual - expected
  
  + 86400000
  - 604800000
✔ 判据① 三类的每条读数都带 source + evidenceIds + sampleN，且证据指向真实条目 (5.053ms)
✔ 判据② 三类的存储键与 RAG_INPUTS / PLAYER_INPUTS 的 key 交集为空 (0.189542ms)
✔ 判据③ 删掉一条 decision ⇒ 习惯读数与水平维度一起变，缓存读数一起消失 (6.304875ms)
✔ 判据④ 四个样本不出数，第五个才出数；没证据的读数连 value 都没有 (0.400125ms)
✔ 判据⑤ 三个时长互不相等，且各自有独立判据（明说 6h / 点掉 7 天 / 安静 30 分钟） (1.584333ms)
✔ 判据⑥ 沉默（不点掉、不说话、连败）不改变接受度读数 (0.290625ms)
✔ 判据⑦ 真引擎局面喂得进「残血」判据（字段对不上就会是永远 0 样本） (0.622167ms)
✔ 反证① 把 purgeDerived 短路 ⇒ 级联删除的判据必须红 (35.270541ms)
✔ 反证② 把样本门槛改成 0 ⇒「用 1 个样本断言习惯」的判据必须红 (31.655084ms)
✔ 反证③ 把三个时长统一 ⇒ 时长判据必须红 (31.860875ms)
  · [实际输出] ⓪-1 --check = {"ok":true,"reason":"磁盘上的 v1.json 与重新构建的结果逐字节一致"}
  · [实际输出] ⓪-2 校验器结论 = {"ok":true,"problems":[]}
  · [实际输出] ⓪-3 先验规模 = {"meta_prior_id":"roco-meta-prior/v1#2a982b3b8c8e6ab0","archetypes":7,"evidence":21,"evidence_confidence":{"OFFICIAL_CURRENT":0,"RECORDED_IN_GAME":3,"COMMUNITY_CURRENT":2,"CROSS_SOURCE_SUPPORTED":4,"ENGINE_HYPOTHESIS":12,"UNKNOWN":0},"distribution_source":"assumption"}
  · [实际输出] ①-1 禁令键名扫描 = {"banned_keys":20,"hits":[]}
  · [实际输出] ①-2 给体系插 win_rate = {"ok":false,"problems":["[SCHEMA] meta_prior_id：meta_prior_id 是 \"roco-meta-prior/v1#2a982b3b8c8e6ab0\"，按正文重算应为 roco-meta-prior/v1#5ac21f698f1eafca","[BANNED_KEY] archetypes[0].win_rate：这是禁令字段名（禁令与 RC-302 BANNED_CLAIM_KEYS 同源）：它要么给出胜率/榜单式的伪精确结论，要么让人以为这份先验以后会填它。写 null 也不允许——禁令必须是结构性的。"]}
  · [实际输出] ①-3 把禁令字段写成 null 也算（禁令必须是结构性的） = {"ok":false,"problems":["[SCHEMA] meta_prior_id：meta_prior_id 是 \"roco-meta-prior/v1#2a982b3b8c8e6ab0\"，按正文重算应为 roco-meta-prior/v1#2122bf80bd73f1e0","[BANNED_KEY] archetypes[0].tier：这是禁令字段名（禁令与 RC-302 BANNED_CLAIM_KEYS 同源）：它要么给出胜率/榜单式的伪精确结论，要么让人以为这份先验以后会填它。写 null 也不允许——禁令必须是结构性的。"]}
  · [实际输出] ① 体系顶层插 win_rate = {"ok":false,"problems":["[SCHEMA] meta_prior_id：meta_prior_id 是 \"roco-meta-prior/v1#2a982b3b8c8e6ab0\"，按正文重算应为 roco-meta-prior/v1#42e0280daca5a5ef","[BANNED_KEY] archetypes[1].win_rate：这是禁令字段名（禁令与 RC-302 BANNED_CLAIM_KEYS 同源）：它要么给出胜率/榜单式的伪精确结论，要么让人以为这份先验以后会填它。写 null 也不允许——禁令必须是结构性的。"]}
  · [实际输出] ② 把 unknown 改成 measured 但不给来源 = {"ok":false,"problems":["[SCHEMA] meta_prior_id：meta_prior_id 是 \"roco-meta-prior/v1#2a982b3b8c8e6ab0\"，按正文重算应为 roco-meta-prior/v1#55281bb721d3ec19","[DISTRIBUTION] distribution[poison_stack].sources：source=\"measured\" 却没有任何来源：占比必须逐条给 url/文件 + 日期 + 等级，缺来源的数值一律不合法","[DISTRIBUTION] distribution[poison_stack].value_source：measured 必须写清这个数值本身出自哪里：value_source.availability ∈ {available, not_available}，available 时 ref 必须可核对"]}
  · [实际输出] ②b measured 有来源但没有 value_source = {"ok":false,"problems":["[SCHEMA] meta_prior_id：meta_prior_id 是 \"roco-meta-prior/v1#2a982b3b8c8e6ab0\"，按正文重算应为 roco-meta-prior/v1#f2fda01595e93293","[DISTRIBUTION] distribution[poison_stack].value_source：measured 必须写清这个数值本身出自哪里：value_source.availability ∈ {available, not_available}，available 时 ref 必须可核对"]}
  · [实际输出] ③ 给 unknown 项填一个 0.25 = {"ok":false,"problems":["[SCHEMA] meta_prior_id：meta_prior_id 是 \"roco-meta-prior/v1#2a982b3b8c8e6ab0\"，按正文重算应为 roco-meta-prior/v1#85c8dd272e191ba6","[DISTRIBUTION] distribution[sugar_morph].value：source=\"unknown\" 时 value 必须是 null，实际 0.25（我们没有任何真实对局数据，不许用看起来合理的数字填充）"]}
  · [实际输出] ③b 抹掉 unknown 的 reason = {"ok":false,"problems":["[SCHEMA] meta_prior_id：meta_prior_id 是 \"roco-meta-prior/v1#2a982b3b8c8e6ab0\"，按正文重算应为 roco-meta-prior/v1#453a6661e2b1068a","[DISTRIBUTION] distribution[sugar_morph].reason：source=\"unknown\" 时必须写清原因（至少 12 个字符），实际 \"\""]}
  · [实际输出] ③b 实测分布形态 = {"on_disk":["assumption","assumption","assumption","assumption","assumption","assumption","assumption"],"summary":{"measured":0,"assumption":7,"unknown":0},"distribution_source":"assumption"}
  · [实际输出] ③c-1 删掉 basis（假设凭什么成立？） = {"ok":false,"problems":["[SCHEMA] meta_prior_id：meta_prior_id 是 \"roco-meta-prior/v1#2a982b3b8c8e6ab0\"，按正文重算应为 roco-meta-prior/v1#eafedff4c0f58d7b","[DISTRIBUTION] distribution[sugar_morph].basis：source=\"assumption\" 必须给 basis：声明这条假设**凭什么**成立、分母是什么、怎么复算（缺了它就是在编数据）"]}
  · [实际输出] ③c-2 assumption 挂上 sources（会看起来像 measured） = {"ok":false,"problems":["[SCHEMA] meta_prior_id：meta_prior_id 是 \"roco-meta-prior/v1#2a982b3b8c8e6ab0\"，按正文重算应为 roco-meta-prior/v1#68aa137c3e5425b2","[DISTRIBUTION] distribution[sugar_morph].sources：source=\"assumption\" 不许挂 sources：挂了就看起来像 measured。要升级成实测，请把 source 改成 measured 并逐条给 url/文件 + 日期 + 等级"]}
  · [实际输出] ③c-3 把 assumption 的等级抬到 RECORDED_IN_GAME（它是我们选的假设，不是实机事实） = {"ok":false,"problems":["[SCHEMA] meta_prior_id：meta_prior_id 是 \"roco-meta-prior/v1#2a982b3b8c8e6ab0\"，按正文重算应为 roco-meta-prior/v1#17033a3b19c47922","[CONFIDENCE] distribution[sugar_morph].confidence：source=\"assumption\" 只许挂 ENGINE_HYPOTHESIS（它是我们为了有界运行选的假设，不是实机事实），实际 \"RECORDED_IN_GAME\""]}
  · [实际输出] ③c-4 拿掉数值（分母就不存在了） = {"ok":false,"problems":["[SCHEMA] meta_prior_id：meta_prior_id 是 \"roco-meta-prior/v1#2a982b3b8c8e6ab0\"，按正文重算应为 roco-meta-prior/v1#e81b298210e3b6fd","[DISTRIBUTION] distribution[sugar_morph].value：source=\"assumption\" 时 value 必须是 [0,1] 的有限数值（它是占比），实际 null"]}
  · [实际输出] ③c-5 分母写成 0 = {"ok":false,"problems":["[SCHEMA] meta_prior_id：meta_prior_id 是 \"roco-meta-prior/v1#2a982b3b8c8e6ab0\"，按正文重算应为 roco-meta-prior/v1#cda97e9407ed7277","[DISTRIBUTION] distribution[sugar_morph].basis.denominator：basis.denominator 必须是正有限数（分母是这条假设的核心），实际 0","[DISTRIBUTION] distribution[sugar_morph].basis.recomputable_from：basis.recomputable_from 必须写清**谁来复算**（脚本/产物路径），否则这条假设不可复核"]}
  · [实际输出] ④ 把种子换成一个 pack 里没有的名字 = {"ok":false,"problems":["[SCHEMA] meta_prior_id：meta_prior_id 是 \"roco-meta-prior/v1#2a982b3b8c8e6ab0\"，按正文重算应为 roco-meta-prior/v1#cf6dc74cc50bba52","[SEED_SPECIES] archetypes[meteor_burst].seed_species[0]：陨星龙王 不在 pack 的 pet 实体里（pack 现有 504 个名字）——先验不许写环境里不存在的精灵"]}
  · [实际输出] ④ 可核对面 = {"pack_pet_names":504,"pack_pet_entities":622}
  · [实际输出] ④b 沙暴体系实况 = {"seed_species":[],"seed_selection":"none_available","needs_recording":3}
  · [实际输出] ④b 把 none_available 抹掉 = {"ok":false,"problems":["[SCHEMA] meta_prior_id：meta_prior_id 是 \"roco-meta-prior/v1#2a982b3b8c8e6ab0\"，按正文重算应为 roco-meta-prior/v1#17dd9e1aa612eef1","[SEED_SPECIES] archetypes[sandstorm_weather].seed_species：没有种子物种时，必须声明 seed_selection.source=\"none_available\"、写清 note、并且 needs_recording 非空（实际 source=\"learnable_move_keyword\"、needs_recording=0 条）"]}
  · [实际输出] ⑤ 体系用了一个不在六级里的等级 = {"ok":false,"problems":["[SCHEMA] meta_prior_id：meta_prior_id 是 \"roco-meta-prior/v1#2a982b3b8c8e6ab0\"，按正文重算应为 roco-meta-prior/v1#05d199824f42407d","[CONFIDENCE] archetypes[poison_stack].confidence：confidence 不在台账六级里：\"VERIFIED_OFFICIAL\"（六级 = OFFICIAL_CURRENT / RECORDED_IN_GAME / COMMUNITY_CURRENT / CROSS_SOURCE_SUPPORTED / ENGINE_HYPOTHESIS / UNKNOWN）"]}
  · [实际输出] ⑤b 逐条证据用了一个不在六级里的等级 = {"ok":false,"problems":["[SCHEMA] meta_prior_id：meta_prior_id 是 \"roco-meta-prior/v1#2a982b3b8c8e6ab0\"，按正文重算应为 roco-meta-prior/v1#0bcee6d0ff3d432f","[CONFIDENCE] archetypes[poison_stack].evidence[0].confidence：confidence 不在台账六级里：\"STRONG\""]}
  · [实际输出] ⑤ 实际用到的等级 = {"used":["COMMUNITY_CURRENT","CROSS_SOURCE_SUPPORTED","ENGINE_HYPOTHESIS","RECORDED_IN_GAME"],"legal":["OFFICIAL_CURRENT","RECORDED_IN_GAME","COMMUNITY_CURRENT","CROSS_SOURCE_SUPPORTED","ENGINE_HYPOTHESIS","UNKNOWN"]}
  · [实际输出] ⑤c-1 台账锚点 = {"ledger_entry":"EV-TYPE-MULTIPLIER","ref":"https://wiki.biligame.com/nrc/深渊罗隐","date":"2026-09-21","confidence":"RECORDED_IN_GAME","claim":"台账 EV-TYPE-MULTIPLIER（topic type.multiplier，RECORDED_IN_GAME）：2026-09-25 人类裁决「属性双属性叠加：快照 3×（现用）vs 两个社区源 4×，差 41 格。使用社区源」⇒ **双属性按两系相乘**（双克制 ×4、双抵抗 ×0.25、一克一抗 ×1.0；单属性仍 ×2 / ×0.5 / ×1）。这是本先验的 coverage / synergy 判据所依赖的那种倍率。"}
  · [实际输出] ⑤c-2 抬高等级 = {"ok":false,"problems":["[SCHEMA] meta_prior_id：meta_prior_id 是 \"roco-meta-prior/v1#2a982b3b8c8e6ab0\"，按正文重算应为 roco-meta-prior/v1#9d72125517a1c07a","[CONFIDENCE] archetypes[poison_stack].evidence[2].confidence：台账 EV-TYPE-MULTIPLIER 的等级是 RECORDED_IN_GAME，这里写的是 OFFICIAL_CURRENT（等级只能与台账一致）"]}
  · [实际输出] ⑤c-3 换掉首要来源 = {"ok":false,"problems":["[SCHEMA] meta_prior_id：meta_prior_id 是 \"roco-meta-prior/v1#2a982b3b8c8e6ab0\"，按正文重算应为 roco-meta-prior/v1#d96952de4592290e","[EVIDENCE] archetypes[poison_stack].evidence[2].ref：台账 EV-TYPE-MULTIPLIER 的首要来源是 \"https://wiki.biligame.com/nrc/深渊罗隐\"，这里写的是 \"https://example.com/别的页面\""]}
  · [实际输出] ⑤c-4 指向不存在的台账条目 = {"ok":false,"problems":["[SCHEMA] meta_prior_id：meta_prior_id 是 \"roco-meta-prior/v1#2a982b3b8c8e6ab0\"，按正文重算应为 roco-meta-prior/v1#693bd909d97bbfa3","[EVIDENCE] archetypes[poison_stack].evidence[2].ledger_entry：台账里没有 EV-NOT-IN-LEDGER（“我们记在台账里了”如果台账里没有，和没记是一样的）"]}
  · [实际输出] ⑥a 指向一个仓里不存在的文件 = {"ok":false,"problems":["[SCHEMA] meta_prior_id：meta_prior_id 是 \"roco-meta-prior/v1#2a982b3b8c8e6ab0\"，按正文重算应为 roco-meta-prior/v1#84fc27a567285b12","[EVIDENCE] archetypes[poison_stack].evidence[0].ref：ref 既不是 http(s)、也不是仓里真实存在的文件：\"docs/roco/根本不存在.md\""]}
  · [实际输出] ⑥b 抹掉日期 = {"ok":false,"problems":["[SCHEMA] meta_prior_id：meta_prior_id 是 \"roco-meta-prior/v1#2a982b3b8c8e6ab0\"，按正文重算应为 roco-meta-prior/v1#a647a59f9d7a95a8","[EVIDENCE] archetypes[poison_stack].evidence[0].date：date 必须是 YYYY-MM-DD，实际 \"\""]}
  · [实际输出] ⑥c 用一个既不是 http(s) 也不是仓内文件的 scheme = {"ok":false,"problems":["[SCHEMA] meta_prior_id：meta_prior_id 是 \"roco-meta-prior/v1#2a982b3b8c8e6ab0\"，按正文重算应为 roco-meta-prior/v1#ee89802163edca60","[EVIDENCE] archetypes[poison_stack].evidence[0].ref：ref 既不是 http(s)、也不是仓里真实存在的文件：\"ftp://example.com/x\""]}
  · [实际输出] ⑥ 实际引用清单 = ["data/roco/evidence/rule-evidence-ledger.json","data/roco/normalized/roco-world-s4-2026-09-10/skills.json","docs/roadmap/handoff-revised-2026-09-21/13-PVP-SIX-PET-LOW-LATENCY-DESIGN.md","https://news.17173.com/content/03182026/104940843.shtml","https://wiki.biligame.com/nrc/深渊罗隐","https://wiki.biligame.com/nrc/特性列表","https://wiki.biligame.com/nrc/邪眼巨魔","https://zhuanlan.zhihu.com/p/2040741873246024568","roco/src/roco_env/env.py#L59"]
  · [实际输出] ⑦ 把版本作用域四项全删掉 = {"ok":false,"problems":["[SCHEMA] meta_prior_id：meta_prior_id 是 \"roco-meta-prior/v1#2a982b3b8c8e6ab0\"，按正文重算应为 roco-meta-prior/v1#927695e9b2501f4f","[SCHEMA] version_scope.season：版本作用域的 season 缺失或为空（实际值 null）——缺它这份先验就说不清管的是哪一版","[SCHEMA] version_scope.ruleset_id：版本作用域的 ruleset_id 缺失或为空（实际值 null）——缺它这份先验就说不清管的是哪一版","[SCHEMA] version_scope.ruleset_config_id：版本作用域的 ruleset_config_id 缺失或为空（实际值 null）——缺它这份先验就说不清管的是哪一版","[SCHEMA] version_scope.as_of：版本作用域的 as_of 缺失或为空（实际值 null）——缺它这份先验就说不清管的是哪一版"]}
  · [实际输出] ⑦ 逐项报错 = ["[SCHEMA] version_scope.season：版本作用域的 season 缺失或为空（实际值 null）——缺它这份先验就说不清管的是哪一版","[SCHEMA] version_scope.ruleset_id：版本作用域的 ruleset_id 缺失或为空（实际值 null）——缺它这份先验就说不清管的是哪一版","[SCHEMA] version_scope.ruleset_config_id：版本作用域的 ruleset_config_id 缺失或为空（实际值 null）——缺它这份先验就说不清管的是哪一版","[SCHEMA] version_scope.as_of：版本作用域的 as_of 缺失或为空（实际值 null）——缺它这份先验就说不清管的是哪一版"]
  · [实际输出] ⑧-1 两次构建 = {"first_bytes":32796,"second_bytes":32796,"identical":true}
  · [实际输出] ⑧-2 排序实测 = {"archetype_ids":["poison_stack","wing_king_flyer","meteor_burst","sugar_morph","ice_control","sandstorm_weather","fighting_press"],"seed_species_sample":["刺盔虫","千棘海针","千棘盔","厉毒修萝","厉毒小萝","古啦多"]}
  · [实际输出] ⑧-3 故意改一个字节之后的 --check = {"ok":false,"reason":"磁盘上的 v1.json 与重新构建的结果不一致：第 808 行起不同\n  重建：\"    \\\"as_of\\\": \\\"2026-09-21\\\",\"\n  磁盘：\"    \\\"as_of\\\": \\\"2026-09-20\\\",\""}
  · [实际输出] ⑨-1 用到的判据 = {"used":["cost","coverage","energy","pivot","respond","speed","synergy"],"legal":["coverage","speed","energy","respond","pivot","synergy","cost"]}
  · [实际输出] ⑨-2 台账六级 = {"levels":["OFFICIAL_CURRENT","RECORDED_IN_GAME","COMMUNITY_CURRENT","CROSS_SOURCE_SUPPORTED","ENGINE_HYPOTHESIS","UNKNOWN"],"ledger_levels":["OFFICIAL_CURRENT","RECORDED_IN_GAME","COMMUNITY_CURRENT","CROSS_SOURCE_SUPPORTED","ENGINE_HYPOTHESIS","UNKNOWN"]}
  · [实际输出] ⑨-3 用自创形容词当判据 = {"ok":false,"problems":["[SCHEMA] meta_prior_id：meta_prior_id 是 \"roco-meta-prior/v1#2a982b3b8c8e6ab0\"，按正文重算应为 roco-meta-prior/v1#251ba29492ddf200","[CRITERION] archetypes[poison_stack].feature_axes[0].axis：axis 不在 RC-302 的七维里：\"看起来很压制\"","[CRITERION] archetypes[poison_stack].feature_axes[0].criterion：criterion 不是 src/coach/team-gaps.js#DIMENSION_CRITERIA 的判据 ID：\"看起来很压制\"（合法 ID：coverage / speed / energy / respond / pivot / synergy / cost）——先验不许自创形容词"]}
  · [实际输出] ⑩-1 引用角色 = {"roles":["rule_evidence_ledger","game_data_pack","ruleset_config","catalog_reconciliation","pack_schema"],"required":["rule_evidence_ledger","game_data_pack","ruleset_config","catalog_reconciliation"]}
  · [实际输出] ⑩-2 把 pack 的 sha256 改成错的 = {"ok":false,"problems":["[SCHEMA] meta_prior_id：meta_prior_id 是 \"roco-meta-prior/v1#2a982b3b8c8e6ab0\"，按正文重算应为 roco-meta-prior/v1#e784b1f257b097ea","[DERIVED_FROM] derived_from[1].sha256：data/roco/game-data-pack/v2/pack.json 的 sha256 与磁盘不一致：先验写 ffffffffffffffffffffffffffffffffffffffffffffffffffffffffffffffff，磁盘是 d264cef5a1aa1838f3ca7d27baf2b6b9ce989c0c863acd48c31d9010927ce379"]}
  · [实际输出] ⑩-3 删掉台账引用 = {"ok":false,"problems":["[SCHEMA] meta_prior_id：meta_prior_id 是 \"roco-meta-prior/v1#2a982b3b8c8e6ab0\"，按正文重算应为 roco-meta-prior/v1#3a45f3700a5e3215","[DERIVED_FROM] derived_from：缺少角色 rule_evidence_ledger（应指向 data/roco/evidence/rule-evidence-ledger.json）"]}
  · [实际输出] ⑩-4 实际引用 = ["rule_evidence_ledger=data/roco/evidence/rule-evidence-ledger.json#267e9b4eeb85…","game_data_pack=data/roco/game-data-pack/v2/pack.json#d264cef5a1aa…","ruleset_config=data/roco/rulesets/legacy-sim-v1.json#9f7740dedee8…","catalog_reconciliation=reports/roco/reconciliation/catalog-reconciliation.json#977610773868…","pack_schema=data/roco/game-data-pack/v2/schema.json#7ed3f4b16307…"]
  · [实际输出] ⑪-1 磁盘 ID 与重算 ID = {"on_disk":"roco-meta-prior/v1#2a982b3b8c8e6ab0","recomputed":"roco-meta-prior/v1#2a982b3b8c8e6ab0","builder":"roco-meta-prior/v1#2a982b3b8c8e6ab0"}
  · [实际输出] ⑪-2 改正文不改 ID = {"ok":false,"problems":["[SCHEMA] meta_prior_id：meta_prior_id 是 \"roco-meta-prior/v1#2a982b3b8c8e6ab0\"，按正文重算应为 roco-meta-prior/v1#b109c04b3c9f2bfe"]}
  · [实际输出] ⑫-1 口径清单 = {"keys":["expected_meta_value","worst_archetype","matchup_spread","execution_tolerance","coverage_confidence"],"required":["expected_meta_value","worst_archetype","matchup_spread","execution_tolerance","coverage_confidence"]}
  · [实际输出] ⑫-2 删掉一个口径 = {"ok":false,"problems":["[SCHEMA] meta_prior_id：meta_prior_id 是 \"roco-meta-prior/v1#2a982b3b8c8e6ab0\"，按正文重算应为 roco-meta-prior/v1#29412e18dd17b776","[USAGE] usage.inputs.worst_archetype：缺少 RC-304 输入口径 worst_archetype"]}
  · [实际输出] ⑫-3 先验不能用来做什么 = 这份先验**不能用来排序队伍**：它没有任何真实对局数据，distribution 全部是 unknown。它现在能做的只有三件事：定义这一版环境里有哪些可识别的体系、给出每个体系的可复算特征轴、把「我们还缺什么实机证据」列清楚。任何拿它当强度榜用的做法，都越过了它自己写下的边界。
  · [实际输出] ⑬-1 schema = {"schema":"roco-meta-prior-schema/v1","meta_prior_schema":"roco-meta-prior/v1","confidence_enum":["OFFICIAL_CURRENT","RECORDED_IN_GAME","COMMUNITY_CURRENT","CROSS_SOURCE_SUPPORTED","ENGINE_HYPOTHESIS","UNKNOWN"],"axis_enum":["coverage","speed","energy","respond","pivot","synergy","cost"],"criterion_source":"src/coach/team-gaps.js#DIMENSION_CRITERIA（RC-302）"}
  · [实际输出] ⑬-2 审计规则 = ["SCHEMA：顶层 schema / meta_prior_id 不对，或版本作用域缺赛季、ruleset_id、ruleset_config_id、as_of 里的任意一项 ⇒ 红","BANNED_KEY：任何层级出现胜率 / 榜单 / 强度分一类**键名**（写成 null 也算）⇒ 红","ARCHETYPE_SHAPE：体系缺必填字段、archetype_id 不合 ^[a-z][a-z0-9_]*$、或 archetype_id 重复 ⇒ 红","SEED_SPECIES：`seed_species[]` 里的物种在 pack 的 pet 实体里不存在 ⇒ 红（写了一个不存在的精灵名，等于编造环境里有它）","SEED_SELECTION：体系没有任何种子物种却不声明 seed_selection.source=\"none_available\" 且 needs_recording 为空 ⇒ 红","CRITERION：feature_axes[].criterion 不是 RC-302 已实现的判据 ID（自创形容词）⇒ 红","EVIDENCE：某条 evidence 的 ref 既不是 http(s)、也不是仓里真实存在的文件，或缺 date / confidence ⇒ 红","CONFIDENCE：confidence 用了台账六级之外的等级 ⇒ 红","DISTRIBUTION：distribution 缺某个体系的一条；`measured` 却没有来源 → 红；`unknown` 却带非 null value 或没有 reason → 红","USAGE：usage.inputs 缺 RC-304 的五个口径之一，或某个口径没有可读说明 ⇒ 红","DERIVED_FROM：derived_from 缺必需角色、引用的文件不存在、或 sha256 与磁盘不一致 ⇒ 红（先验引用的产物已经变了）","CHECK：`--check` 时磁盘上的 v1.json 与重新构建的结果不一致（含排序）⇒ 红"]
  · [实际输出] ⑭-1 报告可复跑 = {"bytes":26549,"deterministic":true,"distribution_source":"assumption"}
  · [实际输出] ⑭-2 报告头 = {"report_version":"roco-rc304-metaprior-report/v1","meta_prior_id":"roco-meta-prior/v1#2a982b3b8c8e6ab0","archetypes":7,"evidence_confidence":{"OFFICIAL_CURRENT":0,"RECORDED_IN_GAME":3,"COMMUNITY_CURRENT":2,"CROSS_SOURCE_SUPPORTED":4,"ENGINE_HYPOTHESIS":12,"UNKNOWN":0},"distribution_source":"assumption"}
  · [实际输出] ⑭-2b 报告里的必红方向 = ["1 给某个体系填 win_rate ⇒ 红 → passed=true","1b 把禁令字段写成 null 也 ⇒ 红 → passed=true","2 distribution 缺来源却写成 measured ⇒ 红 → passed=true","2b measured 有来源却没写清数值出自哪里 ⇒ 红 → passed=true","3 unknown 却带非 null value ⇒ 红 → passed=true","3b unknown 没有 reason ⇒ 红 → passed=true","3c-1 assumption 缺 basis（假设凭什么成立）⇒ 红 → passed=true","3c-2 assumption 挂上 sources（会看起来像 measured）⇒ 红 → passed=true","3c-3 assumption 把等级抬到 RECORDED_IN_GAME ⇒ 红 → passed=true","3c-4 assumption 分母写成 0 ⇒ 红 → passed=true","4 seed_species 引用不存在的精灵 ⇒ 红 → passed=true","5 confidence 用了台账之外的等级 ⇒ 红 → passed=true","5c 逐条证据的等级与台账不一致 ⇒ 红 → passed=true","6 evidence 的 url/文件不可核对 ⇒ 红 → passed=true","7 version_scope 缺赛季或 ruleset ⇒ 红 → passed=true","9 feature_axes 用自创形容词当判据 ⇒ 红 → passed=true","10 derived_from 的 sha256 与磁盘不一致 ⇒ 红 → passed=true","11 改了正文却不更新 meta_prior_id ⇒ 红 → passed=true","13 空种子却不声明 none_available ⇒ 红 → passed=true"]
  · [实际输出] ⑭-3 与磁盘上的报告对照 = {"on_disk":"roco-meta-prior/v1#2a982b3b8c8e6ab0","built":"roco-meta-prior/v1#2a982b3b8c8e6ab0"}
✔ RC-304-0 基线：磁盘上的 v1.json 与重建结果逐字节一致，且自检通过 (9.431708ms)
✔ RC-304-1 先验只产出「体系 + 可复算特征轴 + 不知道」，不含任何胜率或榜单结论 (16.861084ms)
✔ RC-304-① 给某个体系填 win_rate 必须红（BANNED_KEY） (8.286584ms)
✔ RC-304-② distribution 缺来源却写成 measured 必须红（DISTRIBUTION） (8.302917ms)
✔ RC-304-②b 就算补了来源，没写清数值出自哪里也必须红（DISTRIBUTION.value_source） (8.4205ms)
✔ RC-304-③ unknown 却带非 null value 必须红（DISTRIBUTION） (8.0325ms)
✔ RC-304-③b unknown 没有 reason 必须红；分布形态如实是「有分母但不是实测」(assumption) (7.966667ms)
✔ RC-304-③c assumption 档自己的牙：缺 basis / 挂 sources / 抬等级 / 拿掉数值 都必须红 (46.521041ms)
✔ RC-304-④ seed_species 引用不存在的精灵必须红（SEED_SPECIES） (7.935083ms)
✔ RC-304-④b 空种子必须显式声明 none_available + 挂上待录证据 (8.102292ms)
✔ RC-304-⑤ confidence 用了台账之外的等级必须红（CONFIDENCE） (15.805166ms)
✔ RC-304-⑤c 逐条证据必须能被台账核对：等级与首要来源都不许自己抄一份 (23.76175ms)
✔ RC-304-⑥ evidence 的 url/文件不可核对必须红（EVIDENCE） (23.899542ms)
✔ RC-304-⑦ version_scope 缺赛季或 ruleset 必须红（SCHEMA） (8.060708ms)
✔ RC-304-⑧ 构建器两次运行结果必须逐字节一致（含排序） (30.00925ms)
✔ RC-304-⑨ feature_axes 复用 RC-302 判据，等级只有台账那一份定义 (8.980958ms)
✔ RC-304-⑩ derived_from 的 sha256 与磁盘一致，先验只是引用 (15.988667ms)
✔ RC-304-⑪ meta_prior_id 与正文自洽：改一个字节就换一个 ID (8.030209ms)
✔ RC-304-⑫ usage 覆盖 RC-304 的五个口径，且每个都写了诚实边界 (8.066375ms)
✔ RC-304-⑬ schema.json 与判据同源，没有第二份定义 (0.207458ms)
✔ RC-304-⑭ 机器可读报告可复跑，且报告里的分布形态与先验如实一致 (398.173417ms)
✔ ① 政策判不必查 + 答复有据 ⇒ 金标过期（不是能力缺口） (0.325959ms)
✔ ② 反证：政策判不必查但答复**没**依据 ⇒ 必须算真缺口（不许洗成金标过期） (0.05275ms)
✔ ③ 模型自己没调 / 记账缺失 / 没欠调用，各归各的桶 (0.688625ms)
✔ 判据①：任务类型映射（teacher/复盘/局末教学/开放性提问/局内取舍） (1.043375ms)
✔ 判据②：三条条件逐条都能单独把云端挡掉（每条一个用例） (0.089708ms)
✔ 判据③：默认方向是「不发」（缺省参数不许悄悄变成先问云端） (0.063417ms)
✔ 判据④（反证）：把任务条件去掉 ≡「一律先问云端」⇒ 局内取舍与事实短问也会发云端（这条必须红） (0.049667ms)
✔ 判据⑤（接线）：服务端真的用这个决策选 provider，且默认（local=off）行为不变 (0.399959ms)
✔ 模型面板：必须如实标出「有没有接线」与证据，27B 不许被读成已可用 (1.028083ms)
✔ 结构守卫：名字引用必须登记；真出现了 27B 的调用路径必须红，逼着同步改面板标签与证据 (44.28825ms)
✔ 必红反证：真的给 27B 接了调用 ⇒ 同一条纯函数判据必须报（白名单也藏不住） (0.471584ms)
✔ 反向反证：名字只出现在注释/字符串表/夹具键 ⇒ 不算调用路径，但未登记仍要人复核 (0.117792ms)
✔ ① 种族值来自归一化图鉴文件（不是抄进代码的数） (3.881333ms)
✔ ② 查不到就 null（不许拿别的数顶） (0.194875ms)
✔ ③ 「换来什么 + 牺牲什么」两边都必须是现算的面板差值 (0.393166ms)
✔ ④ 防止纯机器算：每条建议都必须带"代价"，只报数不算合格 (4.984958ms)
✔ ⑤ 排序规则写在明面上：先看你要的项，再看净收益 (0.795666ms)
✔ ⑥ 比两个个体：缺数据必须留白（天分 0 / 性格未知都要说出来） (0.214709ms)
✔ ⑦ 防过拟合：种族值随机生成，建议必须跟着变；文本里不许出现精灵名 (4.8305ms)
✔ ⑧ 数字只有一个来源：说法层不自己实现公式（改了 talent.js 就跟着变） (0.406834ms)
✔ ⑨ 只认这三种形状；相性/技能/图鉴/阵容/闲聊一律不许被吃掉 (0.540042ms)
✔ ⑩ 端到端：本地成句、0 次规划器调用，答案必须带取舍句；查不到就如实说 (11.364542ms)
✔ ⑪ 浏览器安全：数据用生成常量，模块里不许静态 import node:*，生成物与源逐值一致 (0.544958ms)
✔ ⑫ 同名**不同种**不许当成"两个个体"比（真机抓到的错） (0.234083ms)
✔ ① 页面文件与静态清单：培养页整页退役 (0.392958ms)
✔ ② 旧 URL 302 到盒子页（书签不许落 404） (39.168167ms)
✔ ③ 没有任何页面再链到培养页（两个入口按钮一起删） (1.731834ms)
✔ ④ 玩家可见文案里不再提供加点（"没有加点"这种如实否定句放行） (3.39725ms)
✔ ⑤ 教练那一侧：加点问句本地答"没有加点"，一个旧数都不报 (0.64025ms)
  · [实际] 新鲜度 {
  artifact_sha: 'e4bda73dc77a5e8a',
  disk_sha: 'e4bda73dc77a5e8a',
  count: 542,
  source: 'data/roco/normalized/roco-world-s4-2026-09-10/support-matrix.json#pets[].candida'
}
  · [反证] sha0 derived_from_stale
  · [反证] noblock derived_from_stale
  · [实际] 覆盖 {
  catalog_pets: 622,
  built: 622,
  skipped: 0,
  full: 542,
  unverified: 80
}
  · [实际] 推算配招与冻结配招逐位相同的物种数 = 0
  · [实际] 产物里「来源没给威力」的技能槽位数 = 1 （这些一律是 null，不是 0）
  · [实际] 排序结果 = s0 < s1 < s2
  · [实际] 池子太小 → 可解析的战斗技能只有 0 个（需要 4 个）；另外 2 条引用解析不到/是特性：skill_1、skill_2
  · [实际] 编一个该物种学不到的技能 → skill_not_in_pool：skill_999999 不在该物种的 learnable_skills 里
  · [实际] 四个技能里塞重复 → skills_duplicate：四个技能里有重复：skill_000612、skill_000612、skill_000621、skill_000518
  · [实际] 把已核验的标成推算 → summary_full：summary.FULL_VERIFIED=542 实际 541
  · [实际] 同一只既编出 build 又登记跳过 → coverage_overlap：同一只既编出了 build、又登记成跳过（账目对不上）
  · [实际] 把选择规则的等级偷偷升成官方口径 → selection_rule_confidence：选择规则必须登记为 ENGINE_HYPOTHESIS（它不是游戏规则）
✔ 产物存在且真的能过检查（这条红了就是真问题） (22.366291ms)
✔ 产物新鲜度：derived_from 的 frozen sha 必须等于当前冻结层（过期就红） (67.937584ms)
✔ 覆盖账目自洽：622 只 = 已核验 542 + 推算 80（且没有既编又跳过的） (9.604834ms)
✔ 每个技能都能追溯：在该物种的学招表里，且在冻结 skills.json 里解析得到 (10.454375ms)
✔ 「已核验」与「推算」永不混淆：冻结那一份原样带出，推算的一律不带 (10.63575ms)
✔ 威力来源没给就照实说：不补 0、power_status 与冻结数据逐字一致 (10.872583ms)
✔ 选择规则是工程启发式，且排序键确定（同分有显式 tie-break） (0.246958ms)
✔ compileBuild 的 fail closed：池子太小 / 有特性 / 解析不到 ⇒ 拒绝而不是硬凑 (0.131959ms)
✔ 必红方向：改坏产物之后，同一个检查器必须抓住（逐条打印实际输出原文） (22.414542ms)
✔ 自带用例（lib 的 --selftest 同一份代码）必须全绿 (0.667542ms)
  · [实际输出] ① 全量索引下的均匀基线 = {"available":true,"universe_size":622,"expected_per_candidate":{"numerator":1,"denominator":622,"value":0.001607717042,"unit":"均匀分布的期望权重 = 1 / 候选宇宙大小（**无信息基线**，不是强度、不是胜率）","applies_to":"候选宇宙里的**每一条**候选（等权）"}}
  · [实际输出] ① 小 catalog 下的均匀基线 = {"available":true,"universe_size":3,"expected":{"numerator":1,"denominator":3,"value":0.333333333333,"unit":"均匀分布的期望权重 = 1 / 候选宇宙大小（**无信息基线**，不是强度、不是胜率）","applies_to":"候选宇宙里的**每一条**候选（等权）"},"full_universe":622}
  · [实际输出] ① 没有 catalog = {"available":false,"unknown_reason":"缺**候选宇宙**：没有注入 catalog（或注入的 catalog 里一条候选都数不出来）。均匀分布的分母 = 候选宇宙大小，没有宇宙就没有分母；本模块**不写死** 48 / 600 / 622 这类数字（写死分母 = 编数据）。拿法：注入 `buildCandidateIndex(await loadTeamCandidatesInputs({root}))`（RC-303 的同一份索引）。"}
  · [实际输出] ① 把 universe_size 改成写死的 48 之后的审计 = {"ok":false,"problems":["[DENOMINATOR_NOT_FROM_DATA] beliefs.uniform.expected_per_candidate：期望权重必须是 1 / universe_size（分母 = 从数据数出来的候选宇宙大小），实际 {\"numerator\":1,\"denominator\":622,\"value\":0.001607717042,\"unit\":\"均匀分布的期望权重 = 1 / 候选宇宙大小（**无信息基线**，不是强度、不是胜率）\",\"applies_to\":\"候选宇宙里的**每一条**候选（等权）\"}、universe_size=48","[DENOMINATOR_NOT_FROM_DATA] beliefs.uniform.weights.candidate_count：声明的候选数 622 与 universe_size 48 不一致：同一份信念里同一个分母只能有一个值"]}
  · [实际输出] ① 把 universe_size 改成写死的 600 之后的审计 = {"ok":false,"problems":["[DENOMINATOR_NOT_FROM_DATA] beliefs.uniform.expected_per_candidate：期望权重必须是 1 / universe_size（分母 = 从数据数出来的候选宇宙大小），实际 {\"numerator\":1,\"denominator\":622,\"value\":0.001607717042,\"unit\":\"均匀分布的期望权重 = 1 / 候选宇宙大小（**无信息基线**，不是强度、不是胜率）\",\"applies_to\":\"候选宇宙里的**每一条**候选（等权）\"}、universe_size=600","[DENOMINATOR_NOT_FROM_DATA] beliefs.uniform.weights.candidate_count：声明的候选数 622 与 universe_size 600 不一致：同一份信念里同一个分母只能有一个值"]}
  · [实际输出] ① 自洽写死（不注入 catalog）时的审计 = {"ok":true,"problems":[]}
  · [实际输出] ① 自洽写死 + 注入 catalog 的审计 = {"ok":false,"problems":["[DENOMINATOR_NOT_FROM_DATA] beliefs.uniform.universe_size：声明的分母 48 与从注入数据现数的候选宇宙 622 不一致：分母只能来自数据（写死 48 / 600 / 622 都会被这一条抓住）"]}
  · [实际输出] ② 声明原文 = 均匀分布的 1/N **是无信息基线**（每条候选一样重），它**不是**强度判断、不是胜率、不是「谁更该带」：它唯一的用途是当对照基线，让「加了公开事实之后权重变了多少」这件事可被量出来。
  · [实际输出] ② 红线清单 = ["不是强度判断：等权意味着**没有**任何「谁更强 / 谁更该带」的信息","不是胜率、不是对局预测：1/N 只是权重分母","不是版本环境占比：环境占比要真实对局频次数据（见 frequencyBelief()，本仓现在没有）","用途只有一个：当对照基线，量「加了公开事实之后权重变了多少」"]
  · [实际输出] ② 去掉无信息声明的审计 = {"ok":false,"problems":["[NON_INFORMATIVE_NOT_DECLARED] beliefs.uniform.red_lines：信念没有 red_lines[]：必须写清「这份权重不能用来做什么」","[NON_INFORMATIVE_NOT_DECLARED] beliefs.uniform.declared_semantics：给 expected_per_candidate 时必须同时声明它是**无信息基线**、**不是**强度判断 / 胜率"]}
  · [实际输出] ③ 正常公开事实的读取结果 = {"ok":true,"leaked":[],"ignored":[]}
  · [实际输出] ③ 越界输入 opponent.revealed_pets[0].moves = {"ok":false,"leaked":["opponent.revealed_pets[0].moves"]}
  · [实际输出] ③ opponent.revealed_pets[0].moves 改成「过滤掉之后照样出权重」的审计 = {"ok":false,"problems":["[AVAILABILITY_SHAPE] beliefs.revealed_conditioned.unknown_reason：available:true 却带着 unknown_reason：可用与未知不能同时声明","[PUBLIC_FACTS_BOUNDARY] beliefs.revealed_conditioned.leaked_fields：公开事实越界（opponent.revealed_pets[0].moves）却仍然 available:true：越界必须拒绝整个输入，不许静默过滤后照样出权重","[RULE_LEDGER_INCOMPLETE] beliefs.revealed_conditioned.rule_ledger：规则账本必须逐条列出 3 条规则（含 not_applied 的），实际 0 条"]}
  · [实际输出] ③ 越界输入 opponent.active.loadout = {"ok":false,"leaked":["opponent.active[0].loadout"]}
  · [实际输出] ③ opponent.active.loadout 改成「过滤掉之后照样出权重」的审计 = {"ok":false,"problems":["[AVAILABILITY_SHAPE] beliefs.revealed_conditioned.unknown_reason：available:true 却带着 unknown_reason：可用与未知不能同时声明","[PUBLIC_FACTS_BOUNDARY] beliefs.revealed_conditioned.leaked_fields：公开事实越界（opponent.active[0].loadout）却仍然 available:true：越界必须拒绝整个输入，不许静默过滤后照样出权重","[RULE_LEDGER_INCOMPLETE] beliefs.revealed_conditioned.rule_ledger：规则账本必须逐条列出 3 条规则（含 not_applied 的），实际 0 条"]}
  · [实际输出] ③ 越界输入 opponent.revealed_pets[0].hp = {"ok":false,"leaked":["opponent.revealed_pets[0].hp","opponent.revealed_pets[0].max_hp"]}
  · [实际输出] ③ opponent.revealed_pets[0].hp 改成「过滤掉之后照样出权重」的审计 = {"ok":false,"problems":["[AVAILABILITY_SHAPE] beliefs.revealed_conditioned.unknown_reason：available:true 却带着 unknown_reason：可用与未知不能同时声明","[PUBLIC_FACTS_BOUNDARY] beliefs.revealed_conditioned.leaked_fields：公开事实越界（opponent.revealed_pets[0].hp / opponent.revealed_pets[0].max_hp）却仍然 available:true：越界必须拒绝整个输入，不许静默过滤后照样出权重","[RULE_LEDGER_INCOMPLETE] beliefs.revealed_conditioned.rule_ledger：规则账本必须逐条列出 3 条规则（含 not_applied 的），实际 0 条"]}
  · [实际输出] ③ 越界输入 opponent_bench = {"ok":false,"leaked":["opponent_bench"]}
  · [实际输出] ③ opponent_bench 改成「过滤掉之后照样出权重」的审计 = {"ok":false,"problems":["[AVAILABILITY_SHAPE] beliefs.revealed_conditioned.unknown_reason：available:true 却带着 unknown_reason：可用与未知不能同时声明","[PUBLIC_FACTS_BOUNDARY] beliefs.revealed_conditioned.leaked_fields：公开事实越界（opponent_bench）却仍然 available:true：越界必须拒绝整个输入，不许静默过滤后照样出权重","[RULE_LEDGER_INCOMPLETE] beliefs.revealed_conditioned.rule_ledger：规则账本必须逐条列出 3 条规则（含 not_applied 的），实际 0 条"]}
  · [实际输出] ③ 越界输入 own_team.pets[0].nature = {"ok":false,"leaked":["own_team.pets[0].nature"]}
  · [实际输出] ③ own_team.pets[0].nature 改成「过滤掉之后照样出权重」的审计 = {"ok":false,"problems":["[AVAILABILITY_SHAPE] beliefs.revealed_conditioned.unknown_reason：available:true 却带着 unknown_reason：可用与未知不能同时声明","[PUBLIC_FACTS_BOUNDARY] beliefs.revealed_conditioned.leaked_fields：公开事实越界（own_team.pets[0].nature）却仍然 available:true：越界必须拒绝整个输入，不许静默过滤后照样出权重","[RULE_LEDGER_INCOMPLETE] beliefs.revealed_conditioned.rule_ledger：规则账本必须逐条列出 3 条规则（含 not_applied 的），实际 0 条"]}
  · [实际输出] ③ 公开事实白名单 = {"opponent_active":["species_id","types","speed","speed_band","source"],"opponent_revealed":["species_id","types","speed","speed_band","source","revealed_as","revealed_turn","fainted"],"own_team":["key","species_id","types","speed","speed_band","source","slot"],"mode":["team_size","battle_mode","ruleset_config_id"]}
  · [实际输出] ③ 隐藏字段清单 = {"opponent":["moves","skills","loadout","loadouts","item","items","nature","talent","specialty","bloodline","hp","max_hp","energy","bench_details","bench_moves","stats","panel_stats","derived_stats","build","builds"],"opponent_revealed":["moves","skills","loadout","loadouts","item","items","nature","talent","specialty","bloodline","hp","max_hp","energy","stats","panel_stats","derived_stats","build","builds"],"own_team":["moves","skills","loadout","loadouts","item","items","nature","talent","specialty","bloodline","hp","max_hp","energy","stats","panel_stats","derived_stats","build","builds"],"root":["opponent_bench","opponent_moves","opponent_team","opponent_loadout","opponent_hidden","opponent_full","opponent_nature","opponent_items","hidden_opponent","enemy_full","foe_bench"]}
  · [实际输出] ④ 条件化信念的规则账本 = [{"id":"filter.revealed_types","kind":"filter","reads":["opponent_active.types","opponent_revealed.types"],"inputs":[{"species_id":"pet_000002","types":["水系"],"source":"injected:publicFacts.opponent.active"}],"output":{"matched":461,"before":622,"after":461},"basis":"对手场上那只的属性是屏幕上写着的公开信息；候选的属性来自冻结图鉴。「能不能接住」沿用 RC-302/303 的防御倍率表（整数标度 ×4，未登记的组合键 = unknown，不猜成 1）。","applied":true,"unverified":["未核实：候选能不能真的接住 —— 判定只看**属性相性表**（冻结数据），不看具体配招 / 特性（那些不在公开面，也不在候选宇宙的属性数据里）"]},{"id":"filter.opponent_speed_tier","kind":"filter","reads":["opponent_active.speed","opponent_revealed.speed"],"inputs":[{"speed_bands":["slow"],"species":["pet_000002"],"applied_when":"恰好亮明单一速度档","not_applied_when":"一条都没亮明 / 快慢两端都亮明"}],"output":{"matched":146,"before":461,"after":146,"kept_bands":["slow"]},"basis":"速度档来自 RC-303 的 `speedBandFor()`（在候选宇宙内按三分位分档），本模块不另立分档。应用口径：**只亮明单一档**时才收窄到同档；一条都没亮明、或快慢两端都亮明时都**不应用**（两端亮明 ⇒ 速度对「他会出什么」不再有区分度；实测照两端留会把 mid 档 237 只全剔掉）。速度值缺失 ⇒ 不应用（记 `not_applied`），池子因此更宽 —— 宽是安全的，窄才是编的。","applied":true,"unverified":["未核实：速度档本身 —— 档位来自 RC-303 的 speedBandFor()（候选宇宙内三分位），是工程分档，不是官方档位表"]},{"id":"weight.own_speed_tier_match","kind":"weight","reads":["own_team.speed"],"inputs":[{"own_team_bands":{"fast":1,"mid":3,"slow":2},"own_team_size":6,"pool_bands":{"slow":146},"usable_bands":["slow"],"tie_break":["own_team_band_count desc","band_name asc"]}],"output":{"stratum":"slow","stratum_size":146,"before":146,"after":146},"basis":"这是玩家自己的信息（自家阵容的速度层次），与对手无关；用它把候选池按速度档**分层**（同一层的候选等权），权重只有 0 / 1 两种取值，不引入任何「哪种速度更好」的强度判断。","applied":true,"unverified":["未核实：为什么以我方**最多且池子里存在**的速度档为层 —— 这是工程假设（对齐自家最常见、并且真的还有候选可挑的那一层），不是强度结论；并列时按档名定序（tie-break 写在 inputs 里）"]}]
  · [实际输出] ④ 逐条权重合计（分数） = {"sum":{"numerator":1,"denominator":1,"value":1},"total":{"numerator":1,"denominator":1,"value":1},"stratum":"slow","stratum_size":146}
  · [实际输出] ④ 把 filter.opponent_speed_tier.basis 拆掉之后的审计 = {"ok":false,"problems":["[RULE_LEDGER_INCOMPLETE] beliefs.revealed_conditioned.rule_ledger[filter.opponent_speed_tier]：规则缺 basis（依据）：输入 → 输出 → 依据 三样缺一不可"]}
  · [实际输出] ④ 把 filter.opponent_speed_tier.reads 拆掉之后的审计 = {"ok":false,"problems":["[RULE_LEDGER_INCOMPLETE] beliefs.revealed_conditioned.rule_ledger[filter.opponent_speed_tier]：规则缺 reads[]（它读哪几个公开事实字段）"]}
  · [实际输出] ④ 把 filter.opponent_speed_tier.output 拆掉之后的审计 = {"ok":false,"problems":["[RULE_LEDGER_INCOMPLETE] beliefs.revealed_conditioned.rule_ledger[filter.opponent_speed_tier]：applied:true 的规则必须给出非空 output（匹配数 / 层大小）"]}
  · [实际输出] ④ 单一档 / 两端亮明的池子 = {"single":{"pool":146,"stratum":"slow","applied":[["filter.revealed_types",true],["filter.opponent_speed_tier",true],["weight.own_speed_tier_match",true]]},"both":{"pool":585,"stratum":"mid","applied":[["filter.revealed_types",true],["filter.opponent_speed_tier",false],["weight.own_speed_tier_match",true]]}}
  · [实际输出] ⑤ 不注入任何数据 = {"available":false,"kind":"not_available","reason":"缺**频次数据的来源声明**：注入的频次数据没有声明它是从哪来的（顶层 `declared_source` 必须是 \"measured\" 之类的实测声明，且每一行都要有 `scope` 与 `revision`）。没有来源的数字 = 编出来的数字，所以整份输入被**拒绝**，退化成 available:false；均匀分布**不会**被拿来顶替频次（那正是「用无信息基线冒充实测」这个错误的写法）。去哪拿：① 实机对局统计（游戏内匹配记录 / 赛季数据面板导出，需 url 或仓内文件 + 日期）；② 玩家自己提供的对局记录（匿名化的队伍-出场频次表，需说明样本量、时间窗与采集方式）；③ 离线联赛 / 自博弈产物（本仓现在也**没有**，且 RC-601 的规则绑定还 BLOCKED）。"}
  · [实际输出] ⑤ 版本先验的分布现状 = {"entries":7,"no_measured":true,"assumption":7}
  · [实际输出] ⑤ 把先验当频次喂进去（原样 assumption 档） = {"available":false,"reason_code":"FREQUENCY_NO_DECLARED_SOURCE","weights":null}
  · [实际输出] ⑤ 把先验当频次喂进去（声明成 assumption） = {"available":false,"reason_code":"FREQUENCY_NO_DECLARED_SOURCE","weights":null}
  · [实际输出] ⑤ 把先验当频次喂进去（硬改成 measured） = {"available":false,"reason_code":"FREQUENCY_NO_DECLARED_SOURCE","weights":null}
  · [实际输出] ⑤ 注入「裸数组」 = {"available":false,"reason_code":"FREQUENCY_NO_DECLARED_SOURCE","reason":"缺**频次数据的来源声明**：注入的频次数据没有声明它是从哪来的（顶层 `declared_source` 必须是 \"measured\" 之类的实测声明，且每一"}
  · [实际输出] ⑤ 注入「没有 declared_source」 = {"available":false,"reason_code":"FREQUENCY_NO_DECLARED_SOURCE","reason":"缺**频次数据的来源声明**：注入的频次数据没有声明它是从哪来的（顶层 `declared_source` 必须是 \"measured\" 之类的实测声明，且每一"}
  · [实际输出] ⑤ 注入「缺 scope / revision」 = {"available":false,"reason_code":"FREQUENCY_ROWS_UNUSABLE","reason":"缺**可用的频次行**：注入的 `frequency[]` 是空的，或者每一行都缺 `species_id` / 非负整数 `count` / 非空 `scop"}
  · [实际输出] ⑤ 注入「有 ref 但没有日期」 = {"available":false,"reason_code":"FREQUENCY_NO_MEASURED_SOURCE","reason":"缺**逐条可核对的来源**：注入的频次数据标了实测，但至少一行没有 url / 仓内文件 + 日期（RC-304 的 `resolveDistribution("}
  · [实际输出] ⑤ 注入「sources 为空」 = {"available":false,"reason_code":"FREQUENCY_NO_MEASURED_SOURCE","reason":"缺**逐条可核对的来源**：注入的频次数据标了实测，但至少一行没有 url / 仓内文件 + 日期（RC-304 的 `resolveDistribution("}
  · [实际输出] ⑤ 注入「count 不是整数」 = {"available":false,"reason_code":"FREQUENCY_ROWS_UNUSABLE","reason":"缺**可用的频次行**：注入的 `frequency[]` 是空的，或者每一行都缺 `species_id` / 非负整数 `count` / 非空 `scop"}
  · [实际输出] ⑤ 无来源的频次数据被当成实测的审计 = {"ok":false,"problems":["[AVAILABILITY_SHAPE] beliefs.frequency.weights.rows：逐条权重合计必须恰好 = 1（分数），实际 1/4","[AVAILABILITY_SHAPE] beliefs.frequency.unknown_reason：available:true 却带着 unknown_reason：可用与未知不能同时声明","[FREQUENCY_FAKED] beliefs.frequency.declared_source：频次信念可用却没有来源声明：没有来源的频次就是编的数据","[FREQUENCY_FAKED] beliefs.frequency.total_count：频次信念必须给出正整数样本量，实际 null"]}
  · [实际输出] ⑤b 带来源的构造样例 = {"available":true,"kind":"measured_frequency","total_count":19,"constructed_rows":["pet_000001","pet_000062"],"declared_source":"measured"}
  · [实际输出] ⑤b 权重 = [{"key":"pet_000001","numerator":12,"denominator":19,"value":0.631578947368,"unit":"信念权重（0～1 的**非负权重**，同一份信念内合计恰好 1；不是胜率、不是概率预测）","note":"实测频次 12 / 19（scope=rc604-control-sample、revision=rc604-control-sample#constructed）"},{"key":"pet_000062","numerator":7,"denominator":19,"value":0.368421052632,"unit":"信念权重（0～1 的**非负权重**，同一份信念内合计恰好 1；不是胜率、不是概率预测）","note":"实测频次 7 / 19（scope=rc604-control-sample、revision=rc604-control-sample#constructed）"}]
  · [实际输出] ⑤b 审计 = {"ok":true,"problems":[]}
  · [实际输出] ⑥ 没有公开事实 = {"available":false,"reason":"缺**可应用的规则**：公开事实一条规则都驱动不起来（没有已亮明的对手系别、也没有任何候选 / 我方成员带速度值）。这时"}
  · [实际输出] ⑥ unknown 的信念带上 weights = {"ok":false,"problems":["[UNKNOWN_BELIEF_HAS_VALUE] beliefs.revealed_conditioned.weights：available:false 却给了权重：unknown 不许拿一个数（含 0）顶替"]}
  · [实际输出] ⑥ unknown 的信念带上 weights=0 = {"ok":false,"problems":["[UNKNOWN_BELIEF_HAS_VALUE] beliefs.revealed_conditioned.weights：available:false 却给了权重：unknown 不许拿一个数（含 0）顶替"]}
  · [实际输出] ⑥ unknown 的信念带上 pool_ratio = {"ok":false,"problems":["[UNKNOWN_BELIEF_HAS_VALUE] beliefs.revealed_conditioned.pool_ratio：available:false 却给了池子占比"]}
  · [实际输出] ⑥ 权重合计凑不到 1 = {"ok":false,"problems":["[AVAILABILITY_SHAPE] beliefs.revealed_conditioned.weights.rows：逐条权重合计必须恰好 = 1（分数），实际 21461/21462"]}
  · [实际输出] ⑦ 报告伪精确扫描命中 = []
  · [实际输出] ⑦ 产出里出现 win_rate 键 = {"ok":false,"problems":["[PSEUDO_PRECISION] claims.uniform.win_rate：出现 键 win_rate：\"0.62\""]}
  · [实际输出] ⑦ 量纲写成百分数 = {"ok":false,"problems":["[PSEUDO_PRECISION] beliefs.uniform.weights.unit：量纲里出现被禁止的词 \"百分比\"（\"信念权重百分比（%）\"）：本模块不产出胜率 / 概率 / 百分数","[PSEUDO_PRECISION] beliefs.uniform.weights.unit：量纲里出现被禁止的词 \"%\"（\"信念权重百分比（%）\"）：本模块不产出胜率 / 概率 / 百分数","[PSEUDO_PRECISION] beliefs.uniform.weights.unit：量纲里出现被禁止的词 \"%\"（\"信念权重百分比（%）\"）：本模块不产出胜率 / 概率 / 百分数","[PSEUDO_PRECISION] claims.uniform.weights.unit：出现 %（伪精确百分数）：\"信念权重百分比（%）\""]}
  · [实际输出] ⑦ 渲染文本里写胜率 = {"ok":false,"problems":["[PSEUDO_PRECISION] text：出现 胜率：\"uniform：available（kind=non_informative_baseline）\\n结论：这套阵容的胜率 62%\"","[PSEUDO_PRECISION] text：出现 %（伪精确百分数）：\"uniform：available（kind=non_informative_baseline）\\n结论：这套阵容的胜率 62%\""]}
  · [实际输出] ⑦ 反向控制：声明边界的句子 = {"ok":true,"problems":[]}
  · [实际输出] ⑧ 两次运行的字节数 = {"first":97413,"second":97413,"identical":true}
  · [实际输出] ⑧ 重建索引后的对照 = {"identical":true}
  · [实际输出] ⑧ 快照不一致的审计 = {"ok":false,"problems":["[NONDETERMINISTIC] opponentBelief:beliefs：同一输入两次运行的 JSON.stringify 不一致（含 tie-break）：[{\"belief\":\"uniform\",\"label\":\"均匀分布（无信息基线）\",\"available\":true,\"kind\":\"non_informative_baseline\",\"informativeness\":\"non_informative_baseline\",\"universe_size\":622,\" vs []"]}
  · [实际输出] 结构：在线段长度与命中 = {"online_lines":52,"hits":[]}
  · [实际输出] 结构：weightsFor 展开 = [{"key":"pet_000001","numerator":1,"denominator":622,"value":0.001607717042,"unit":"信念权重（0～1 的**非负权重**，同一份信念内合计恰好 1；不是胜率、不是概率预测）","note":"均匀基线：每条候选同权"},{"key":"pet_000002","numerator":1,"denominator":622,"value":0.001607717042,"unit":"信念权重（0～1 的**非负权重**，同一份信念内合计恰好 1；不是胜率、不是概率预测）","note":"均匀基线：每条候选同权"}]
  · [实际输出] 结构：塞进 step_joint 之后 = ["ONLINE_ENGINE_CALL:step_joint"]
  · [实际输出] 报告：三条基线的可用性 = ["uniform=available","revealed_conditioned=available","frequency=unknown"]
  · [实际输出] 报告：unknown 逐条原因 = ["frequency: FREQUENCY_NO_DECLARED_SOURCE"]
  · [实际输出] 报告：判据逐条 = ["PASS 均匀基线的分母来自数据（改数据 ⇒ 分母与 1/N 跟着变）","PASS 均匀基线同时声明「无信息基线，不是强度判断」","PASS 公开事实越界（隐藏字段）必须拒绝整个输入","PASS 每条规则给出 {输入 → 输出 → 依据}，且可复算","PASS 频次信念必须有真实来源；没有来源一律拒绝（不用均匀冒充）","PASS 产出与渲染文本里零伪精确（键名与量纲一起扫）","PASS 在线段没有引擎 / 子进程调用（源码结构判据）","PASS 同一份输入两次运行逐字节相同（含 tie-break）"]
  · [实际输出] 报告：反证留痕条数 = 22
  · [实际输出] ⑨ 把 unknown 改成 measured 的审计 = {"ok":false,"problems":["[FREQUENCY_FAKED] beliefs.frequency.evidence：频次信念的证据必须至少有一条指向**注入的频次数据**（injected:frequencyData…）：没有来源在场的频次信念就是编的"]}
  · [实际输出] ⑨ 把 1/N 说成强度分 = {"ok":false,"problems":["[NON_INFORMATIVE_NOT_DECLARED] beliefs.uniform.declared_semantics：给 expected_per_candidate 时必须同时声明它是**无信息基线**、**不是**强度判断 / 胜率","[NON_INFORMATIVE_NOT_DECLARED] beliefs.uniform.expected_per_candidate.unit：期望权重的量纲里必须写明「无信息基线」","[PSEUDO_PRECISION] claims.uniform.expected_per_candidate.unit：出现 强度分：\"强度分（越高越该带）\""]}
  · [实际输出] ⑩ 速度值全缺时的规则账本 = [["filter.revealed_types",true,null],["filter.opponent_speed_tier",false,"对手已亮明的那只没有速度档（速度值缺失 ⇒ 不自己算一个档位）：这一条不应用，池子因此更宽"],["weight.own_speed_tier_match",false,"我方阵容里没有一个成员带速度档：没有可用的分层依据（速度值缺失就不自己算档位）"]]
  · [实际输出] ⑩ 实际 available 与池子 = {"available":false,"pool":461,"universe":622,"stratum":null,"reason":"缺**非空速度层**：加权规则选中的速度档在候选池里一条都没有。权重全 0 的分布没有意义（它不是概"}
  · [实际输出] ⑩ 公开事实什么都没有 = {"available":false,"reason":"缺**可应用的规则**：公开事实一条规则都驱动不起来（没有已亮明的对手系别、也没有任何候选 / 我方成员带速度值）。这时「条件化」没有任何输入，均匀基线已经是全部能说的东西 —— 所以这一条**拒绝**，而不是把均匀分布换个名字交出去。","ledger":[["filter.revealed_types",false],["filter.opponent_speed_tier",false],["weight.own_speed_tier_match",false]]}
✔ RC-604 判据①：均匀基线的分母来自数据（改数据 ⇒ 1/N 跟着变；写死即判红） (2.607834ms)
✔ RC-604 判据②：给 1/N 时必须同时说明它是无信息基线（不是强度判断） (0.594292ms)
✔ RC-604 判据③：带对手后备 / 配招的输入必须被拒绝，且逐条点名 (2.704084ms)
✔ RC-604 判据④：公开事实条件化的每条规则都可复算（输入 → 输出 → 依据） (6.472834ms)
✔ RC-604 判据⑤：frequencyBelief 恒 available:false，且没有来源的注入一律拒绝 (0.9505ms)
✔ RC-604 判据⑤b（反向控制）：注入**带来源**的构造样例后 frequency 真的会亮 (0.29225ms)
✔ RC-604 判据⑥：available:false 的信念不许带权重 / 期望 / 占比（0 也算） (1.653291ms)
✔ RC-604 判据⑦：产出里不得出现胜率 / 概率% / 强度分（键名、量纲、文本一起扫） (6.662833ms)
✔ RC-604 判据⑧：同一输入两次调用逐字节相同（含 tie-break） (45.572792ms)
✔ RC-604 结构：在线段没有引擎 / 子进程调用（判据落在源码上，不是注释里） (0.546083ms)
✔ RC-604 报告：机器可读产物与生成逻辑逐字节一致 (4.798875ms)
✔ RC-604 判据⑨（注入式）：把 unknown 的信念改成「已测」必须红 (0.471125ms)
✔ RC-604 判据⑩（注入式）：没有速度值时不许自己算档位（不应用 ≠ 补一个默认档） (0.567792ms)
  · [实际] 实例 = 542 ；species = 542 ；battle_builds = 542
  · [实际] 分组 = schema_compliance:ok schema_file:ok species_existence:ok species_universe:ok learnset_membership:ok canonical_loadout:ok skill_order:ok instance_identity:ok growth_attributes:ok unknown_fields:ok provenance_on_disk:ok licence_refs:ok build_hashes:ok battle_builds:ok base_stats_pointers:ok determinism_declaration:ok declared_counts:ok
  · [实际] 问题 = (无)
  · [实际] 实例 = 542 ；species = 542 ；不在 layer-playable-48 的 = 12
  · [实际] 不在 layer-playable-48 的 species 逐只点名 = pet_000062,pet_000112,pet_000124,pet_000190,pet_000225,pet_000417,pet_000445,pet_000451,pet_000474,pet_000601,pet_000608,pet_000611
  · [实际] 同种组 = 0
  · [实际] 逐个核对的技能引用 = 2168 （native 1724 / blood 81 / stones 363）
  · [实际] 与引擎 loadout 逐位相同的 build = 542 / 542 ；样例 = ["skill_000246","skill_000286","skill_000340","skill_000624"]
  · [反证] 调换第 3/4 位 → C20 命中： [canonical_loadout] build-own-0001（pet_000001）的 ordered_skills=["skill_000246","skill_000286","skill_000624","skill_000340"]，但引擎 loadout=["skill_000246","skill_000286","skill_000340","skill_000624"]（第 3 位起不同）
  · [反证] 换掉一个技能 → C20 命中： [canonical_loadout] build-own-0002（pet_000002）的 ordered_skills=["skill_000418","skill_000303","skill_000421","skill_000808"]，但引擎 loadout=["skill_000418","skill_000286","skill_000421","skill_000808"]（第 2 位起不同）
  · [实际] roster-48 与引擎 loadout 不一致的物种 = 3 ["pet_000451","pet_000474","pet_000137"]
  · [实际] 养成属性条目 = 2168 （全部 effect=UNKNOWN）
  · [实际] 实例级 unknown_fields 取值集合 = ["bloodline+nature+panel_stats+specialty+talent","nature+panel_stats+specialty+talent"]
  · [实际] dataset_hash = de62f69de8244ba33d12b91374da16958bf951afac20d8d18c26f1d42c14a527
  · [实际] sha256(owned-pets.json) = b1f7d0f9d4c35eb9b96ac1d539d36f11782fe26cabc0cd54bf82623292aee115
  · [实际] schema 契约 = OwnedPetDataset,OwnedPet,BattleBuild,GrowthAttribute,BloodlineAttribute,ProvenanceEntry,StatVector,Counts
  · [实际] different_fields = ["level","skills"]
  · [实际] unknown_fields = ["nature","talent","specialty","bloodline"]
  · [实际] fields.level = {"field":"level","status":"different","a":50,"b":90}
  · [实际] fields.nature = {"field":"nature","status":"unknown","a":null,"b":null,"detail":"双方取值均不可得","effect":"unknown","effect_reason":"面板换算公式未校准（见 10 号文档 §13）"}
  · [实际] fields.skills = {"field":"skills","status":"different","a":["skill_000246","skill_000273","skill_000359","skill_000249"],"b":["skill_000246","skill_000273","skill_000359","skill_000342"],"order_sensitive":true,"skills_as_set":"different"}
  · [实际] 只换顺序：skills = different ；skills_as_set = same
  · [实际] 不同物种抛错 = OwnedPetSpeciesMismatchError ： compareOwnedPets 只接受同一 species_id 的两个个体：a=pet_000001 b=pet_000002
  · [实际] 基线判据 = PASS
  · [实际] 红   R01 抽掉一个实例的 provenance → 期望 provenance_on_disk；原文 = [provenance_on_disk] own-0001 没有 provenance 条目
  · [实际] 红   R02 把 artifact_sha256 改成与磁盘不符 → 期望 provenance_on_disk；原文 = [provenance_on_disk] own-0002 的 data/roco/normalized/roco-world-s4-2026-09-10/layer-playable-48/support-matrix.json artifact_sha256=0000000000000000000000000000000000000000000000000000000000000000，磁盘实际=9be4a49cc768b33960a57a4b0991d4eadae7242ee2e74a3c7ac1e0aada3ff231
  · [实际] 红   R03 把一个技能换成该精灵学不到的技能（全量 skills.json 里真实存在，但不在该 species 的 learnset 里） → 期望 learnset_membership；原文 = [learnset_membership] own-0003（pet_000003）的 skill_000001 不在该 species 的 data/roco/normalized/roco-world-s4-2026-09-10/layer-playable-48/learnsets.json 学习表里（native ∪ blood ∪ stones —— 与引擎 is_learnable 同口径）
  · [实际] 红   R04 把四个技能改成三个 → 期望 learnset_membership；原文 = [learnset_membership] own-0004 的 skills 有 3 个（要求恰好 4 个）: ["skill_000456","skill_000286","skill_000359"]
  · [实际] 红   R14 只调换一只的四技能**顺序**（集合完全不变）—— C20 必须抓住「顺序也算数」 → 期望 canonical_loadout；原文 = [canonical_loadout] build-own-0007（pet_000007）的 ordered_skills=["skill_000246","skill_000286","skill_000624","skill_000340"]，但引擎 loadout=["skill_000246","skill_000286","skill_000340","skill_000624"]（第 3 位起不同）
  · [实际] 红   R15 把一只的四技能换成另一只的（集合不同）—— C20 必须抓住「不是引擎 loadout 的那四个」 → 期望 canonical_loadout；原文 = [canonical_loadout] build-own-0008（pet_000008）的 ordered_skills=["skill_000246","skill_000286","skill_000340","skill_000624"]，但引擎 loadout=["skill_000678","skill_000286","skill_000362","skill_000683"]（第 1 位起不同）
  · [实际] 红   R05 把某只的 species_id 改成不存在的 → 期望 species_existence；原文 = [species_existence] own-0005 的 species_id=pet_999999 在冻结 full-catalog 与 pack 里都找不到
  · [实际] 红   R06 给 nature.effect 填一个具体数值（发明公式） → 期望 growth_attributes；原文 = [growth_attributes] own-0006.nature.effect=0.2 既不是 UNKNOWN 也不在证据 id 白名单 [] 里——这是被发明的养成公式
  · [实际] 红   R07 实例掉到 47 个（低于 48 的下限） → 期望 species_universe；原文 = [species_universe] 实例只有 540 个 < 542
  · [实际] 红   R08 把有值的字段塞进 unknown_fields（level） → 期望 unknown_fields；原文 = [unknown_fields] own-0007.unknown_fields 多报 ["level"]（这些字段是有值的，不能标 unknown）
  · [实际] 红   R09 把 BattleBuild 的技能位顺序反转 → 期望 skill_order；原文 = [skill_order] own-0008 的 skills=["skill_000678","skill_000286","skill_000362","skill_000683"]，但 battle_build.ordered_skills=["skill_000683","skill_000362","skill_000286","skill_000678"]——技能位顺序被改动了
  · [实际] 红   R10 把 licence_ref 改成查不到的来源 → 期望 licence_refs；原文 = [licence_refs] own-0009 的 licence_ref="licence-not-registered-anywhere" 在 pack.source_registry 与 data/roco/sources.yaml 里都找不到
  · [实际] 红   R11 给养成属性加一个被发明的公式字段 → 期望 growth_attributes；原文 = [growth_attributes] own-0010.talent 出现了被发明的公式字段 formula
  · [实际] 红   R13 给 effect 编一个查不到的证据 id → 期望 growth_attributes；原文 = [growth_attributes] own-0010.talent.effect="microcase:panel-formula-v1" 既不是 UNKNOWN 也不在证据 id 白名单 [] 里——这是被发明的养成公式
  · [实际] 红   R12 把 base_stats 改成与冻结目录不符 → 期望 base_stats_pointers；原文 = [base_stats_pointers] own-0011 的 base_stats={"atk":95,"def":55,"hp":137,"spa":35,"spd":45,"spe":105}，冻结目录 pets[10].stats={"atk":95,"def":55,"hp":136,"spa":35,"spd":45,"spe":105}
  · [实际] rc = 1 ；原文 = [provenance_on_disk] own-0001 没有 provenance 条目
  · [实际] rc = 1 ；原文 = [provenance_on_disk] own-0002 的 data/roco/normalized/roco-world-s4-2026-09-10/layer-playable-48/support-matrix.json artifact_sha256=ffffffffffffffffffffffffffffffffffffffffffffffffffffffffffffffff，磁盘实际=9be4a49cc768b33960a57a4b0991d4eadae7242ee2e74a3c7ac1e0aada3ff231
  · [实际] 学了学不到的 rc = 1 ；原文 = [learnset_membership] own-0062（pet_000062）的 skill_000001 不在该 species 的 data/roco/normalized/roco-world-s4-2026-09-10/learnsets.json 学习表里（native ∪ blood ∪ stones —— 与引擎 is_learnable 同口径）
  · [实际] 三个技能的 rc = 1 ；原文 = [learnset_membership] own-0001 的 skills 有 3 个（要求恰好 4 个）: ["skill_000246","skill_000286","skill_000340"]
  · [实际] 假 species rc = 1 ；原文 = [species_existence] own-0005 的 species_id=pet_999999 在冻结 full-catalog 与 pack 里都找不到
  · [实际] 少一个实例 rc = 1 ；原文 = [species_universe] 实例只有 541 个 < 542
  · [实际] effect=0.2 rc = 1 ；原文 = [growth_attributes] own-0006.nature.effect=0.2 既不是 UNKNOWN 也不在证据 id 白名单 [] 里——这是被发明的养成公式
  · [实际] 公式字段 rc = 1 ；原文 = [growth_attributes] own-0006.specialty 出现了被发明的公式字段 multiplier
  · [实际] 臆造证据 id rc = 1 ；原文 = [growth_attributes] own-0006.talent.effect="microcase:panel-formula-v1" 既不是 UNKNOWN 也不在证据 id 白名单 [] 里——这是被发明的养成公式
  · [实际] 手写标签后 unknown_fields 不一致 rc = 1 ；原文 = [unknown_fields] own-0006.unknown_fields 多报 ["nature"]（这些字段是有值的，不能标 unknown）
  · [实际] rc = 1 ；原文 = [unknown_fields] own-0007.unknown_fields 多报 ["level"]（这些字段是有值的，不能标 unknown）
  · [实际] 漏报方向 rc = 1 ；原文 = [unknown_fields] own-0007.unknown_fields 漏报 ["talent"]（这些字段确实不可得）
  · [实际] 顺序反转 rc = 1 ；原文 = [skill_order] own-0008 的 skills=["skill_000678","skill_000286","skill_000362","skill_000683"]，但 battle_build.ordered_skills=["skill_000683","skill_000362","skill_000286","skill_000678"]——技能位顺序被改动了
  · [实际] 假 licence_ref rc = 1 ；原文 = [licence_refs] own-0009 的 licence_ref="licence-not-registered-anywhere" 在 pack.source_registry 与 data/roco/sources.yaml 里都找不到
  · [实际] 改 base_stats rc = 1 ；原文 = [base_stats_pointers] own-0010 的 base_stats={"atk":114,"def":91,"hp":116,"spa":45,"spd":63,"spe":120}，冻结目录 pets[9].stats={"atk":114,"def":91,"hp":115,"spa":45,"spd":63,"spe":120}
  · [实际] 判据条数 = 20 ；checks = 17
  · [实际] C06 不在 48 层 = 12
  · [实际] C07 同种组 = 0（同种组）
  · [实际] 备选口径 roster-48 池外 species = 501
  · [实际] 跳过 = {"reasons":[{"reason":"no_frozen_learnset","count":80,"detail":"pack 里有这只，但冻结 normalized/ 目录里没有它的 learnsets.json 条目（四技能与合法性未校验）"},{"reason":"insufficient_learnable_skills","count":0,"detail":"有 learnset，但 native_skills 里在全量 skills.json 里查得到的不足 4 个"},{"reason":"no_blood_skills_in_learnset","count":0,"detail":"有 learnset，但 blood_skills 一个都查不到——血脉标签无从取值（不猜）"},{"reason":"species_not_in_pack","count":0,"detail":"有 learnset，但不在 pack 的 pet 实体里（来源台账对不上）"}],"no_frozen_learnset":80,"insufficient_learnable_skills":0,"no_blood_skills_in_learnset":0,"species_not_in_pack":0,"skipped_species_total":80}
  · [实际] unknown 属性 = nature,talent,specialty,bloodline.value,bloodline.effect,panel_stats,battle_builds[].derived_stats
✔ 真产物：owned 实例过全部 16 组判据（2026-09-28 起是 49 个：48 物种 + 1 只演示用的同种第二只） (145.464916ms)
✔ 真产物：实例数 / species 数 / 不在 48 层的逐只点名 / 同种组数 (0.306375ms)
✔ 真产物：四个技能逐个都在该 species 的学习表池（native ∪ blood ∪ stones，与引擎 is_learnable 同口径）里 (9.97325ms)
✔ 真产物：BattleBuild.ordered_skills **逐位**等于引擎 loadout（C20；2026-09-25 人类「配招这个你得修好」） (8.308542ms)
✔ 必红反证：把 owned 的四技能换掉/调序，C20 立刻报（判据有牙） (218.157417ms)
✔ 已知限制（钉住）：盒子页读的冻结 roster-48.json 与引擎 loadout 有 3/542 不一致 (8.424833ms)
✔ 真产物：养成属性全部是 UNKNOWN，且没有任何被发明的公式字段 (1.2305ms)
✔ 真产物：unknown_fields 与「确实不可得」双向一致 (0.6625ms)
✔ 确定性：同一输入两次重建逐字节相同，且没有任何挂钟字段 (105.44375ms)
✔ schema.json 是契约：磁盘内容与「现在重建」逐字节相同 (0.281959ms)
✔ compareOwnedPets：同种不同个体的逐字段结论，以及不同物种必须抛错 (12.980958ms)
✔ 反证：15 条注入全部翻红（逐条打印实际输出原文） (1241.196875ms)
✔ 反证① 抽掉一个实例的 provenance ⇒ 红 (73.284375ms)
✔ 反证② artifact_sha256 与磁盘不符 ⇒ 红 (72.951333ms)
✔ 反证③④ 技能换成学不到的 / 四个改成三个 ⇒ 红 (154.24025ms)
✔ 反证⑤⑦ species_id 不存在 / 实例降到 79 个 ⇒ 红 (228.411875ms)
✔ 反证⑥⑪ nature.effect 填数值 / 长出公式字段 ⇒ 红 (303.619084ms)
✔ 反证⑧ 有值的字段塞进 unknown_fields ⇒ 红 (148.638417ms)
✔ 反证⑨⑩⑫ BattleBuild 顺序反转 / licence_ref 查不到 / base_stats 不符 ⇒ 红 (227.567541ms)
✔ RC-203 报告：存在、可解析、逐条给出判据文本与实际值、不含挂钟字段 (3.366791ms)
✔ ⑬ 演示用的同种第二只**已经回收**（人类 2026-09-28：「重复精灵不要了」） (0.564ms)
✔ ① --dump-packet 不需要密钥、也不连服务，能打出全部 54 条的包清单 (2141.858125ms)
✔ ② 那 4 条「金标要查」的用例，包里确实带着所问的事实（逐字段断言） (2126.593208ms)
✔ ③ 同一条规则作用在「包里确实没有」的用例上不许误报（防橡皮图章） (2112.483625ms)
✔ ④ 冲突集合：口径定案后必须为空（人类 2026-09-25 拍板乙） (4260.029833ms)
✔ P0-1 页码 → offset 只有一个真值来源（第 n 页 = (n-1)×每页） (0.643541ms)
✔ P0-1 反证：把 offset 改坏（下一页只改页码不改 offset）必须被抓住 (0.064292ms)
✔ P0-1 页码真值在页面上只有一处（state.pool.page），offset 由它派生 (0.183667ms)
✔ P0-5 分组逐条等于引擎动作表（条数、kind 顺序、未知 kind 抛出） (0.141917ms)
✔ P0-5 反证：把 item 重新分类成 skill（页面自己下结论）必须被抓住 (0.062542ms)
✔ P0-5 标准 PVP 下按 BattleMode 隐藏旧引擎动作，并如实记账条数 (0.085625ms)
✔ P0-4 卡片首层不再出现「最狠一招 / 速度档」模板句 (0.841334ms)
✔ P0-4 机制取值：只有冻结原文（FROZEN_DESC）才上首层，否则如实说不给 (0.066084ms)
✔ P0-4 反证：拿「最狠一招 + 速度档」拼一句当机制，检查器必须抓住 (0.085916ms)
✔ P0-4 基础面板单独成组：六维逐项给，冻结数据没有的那一项如实标出 (0.134ms)
✔ P0-4 技能卡信息给全：名称/系别/类别/能耗/威力/说明，缺威力时不补 0 (0.2075ms)
✔ D5 引擎没给「魔力 / 心」时页面只写未核验，不画计数器、不补 4 (0.092ms)
✔ D5 反证：凭空画一个心计数器（把 4 写死）必须被抓住 (0.28225ms)
✔ D5 心常显：拿不到 view.mana 就 hidden（绝不硬写 4 颗），给了就按引擎的数画 (0.339667ms)
✔ D5 反证：心「拿不到就写 4 颗」与「与引擎错开 1」必须被同一条判据抓住 (0.04575ms)
✔ D5 模式徽记：读注册表原文；候选才标「候选规则（待实机核对）」 (0.094042ms)
✔ D5 反证：页面上把「标准 PVP · 六宠」写死（绕过注册表）必须被抓住 (0.034041ms)
✔ D5 状态枚举名不许印到玩家层（FROZEN_DESC / MECHANISM_UNCONFIRMED 只控制显示） (0.039458ms)
✔ P0-2 小芽入口/手动说话/自动提示各自有实现，且回复与输入在同一栏 (0.200625ms)
✔ P0-3 开局引导不遮挡候选卡：它不是浮层，且可跳过 (0.402917ms)
✔ RC-502 能量带上限（上限读引擎的 energy_max，不是写死的 6/10） (0.193125ms)
✔ RC-502 印记逐条给层数，名字用引擎自己的中文名 (0.057917ms)
✔ RC-502 增益：闭集里的键给中文名，闭集外的键只写「未知增益」+ 原始键进钩子 (0.09ms)
✔ RC-502 防御冷却 / 蓄力：只在该出现的时候出现，且不编招名 (0.06125ms)
✔ RC-502 反证：写死一个上限（或凭空画一串豆子）必须被同一条判据抓住 (0.050417ms)
✔ RC-502 场上事实的钩子逐项列出真的渲染了哪些（DOM 与 state.view 靠它对齐） (0.064084ms)
✔ RC-502 阵容池请求：默认不发 support，勾了才发 support=all (0.097833ms)
✔ RC-502 反证：默认请求里混进 support（视野被悄悄换掉）必须被抓住 (0.036125ms)
✔ RC-502 页面说清「对手的增益不在公开视图里」（否则读成双方都标了） (0.04325ms)
✔ RC-502 换人卡写清「换上谁」（只写位次等于让玩家凭记忆换人） (0.054584ms)
✔ P0 主流程默认是六宠：旧的 3v3 迁移区与它的主入口都不许露出来 (0.318291ms)
✔ P0 反证：没有开关函数 / 旧区没 hidden，同一条判据必须红 (0.572292ms)
✔ P0 玩家那一行不许出现注册表/验收台术语（枚举名留数据层，原文留抽屉） (0.270875ms)
✔ P0 小芽：主动提问路由到真 Agent（/api/coach），并如实标出来源 (0.234292ms)
✔ P0 小芽：没有模型时明说边界 + 给出接模型入口（不许装作自由聊天） (0.171083ms)
✔ 本文件被 package.json 的 test:unit 收进去了（否则它是死的） (0.062959ms)
✔ ① 「X 的面板是多少」要答得出六维面板：数字现算、按 60 级、缺的假设说清 (9.464958ms)
✔ ② 上下文里有这个个体（带天分/性格）就用它的，并在正文里说明 (1.50125ms)
✔ ②b 页面自己给的天分/性格（带 dataset 来源）**不许**被说成"建模掷点" (0.164208ms)
✔ ③ 查不到/认不出：不许给面板数字（要么如实说查不到，要么干脆不认这一句） (4.154834ms)
✔ ⑤ 同名多形态：**不许挑第一只**算面板（与图鉴问句同一口径） (0.452875ms)
✔ ④ 反证：面板问句不许抢走图鉴字段那一路（「X 的种族值」仍是 codex-fact） (0.533625ms)
✔ ⑥ 正文口径：面板那一串必须写「资质」，且说清默认 5 星、逗号后不留孤空格 (0.138583ms)
✔ ① 用抓包数据复算「PVP 一速榜」：9/9（**stars:0 那一档**，2026-09-28 改钉） (1.284459ms)
✔ ①b 新档（5 星放大）逐只等于现算值，且与「旧榜那一档」不是同一个数 (0.204291ms)
✔ ② 取整顺序敏感：两种顺序必须算出不同的数，且实现走「先 round 内层」那条 (0.070875ms)
✔ ③ L=60 的指纹：非生命 (60+50)/100 = 1.1、生命 (60+25)/50 = 1.7 (0.038417ms)
✔ ③b 5 星档的资质系数：`3 × talent_factor`，把 talent_factor 换成 1 就是旧档 (0.072709ms)
✔ ④ 等级成长：其他项每级 +(种族+3×个体)/100，生命是其 2 倍；默认 60；>60 不算 (0.338125ms)
✔ ⑤ 性格阶梯：零突破 +10% → 满突破 +20%，减益恒 −10%（不随突破变） (0.11575ms)
✔ ⑥ 必红反证：生命括号系数写成 2/6（把"每级两倍"错当"括号内两倍"）必须被这条判据抓住 (0.058542ms)
✔ ① 名字同源：面板的 4B key 来自 local-model.js 的常量，不许自己写字面量 (0.418083ms)
✔ ② 端到端 A 态：真名存在、旧名不存在 ⇒ 面板必须显示「已连」 (62.73775ms)
✔ ② 端到端 B 态：旧名存在、真名不存在 ⇒ 面板也必须显示「已连」，并注明是兼容别名 (64.330875ms)
✔ ② 端到端 C 态：真名优先 —— 两个都设时必须用真名那一份 (65.080667ms)
✔ ② 端到端 D 态：两个名字都不设 ⇒ 必须「未连」，且 reason 点名真名 (63.322625ms)
✔ ② 端到端 E 态：真名指向不存在的目录 ⇒ 未连，且理由不是「没设」 (63.833416ms)
✔ ③ 运行时同源：localModelPathFromEnv 的取值就是 LocalModel 会用的路径 (0.540458ms)
✔ 产物存在且真的能过检查（这条红了就是真问题） (11.5605ms)
✔ 622 只精灵一只不少，且与冻结目录逐一对应 (9.636417ms)
✔ 每只精灵的机制首层都来自冻结 desc 原文（逐字，不许润色） (9.981583ms)
✔ 机制首层是玩家文案：不超长、不带工程字段 (9.35625ms)
✔ 机制标签只说得出处里的标签，不许自创 (17.264083ms)
✔ 必红方向 ①：把 desc 润色过（原文 -40% 改成 40%）必须红 (11.148166ms)
✔ 必红方向 ②：FROZEN_DESC 却把 desc 抹掉必须红 (11.248334ms)
✔ 必红方向 ③：没有 desc 的精灵编一句机制行必须红 (12.035ms)
✔ 必红方向 ④：机制行里出现 skill_id 必须红 (10.787958ms)
✔ 必红方向 ⑤：少一只精灵必须红（覆盖不能靠抽样） (10.694833ms)
✔ 必红方向 ⑥：summary 与实际不符必须红 (12.442042ms)
✔ 必红方向 ⑦：派生 sha256 与磁盘不符必须红（产物不许偷偷过期） (10.601791ms)
✔ 必红方向 ⑧：把 desc 换成**另一条**技能的 desc 也必须红（子串检查不是摆设） (10.541958ms)
✔ 机制行压行规则本身：取第一句、超长截断、不编内容 (0.1575ms)
✔ 自带用例（lib 的 --selftest 同一份代码）必须全绿 (0.3775ms)
✔ 读取层能读真产物，622 只都能取到行 (2.151958ms)
✔ 读取层 fail closed：产物读不动就是 available:false + 取不到行（不许补默认句） (0.095125ms)
✔ 读取层不把未确认的机制当结论：状态一改，行就必须回落 (2.0185ms)
✔ ① 硬禁词：除已登记的欠账外，玩家可见文案里一个都不许有（含反证） (10.829084ms)
✔ ② 工程语气的欠账只许降（棘轮） (8.076208ms)
✔ ③ 工具名映射：每个工具都要有中文名，两处表不许漂（审计点名：只覆盖 13 个里的 8 个） (0.952583ms)
✔ ③b 降级说明（`fallbackReason`，玩家可见）不许带工程语气 (0.786333ms)
✔ ④ 状态提示要有可见落点（审计的"静默黑洞"）：不许再写向已删除的元素 (1.665292ms)
✔ ⑤ 「依据」栏只给玩家看人话：工程记号挑出去，一条人话都没有时如实兜底 (0.585291ms)
✔ ⑥ 不渲染 markdown 的落点：HTML 文本节点与纯文本出口都不许漏出 `**` (1.052583ms)
✔ ⑦ 写给模型的禁令句**不许到玩家眼前**（结构性拆分待做，客户端过滤先兜住） (0.600042ms)
✔ ⑧ HTML 文本节点也要说人话（原来只查字面 `**`，`roco.html:793` 的「工程口径」就是这么漏的） (1.1085ms)
✔ ⑨ 出处句不许把参数丢掉（审计点名：`src(名, 出处)` 只收一个参数） (1.256708ms)
✔ ⑩ 行为级：本地事实回答的**正文**里不许出现内部说法（源码扫描抓不到的那一半） (6.3475ms)
✔ ⑪ 模型自己说的内部术语也要翻成人话（数字一个都不许动）+ 真的接线了 (157.79725ms)
✔ ① 加性校验：合法规划放行，畸形逐条 400 (0.839916ms)
✔ ② 跨字段对齐：规划与战况不是同一版局面 ⇒ 400，并点名两边的版本 (0.148541ms)
✔ ③ 进包：带 roco_plan 时原样进 packet.rocoPlan，不带时这个键不出现 (28.379125ms)
✔ ④ 事实守卫必须认得规划里的数字（否则引用引擎结论会被判成凭空） (0.22525ms)
✔ ⑤ 结构性：页面只送新鲜的那一份，且必须带 state_version (0.204625ms)
✔ 必红反证：把规划的版本改成与战况一致，② 必须不再报错 (0.115708ms)
✔ ⑥ 规划进包时附一条**来源说明**（只在有规划时出现，且不含结论） (13.652459ms)
✔ ① 超时 / 取消 / 其它 ⇒ 三种分类（不再是一个笼统的 planner-failed） (3.596875ms)
✔ ② 「输出不是 JSON」不许伪装成「模型主动停止」 (0.144542ms)
✔ ② 边界：拿不到 lastDecision 时**不猜**（一律按主动停止） (0.071542ms)
✔ ③ 反证：把分类改回笼统值 ⇒ 必须能被发现（判据不是装饰） (0.187334ms)
✔ ③ 循环上限没被顺手放大（ReAct **不加步数**是本轮的结论） (0.133625ms)
✔ ① 搬运没改行为：off 档与搬家前逐字节相同 (0.527833ms)
✔ ② catalog 档真的多出两条规则，off 档真的没有 (0.094084ms)
✔ ③ 提示里的工具名与参数键都在合同表里（不许教模型编参数） (0.480042ms)
✔ ③b 规则必须点名"用哪个工具、怎么给名字"（否则模型不知道该调谁） (0.193083ms)
✔ ④ 开关口径（2026-09-25 按实测翻过默认）：不设变量 = catalog，显式 off 才关 (0.12275ms)
✔ ⑤ 生产接线：index.js 真的用这个模块，且不许留第二份提示拷贝 (0.393666ms)
✔ ⑥ 充分性规则仍然插在格式说明那一行前面（位置变了也是行为变化） (0.061459ms)
✔ ⑤ 阵容问题要能「先查证再推荐」，红线与引擎边界都不许丢 (0.198291ms)
✔ ① 加性校验：合法概况放行，畸形逐条 400 (0.853417ms)
✔ ② 进包：带概况时原样进 packet.poolSummary，不带时这个键不出现 (8.276292ms)
✔ ③ 一页说明：只在「总数 > 本页条数」时出现，带真实总数、不含结论 (2.676166ms)
✔ ④ 名单就是全部时不许出现这条说明（不许无中生有地打折扣） (0.500125ms)
✔ ⑤ 结构性：页面只送**真的有**的数，拿不到就不写这个字段 (0.145959ms)
✔ 判据①：第一人称的交白卷必须被抓住（「我不知道 / 我查不到 / 我无法判断」） (0.906833ms)
✔ 判据②：三条出口都必须放过（带标签的推断 / 点明缺哪块数据 / 说公开面规则） (0.124583ms)
✔ 判据③：真实实录里那条合规回答必须过（逐字，出自 reports/live-model-eval-raw.json 的 c40） (0.102167ms)
✔ 判据④a：标了「推断」就必须说依据（合成的「只有方向、没有出处」必须红） (0.062ms)
✔ 判据④：标定 —— 58 条真实模型回答里，这条守卫一条都不许误伤（含 18 条带「推断」标签的） (0.176125ms)
✔ 判据④b：上线当天真机漏掉的那一句，必须已经收进词表（逐字，出自 /tmp/probe/unknown-probe.json 的 p3） (0.050042ms)
✔ 判据④c：「推测」与「推断」等价（真机两种混用），但依据那条牙两边一样硬 (0.054875ms)
✔ 判据⑤：`required:false` 时一个字都不判（本地模板/未声明要预测的包） (0.034625ms)
✔ 判据⑥：模型包自己声明「这一问需要预测」，守卫的 required 与它同源 (0.081583ms)
✔ 接线①：只回「我不知道」⇒ 走纠错通道再问一次，改对了就发模型那一句 (20.855ms)
✔ 接线①b：标了「推断」但没依据 ⇒ 同一张纠错券，回执里的原因族是 prediction-without-basis (8.960167ms)
✔ 接线②：两次都交白卷 ⇒ 降级成本地已核验结论，并如实写出原因（不许端给玩家） (7.26475ms)
✔ 接线③：反证 —— 同一句话加上标签就必须通过（证明红的来源就是这条守卫） (13.008958ms)
✔ 接线④：反证 —— 把出口拆掉就红（最小对：合规句 vs 删掉点数据那半句） (0.116ms)
✔ 接线⑤：本地确定性路径（不带模型）不受这条守卫影响 (6.504042ms)
✔ 接线⑥：这份判据真的在 test:unit 的手写清单里（不接线 = 没在跑） (0.154667ms)
✔ ① 契约文本钉死：交给教练的局面必须写明「公开 / 不含对手待执行动作与真实随机种子」 (0.347666ms)
✔ ② 隐藏键在各种写法与**任意深度**下都被拒（递归检查真的在跑） (0.673625ms)
✔ ② 的反证：合法公开 state 必须**被放行**（否则上面那条只是"一律拒绝"） (0.068834ms)
✔ ③ B1：把出招顺序说反（"先看对手出招再…"）必须判不合格 (0.719541ms)
✔ ④ B3：四类「确定性预测对手动作」必须红 (0.207959ms)
✔ ⑤ B3 的反证：可能性 / 否定 / 条件句 / 过去事实 **一个都不许误伤** (0.171292ms)
✔ ⑥ 规则文档必须在，且写着三条规则与人类原话（删掉就红） (0.233333ms)
  · [实际] 报告字节 = 373214 ；schema = roco-rag-eval/v1
  · [实际] 两次重算 = 逐字节相同
  · [实际] 总计 = 45 ；分类 = {"entity_alias":9,"skill_mechanic":8,"rule_version":8,"conflict_abstain":11,"lineup_counter":9}
  · [实际] 最长逐字重合 top3 = R07:7(回合末自然回能) R03:6(常规能量上限) R05:6(首次入场能量)
  · [实际] 既有 fixture 条数 = 144 ；交集 = 0 ；最高 token Jaccard = {"value":0.1667,"heldout":"M08","fixture":"x69"}
  · [实际] 出处种类 = {"pack_entity":11,"owned_pet":2,"ledger_entry":20,"ruleset_config":7,"pack_conflict_policy":1,"pack_conflict":3,"pack_absence":1}
  · [实际] 声明 = {"total":45,"by_category":{"conflict_abstain":11,"entity_alias":9,"lineup_counter":9,"rule_version":8,"skill_mechanic":8},"ids_sha256":"01696cff9b6b0ee76abe8e73388e7fbe9f0f7a7a4a4010978ee292d4d8dc6ec8"} ；重算 = {"total":45,"by_category":{"conflict_abstain":11,"entity_alias":9,"lineup_counter":9,"rule_version":8,"skill_mechanic":8},"ids_sha256":"01696cff9b6b0ee76abe8e73388e7fbe9f0f7a7a4a4010978ee292d4d8dc6ec8"}
  · [实际] baseline_searchKnowledge: R@1=0 R@3=0 R@10=0 MRR=0 实体命中=0 版本命中=0.16666666666666666 冲突弃答=0
  · [实际] baseline_lexical_pack: R@1=0.6470588235294118 R@3=0.7941176470588235 R@10=0.9117647058823529 MRR=0.7285130718954249 实体命中=0.9117647058823529 版本命中=0.5 冲突弃答=0
  · [实际] rag_index: R@1=1 R@3=1 R@10=1 MRR=1 实体命中=1 版本命中=1 冲突弃答=0.9090909090909091
  · [实际] 抽样 = 44 ；grounded = 44 ；precision = 1
  · [实际] 等级不一致的查询 = 0 ；等级匹配率 = 1
  · [实际] 弃答原因分布 = {"EVIDENCE_LEVEL_INSUFFICIENT":6,"UNRESOLVED_IDENTITY_CONFLICT":3,"NO_MATCH":1}
  · [实际] 探针 = 13 条；未按预期 = （无）
  · [实际] 判据 = coverage:ok leakage:ok fixture_intersection:ok derivation:ok abstain_consistency:ok conflict_abstention:ok grounded:ok version_hit:ok evidence_level:ok baselines_reported:ok query_manifest:ok probe_reported:ok catalog_coverage:ok no_clock:ok
  · [实际] rc = 1 ；E01 hit@1 true → false ；Recall@1 1 → 0.9705882352941176
  · [实际] rc = 1 ；清单判据=红（声明 45 → 实际 44） ；弃答分母 11 → 10
  · [实际] rc = 1 ；抹掉 pet::pet_000011 的 1 条 provenance ；grounded precision 1 → 0.9772727272727273 ；问题原文 = E05 → pet::pet_000011: pet::pet_000011 没有任何 provenance 条目
  · [实际] rc = 1 ；问题条数 = 10；原文 = C01 期望 ABSTAIN 却被算成命中 | C03 期望 ABSTAIN 却被算成命中
  · [实际] rc = 1 ；原文 = E01 泄漏：contained_in=["injected::leak"] max_lcs=18（限 8）
  · [实际] rc = 1 ；原文 = E02 与既有 fixture injected 逐字相同：彩虹独角兽在公开索引里是首领形态吗
  · [实际] 抽样 50/622：精灵卡 50/50，特性技能 50/50
  · [实际] 删掉 pet_000001（喵喵）后：该只 hit=false，总体 1 → 0.98
  · [实际] R1 把 E01 的 expected 改成 EV-BATTLEMODE-PARAMETERIZED → 按预期翻红；该条 hit@1=false（原 true）；Recall@1 1 → 0.9705882352941176
  · [实际] R7 删掉 pet_000001（喵喵）的图鉴文档 → 按预期翻红；该只 hit=false；总体覆盖 1 → 0.98（doc 存在=true）
  · [实际] R2 删掉 ④ 类查询 C01 → 按预期翻红；清单判据=红（声明 45 条 → 实际 44 条）；弃答分母 11 → 10
  · [实际] R3 抹掉 pet::pet_000011 的 provenance → 按预期翻红；grounded precision 1 → 0.9772727272727273；grounded 判据=红
  · [实际] R4 把 ABSTAIN 也算成命中 → 按预期翻红；abstain_consistency 判据=红；问题=10 条
  · [实际] R5 把 E01 的查询原文塞进语料 → 按预期翻红；泄漏条数=1；E01 泄漏：contained_in=["injected::leak"] max_lcs=18（限 8）
  · [实际] R6 把既有 fixture 条目换成 E02 的查询 → 按预期翻红；交集=1：E02 与既有 fixture injected 逐字相同：彩虹独角兽在公开索引里是首领形态吗
  · [实际] scope = RC-204 held-out 检索评测：内部一致性 + 可追溯性判据。不是端到端回答质量、不是玩家体验、不是独立盲评。
  · [实际] vector = NOT_IMPLEMENTED（无本地嵌入模型、不联网；接口留在 rag-index.searchIndex 的 vector 选项上）
✔ 真产物：reports/roco/rag/rag-eval.json 存在、可解析、与重算逐字节一致（--check 判据） (4.739334ms)
✔ 可复跑：同输入两次计算结果逐字节相同（generated_at 在单独 metadata 里） (2902.809458ms)
✔ 五类各 ≥8 条、总计 ≥40 条，且分类计数与清单声明一致 (0.18875ms)
✔ held-out：查询不逐字出现在语料里（完全包含 + 最长逐字重合） (0.114834ms)
✔ held-out：与 tests/evals/retrieval*.json 的既有条目交集为空（给出判据与最大相似度） (0.557916ms)
✔ held-out：每条期望值都能在语料里追到出处（ref 存在 + anchors 命中；absence 类反向扫描） (0.115833ms)
✔ 清单：query_manifest 与查询集一致（删改一条查询必须被发现） (0.1415ms)
✔ 指标：三套检索器（含现有 searchKnowledge 原样）都有完整指标，基线差如实报出 (1.482292ms)
✔ grounded precision：抽样 top-1 逐条能追到 provenance/证据（1.0 才算过） (0.088875ms)
✔ 证据等级：六级常量与台账库一致；每条查询声明的等级都在六级内 (0.116167ms)
✔ 每条查询的逐条明细都在：top-3 + 命中与否 + 为什么 + 弃答原因 (0.168375ms)
✔ 探针集：另外写、只跑一次、失败也登记（不许只报主集） (0.108167ms)
✔ 判据集合：全部通过，且每组都写了「什么输入必须让它红」 (0.079666ms)
✔ 反证① 把某条查询的 expected 改成错实体 ⇒ 该条判错且指标下降 (880.18025ms)
✔ 反证② 删掉一条 ④ 类查询 ⇒ 清单判据红、弃答分母变化被记录 (2881.340791ms)
✔ 反证③ 抹掉某条结果的 provenance ⇒ grounded precision 下降、判据红 (2941.936625ms)
✔ 反证④ 让 runner 把 ABSTAIN 算成命中 ⇒ 口径判据红 (895.862416ms)
✔ 反证⑤ 把一条 query 原文塞进语料 ⇒ 泄漏判据红 (701.5575ms)
✔ 反证⑥ held-out 与既有 fixture 交集非空 ⇒ 红 (4.903917ms)
✔ 判据⑤：图鉴抽样覆盖 = 1（每只的图鉴卡与特性技能都能被检索到） (2923.16975ms)
✔ 判据⑤ 的形状：抽样是**确定性**的（同一输入两次逐条相同、顺序稳定） (5.234042ms)
✔ 反证⑦ 删掉某只抽样精灵的图鉴文档 ⇒ 那一只必须变成未覆盖 (2075.723583ms)
✔ 反证自检：--selftest 的六条注入反证全部按预期翻红 (12091.148083ms)
✔ 边界：报告自己声明了不声称的东西（不是端到端 / 不是真人体验 / 向量未做） (0.107667ms)
  · [实际] 库 = L1(rule/ready) L2(rule/ready) L3(rule/ready) L4(rule/ready) L5(rule/ready) L6(rule/ready) L8(player/ready)
  · [实际] ready 库文档数 = L1:114 L2:1446 L3:120 L4:91 L5:54 L6:100 L8:542 ；pending = （无）
  · [实际] L1: 114 篇（台账 29 + 配置文档） ；L8: 542 篇
  · [实际] 映射 = {"ledger_entry":"L1","ruleset_config":"L1","pet_record":"L2","pet_form":"L2","battle_skill":"L2","trait_record":"L2","type_chart":"L3","tactic_card":"L4","term_entry":"L5","conflict_record":"L6","conflict_policy":"L6","owned_instance":"L8"}
  · [实际] 检查了 29 条结果，全部带可追的 lib_id
  · [实际] libs:["L1"] → EV-MARKS-PERSISTENCE ；libs:["L99"] → 抛错
  · [实际] 删库后联合视图 2467 → 1021 篇；剩余库 = L1,L3,L4,L5,L6,L8
  · [实际] 逐库对比 24 次全部逐字节相同；同一个全局索引按库过滤的写法有 3 / 8 条查询分数被 L2 的删除改掉（所以必须每库一个实例）
  · [实际] rag-libs: 库 L1 的输入路径不存在：data/roco/rulesets/__not_here__.json
  · [实际] ready+0 文档 → 抛；ready+空 inputs → 抛；声明了空 record_kind → 抛；pending(合成 L9)+0 文档 → 不抛（这是允许的）
  · [实际] rag-libs: 未知 lib_id：L99（不在 data/roco/rag/libs.json 里）
  · [实际] RAG_INPUTS = pack,ledger,rulesetDir,heldout,report,evalFixtures ；PLAYER_INPUTS = owned
  · [实际] 规则路径检查了 46 条结果，scope 全部为 rule
  · [实际] 规则路径 → SCOPE_EXCLUDED ；results = 0 ；filter_fallback = false
  · [实际] 玩家通道 → owned::own-0124,owned::own-0001,owned::own-0003,owned::own-0004,owned::own-0005
  · [实际] 混合问句「我的精灵有哪些技能」→ pet::pet_000471(L2),pet::pet_000023(L2)
  · [实际] 联合视图里玩家文档 542 篇，规则路径默认一篇都不返回
✔ 库注册表：每个 ready 库都建得出非空索引，声明的 record_kind 一篇都不缺 (0.945625ms)
✔ record_kind → lib_id 是单值映射：同一个种类不许属于两个库 (0.226791ms)
✔ 判据① 每条 results[] 都带 lib_id，且能在 libs.json 里找到（scope 与库声明一致） (141.850333ms)
✔ 判据①补 分库筛选：libs 写错一个字母直接抛，不许静默返回空结果 (2.399209ms)
✔ 判据② 删掉 L2（连同它的真源）⇒ 该库文档消失、其它库结果逐字节不变；共用全局索引时这条根本不成立 (110.3985ms)
✔ 判据③ 给某库一个假路径 ⇒ 建库直接抛（不许静默降级成空库） (79.32ms)
✔ 判据④ status=ready 却一篇文档都没有 ⇒ 抛；pending 库允许为空 (162.923583ms)
✔ 未知 lib_id ⇒ 抛（拼错库名不许当成「这个库没东西」） (26.052708ms)
✔ 判据⑤ RAG_INPUTS 与 PLAYER_INPUTS 的 key 交集为空（owned 不再算规则语料） (27.147791ms)
✔ 判据⑥ 规则路径返回项的 scope 恒为 rule（玩家个体不会从规则路径漏出来） (107.085416ms)
✔ 判据⑦ 「我的个体」问句：要么走玩家通道、要么显式弃答 —— 不许静默回落到无关规则文档 (43.920375ms)
✔ 仓库根与注册表路径是相对仓库根解析的（不是相对 CWD） (0.088834ms)
✔ 判据①：L4 是 ready、只收 tactic_card，输入（派生产物）在磁盘上 (0.715791ms)
✔ 判据②：91 篇卡片文档，id 与真源逐条相同 (62.215958ms)
✔ 判据③（漂移守卫）：产物记的 source_sha256 == 当前 content.js 的 sha (0.500041ms)
✔ 判据④：要打法的问句 top-1 就是卡片 (136.676167ms)
✔ 判据⑤（反证）：事实/证据问句里卡片不许当候选 (110.971416ms)
✔ 判据①：L5 是 ready、只收 term_entry，输入路径在磁盘上 (0.746541ms)
✔ 判据②：54 篇 term 文档，全部 rule scope，每篇都有真 provenance (60.318625ms)
✔ 判据③：定义型问句的 top-1 就是术语原文 (142.082375ms)
✔ 判据④（反证）：只是话题上碰到那个词的问句，术语不许当候选 (78.2115ms)
✔ 判据⑤（反证）：输入路径不存在 ⇒ 抛（不许静默变成空库） (13.1825ms)
  · [实际] L3 = {"status":"ready","scope":"rule","inputs":["data/roco/normalized/roco-world-s4-2026-09-10/types.json"],"record_kinds":["type_chart"]}
  · [实际] ready 库文档数 = L1:114 L2:1446 L3:120 L4:91 L5:54 L6:100 L8:542 ；pending = （无）
  · [实际] 联合视图 2467 篇；L3 从第 2203 篇起连续 120 篇（末尾追加）
  · [实际] top3 = type_chart::冰系(L3)@3170.002294 type_chart::恶系|冰系(L3)@546.458294 type_chart::冰系|草系(L3)@546.438369
  · [实际] 冰系 weak = "火系×2 地系×2 武系×2 机械系×2" ；篡改倍率后复算报问题 = 2 条
  · [实际] top-1 = type_chart::火系 ；top-10 里 L3 = 10 条
  · [实际] 注意：进攻向问句的 top-1 = type_chart::火系 （同名文档的防御向正文）；可复算的「火系克制X系」行来自 type_chart::火系|虫系,type_chart::火系|冰系,type_chart::火系|草系,type_chart::草系|火系
  · [实际] 删前 top3 = type_chart::冰系,type_chart::恶系|冰系,type_chart::冰系|草系 ；删后 top3 = type_chart::冰系|草系,type_chart::草系|冰系,type_chart::冰系|地系
  · [实际] types.json（快照）的档位 = [0.25,0.5,2,3] ；L3 文档正文（= 裁决口径）的档位 = [0.25,0.5,2,4]
  · [实际] 单属性 18 条、共 113 格，逐格与快照相同
  · [实际] 120 条键（18 单 + 102 双）逐条与裁决口径复算，不一致 = 0 条
  · [实际] 互为反写的键 = 32 条 = 16 对
  · [实际] 语料正文与旧快照的差异格 = 41 （手写清单 = 41 ）
  · [实际] 写 ×4 的文档 = 38 条；样例 = 光系|地系 受 草系：快照 ×3 → 裁决 ×4；光系|水系 受 草系：快照 ×3 → 裁决 ×4；冰系|地系 受 机械系：快照 ×3 → 裁决 ×4
  · [实际] 反证：旧口径（照抄快照行）与快照的差异 = 0 格 ⇒ 判据③ 必红（41 ≠ 0）；裁决口径 = 41 格
  · [实际] P10 = {"expected":"type_chart::冰系","expectation_prior":"ABSTAIN","category":"lineup_counter"}
  · [实际] 冰系被哪些属性克制 → type_chart::冰系 （旧期望 ABSTAIN 已随语料补齐而失效）
  · [实际] type_chart 的归属 = L3 ；pending = 
✔ 注册表：L3 是 ready，inputs 就是那份转录；record_kinds / scope 不变；RETIRE 那句仍钉着 (1.152042ms)
✔ 文档形状：id/record_kind/lib_id/scope/provenance 指针逐条可解，且**追加在既有文档之后** (1.658042ms)
✔ 判据① 正向：「冰系被什么克制」top-1 是 type_chart::冰系，正文倍率与真源逐字相同 (29.624083ms)
✔ 判据① 补 进攻向问句（「火系克什么」）：top-k 里有 L3 条目，且「火系克制X系 ×N」能复算 (29.013ms)
✔ 反证② 删条：把「冰系」从真源内存副本里删掉 ⇒ 同一问题查不到 type_chart::冰系 (74.045542ms)
✔ 判据③ 档位：快照是 {0.25, 0.5, 2, 3}，而**语料按裁决是 {0.25, 0.5, 2, 4}**；两者与自研引擎的 1.5 / 0.75 都无交集 (0.847042ms)
✔ 判据①-补 单属性 18/18：正文与快照那一行逐字相同（裁决**没有**动单属性） (0.510208ms)
✔ 判据②-补 双属性 = 两系相乘：三条点名例子 + 102 条键全量复算 + 反写一致 (1.513292ms)
✔ 判据④ 双属性按两系相乘：与旧快照恰好差 41 格（×3 → ×4），逐格对账 (11.698959ms)
✔ 改钉不删：P10 旧期望的原话逐字保留、探针口径没动，而新期望（答得出）实测成立 (9.219417ms)
✔ 库清单：L3 的 update_mode 说的是「整库重建」，且 libs.json 里仍只有 L3 声明 type_chart (0.294542ms)
  · [实际] runTool 分支 = if(name!=='search_rules')return executeTool(name,args,context,message); const rulesVersion=context.battle?.version||RULES_VERSION; // 第二处插入点（RC-205）：服务端装配（`createCoachServer({semantic:true})` → `baseProvider.retrieve`） /
  · [实际] 注入路径回执 keys = rulesVersion,cards,usedCharacters,method,missing,rag,notApplicableHere ；rag = {"mode":"shadow","retrievalPath":"lexical","available":true,"would_be":{"hit":true,"path":"rag","ids":["EV-ENERGY-ENDTURN-REGEN","EV-TURN-LIMIT-EXISTS-PVP","EV-
  · [实际] RAG_MODES = legacy,shadow,rag ；空 env → shadow ；未设 → shadow ；写成 RAGGY → shadow ；当前进程 = shadow
  · [实际] 3 条固定输入：legacy 回执 === 改前那一行 searchKnowledge 的输出（逐字节），且没有 rag 字段
  · [实际] 「哪条台账说回合末自然回能被多源反驳」shadow 多出的字段 = {"mode":"shadow","retrievalPath":"lexical","available":true,"would_be":{"hit":true,"path":"rag","ids":["EV-ENERGY-ENDTURN-REGEN","EV-TURN-LIMIT-EXISTS
  · [实际] 「换宠 回合」shadow 多出的字段 = {"mode":"shadow","retrievalPath":"lexical","available":true,"would_be":{"hit":false,"reason":"NO_MATCH：语料里没有可支撑的候选","would_be":{"path":"rag","abstaine
  · [实际] 「我的个体面板换算公式有吗」shadow 多出的字段 = {"mode":"shadow","retrievalPath":"lexical","available":true,"would_be":{"hit":false,"reason":"问句点名了玩家个体数据，但两条通道都没有过门槛的结果（规则：SCOPE_EXCLUDED；玩家：无结果）","w
  · [实际] 「不存在的东西在语料里有吗」shadow 多出的字段 = {"mode":"shadow","retrievalPath":"lexical","available":true,"would_be":{"hit":true,"path":"rag","ids":["EV-ENERGY-COST8-EXISTS"],"lib_ids":["L1"],"top
  · [实际] retrievalPath = rag ；library = ["L1"] ；ids = EV-ENERGY-ENDTURN-REGEN,EV-TURN-LIMIT-EXISTS-PVP,EV-WEATHER-STANDARD-PVP
  · [实际] 回执字节 = 1718 （runtime 上限 10000）
  · [实际] RAG 弃答 → retrievalPath=lexical-fallback；reason=NO_MATCH：语料里没有可支撑的候选
  · [实际] RAG 低于门槛 → retrievalPath=lexical-fallback；reason=最高相关度 0.900 低于门槛 25
  · [实际] 索引层不可用 → retrievalPath=lexical-fallback；reason=RAG 索引层不可用：注入：rag-index 加载失败
  · [实际] 玩家通道也没结果 → retrievalPath=lexical-fallback；reason=问句只落在玩家个体数据上，玩家通道也没有过门槛的结果：SCOPE_EXCLUDED
  · [实际] 默认实现（无注入，动态 import rag-index + 真语料）→ rag EV-ENERGY-ENDTURN-REGEN@L1,EV-TURN-LIMIT-EXISTS-PVP@L1,EV-WEATHER-STANDARD-PVP@L1
  · [实际] 「印记在精灵下场之后会不会消失」删条前 top-k = EV-MARKS-PERSISTENCE,pet::pet_000471,trait::skill_000055 → 删条后 = pet::pet_000471,pet::pet_000023
  · [实际] 有答案的 held-out = 34 ；rag 分支 recall@3 = 1.0000 ；词法（卡片 id 空间）recall@3 = 0.0000
  · [实际] rag 没命中的 = （无）
  · [实际] 默认 → 编造 id 不被发现（与改前一致）；ragCitations:true →  unsupported-number:999999|unsupported-citation:pet::pet_999999
  · [实际] strategy:"rag" → 抛；lexical / semantic / fusion → 正常
  · [实际] read_state 同步；search_rules（默认 shadow）→ cards 3 + rag shadow
✔ 判据① 两处插入点都在源码里（runtime.runTool 的注入分支 + toolbox 的 search_rules 分派） (2.052792ms)
✔ 判据①补 真的跑一遍 runtime 的注入分支：回执里必须出现 rag 字段 (32.756875ms)
✔ 判据② ROCO_RAG_MODE 默认 shadow（不认识的值也落回 shadow，不落 legacy） (0.116ms)
✔ 判据③ legacy 模式：回执与接线前**逐字节相同**（接线前就是那一行 searchKnowledge） (10.586583ms)
✔ 判据④ shadow 模式：只多一个字段 `rag`，正文/卡片集合/method/missing 一个字节都不变 (69.684625ms)
✔ 判据⑤ rag 分支命中：结果行里有 lib_id，且正文投影后回执不超预算 (11.818375ms)
✔ 判据⑥ 兜底路径：空/弃答/低于门槛/索引不可用 四种情况都如实写 lexical-fallback + 原因 (95.648875ms)
✔ 判据⑦ 反证：删掉一条台账规则 ⇒ ① 检索里不再出现它 ② rag 分支的 top-k 变了 (126.417042ms)
✔ 判据⑧ 45 条 held-out：rag 分支的 recall@3 ≥ 词法（legacy）分支 (454.080958ms)
✔ 判据⑨ 引用白名单：rag 模式下编造的 pet:: id 被抓；发过的 id 与默认模式不受影响 (1.280458ms)
✔ 判据⑨补 searchKnowledge 不认识的策略显式抛（strategy:"rag" 不许静默走 IDF） (3.748166ms)
✔ 接线不改变其它工具：executeTool 的 search_rules 之外仍是同步返回（legacy 契约） (86.991041ms)
✔ ① 奖励脚本不读成绩单、不写判据（静态审计现在通过） (0.850167ms)
✔ ① 反证：读成绩单 / 往 tests/ 写 ⇒ 必须被抓到 (0.139625ms)
✔ ② 奖励的分量**真的在驱动分数**：强制一个分量 ⇒ 分数必须变 (1.410208ms)
✔ ② "坏臂"必须显著低于"好臂"（否则奖励测不出能力） (0.717875ms)
✔ ③ 每条奖励分量都能回指到一条 checkable；不可观测的**写 null 不进分母** (0.428209ms)
✔ ③ 确定性：同输入两次逐字节相同；产物与重算一致 (249.629459ms)
✔ ③ 输入指纹在产物里（可回查这次奖励是对哪两份数据算的） (0.168334ms)
  · [实际输出] 工坊 ROLE_CN = {"attacker":"输出","tank":"坦克","recovery":"回复","control":"控制","support":"辅助"}
  · [实际输出] 产品页 ROLE_LABEL = {"attacker":"输出","tank":"坦克","recovery":"回复","control":"控制","support":"辅助"}
  · [实际输出] 服务端 BOX_ROLE_LABELS = {"attacker":"输出","tank":"坦克","recovery":"回复","control":"控制","support":"辅助"}
  · [实际输出] 产品页 ROLE_ORDER = ["attacker","tank","recovery","control","support"]
  · [实际输出] 违规样本 → ["同一个定位 recovery 译法不同：工坊「恢复」 vs 产品页 ROLE_LABEL「回复」","同一个定位 recovery 译法不同：工坊「恢复」 vs 服务端 BOX_ROLE_LABELS「回复」","recovery 必须是「回复」（历史漂移是把函数内那份写成「恢复」），实际「恢复」"]
  · [实际输出] 缺键样本 → ["产品页 ROLE_LABEL 的键集合与工坊不一致：[\"attacker\",\"control\",\"recovery\",\"support\",\"tank\"] ≠ [\"attacker\",\"recovery\",\"support\",\"tank\"]","服务端 BOX_ROLE_LABELS 的键集合与工坊不一致：[\"attacker\",\"control\",\"recovery\",\"support\",\"tank\"] ≠ [\"attacker\",\"recovery\",\"support\",\"tank\"]","产品页 ROLE_ORDER 的顺序与工坊词表键顺序不一致：[\"
  · [实际输出] 顺序样本 → ["产品页 ROLE_ORDER 的顺序与工坊词表键顺序不一致：[\"support\",\"control\",\"recovery\",\"tank\",\"attacker\"] ≠ [\"attacker\",\"tank\",\"recovery\",\"control\",\"support\"]"]
  · [实际输出] team-workshop.js 里 ROLE_CN 声明处数 = 1
  · [实际输出] 含 recovery:「恢复」 = false
  · [实际输出] 二次声明样本 → ["team-workshop.js 里 ROLE_CN 必须**只声明一次**（真值源），实际 2 处","team-workshop.js 里仍有 recovery:「恢复」这一漂移写法"]
  · [实际输出] ROLE_CYCLE = ["","attacker","tank","recovery","control","support"]
  · [实际输出] 多选项样本 → ["下拉框选项 speedster 不在 ROLE_CN 里 → 玩家会看到英文枚举名"]
✔ ① 三处定位词表逐键相等（工坊 / 产品页 / 服务端） (0.797334ms)
✔ ① 必红方向：把工坊那份的 recovery 改回「恢复」必须被抓住 (0.1025ms)
✔ ① 必红方向：漏掉一个键 / 顺序变了也必须被抓住 (0.103375ms)
✔ ② 工坊文件里 ROLE_CN 只声明一次，且没有「恢复」漂移字面量 (0.428584ms)
✔ ② 必红方向：函数内再声明一份（原漂移的写法）必须被抓住 (0.230375ms)
✔ ③ 下拉框选项词表被 ROLE_CN 全覆盖 (0.102917ms)
✔ ③ 必红方向：下拉框里多一个词表没有的取值必须被抓住 (0.05075ms)
✔ RC-101 规则配置：两份都在，且生成逻辑与磁盘一致 (3.314375ms)
✔ RC-101 规则配置：两份配置本身合规（结构 / 必填 / BattleMode 指向真实模式） (0.418375ms)
✔ RC-101 规则配置：台账指纹必须对得上（台账改了配置就得重生成） (0.228834ms)
✔ RC-101 规则配置：每个 evidence_id 在台账里真的存在，且置信等级逐字相等 (0.557167ms)
✔ RC-101 规则配置：unknown 必须是 null + reason，不许补一个看起来合理的数 (0.176916ms)
✔ RC-101 规则配置：candidate 带具体值的字段必须标 CANDIDATE_HYPOTHESIS + microcase_id (0.312333ms)
✔ RC-101 规则配置：两个配置的字段 diff 与台账结论一致（candidate 没有被静默 promotion） (0.127833ms)
✔ C3-a 技能档位是 opt-in：只有 skillTier() 带 with_tier，普通 skill() 不带 (0.196459ms)
    实际逐字段判决：{"fields":10,"PROMOTABLE":0,"NOT_PROMOTABLE":10,"REFUTED":0,"recordings":0}
      battle_mode.team_size=NOT_PROMOTABLE
      battle_mode.active_count=NOT_PROMOTABLE
      energy.max=NOT_PROMOTABLE
      energy.regen.per_turn=NOT_PROMOTABLE
      energy.initial=NOT_PROMOTABLE
      energy.charge=NOT_PROMOTABLE
      turn_order.action_order=NOT_PROMOTABLE
      turn_order.speed_tie=NOT_PROMOTABLE
      turn_order.end_turn.order=NOT_PROMOTABLE
      turn_order.end_turn.unknown_stages_allowed=NOT_PROMOTABLE
    实际：energy.max=PROMOTABLE；其余 PROMOTABLE 0 条
    实际（等级不足 COMMUNITY_CURRENT）：energy.max=NOT_PROMOTABLE — MC-E01 记录的 confidence="COMMUNITY_CURRENT" 不是 RECORDED_IN_GAME / OFFICIAL_CURRENT：这一级不足以 promotion
    实际：energy.max=REFUTED
      台账 EV-ENERGY-MAX 现在是 CROSS_SOURCE_SUPPORTED；本次记录是 RECORDED_IN_GAME。promotion 时台账那条必须一并改成 RECORDED_IN_GAME/OFFICIAL_CURRENT —— 改台账是人的决定，本脚本不代做
      观测到的能量读数最大值 energy_max_observed=12 与候选值 10 不一致
    实际配置 sha256：before=1892652bd90e8746… after=1892652bd90e8746…
    实际（过期记录）：记录过期：recorded_at=2020-01-01 距今天 2462 天，超过上限 548 天（旧录像对应的可能是另一个游戏版本，必须重录）
    实际：变绿字段 ["energy.max","energy.regen.per_turn","energy.charge"]；can_be_default=false
    实际：12 条，失败 0 条
    实际反证条数：10
    实际（/tmp 里的坏副本）登记表问题原文：[record.confidence] MC-E01 — confidence 只允许 RECORDED_IN_GAME / OFFICIAL_CURRENT，实际 "COMMUNITY_CURRENT"（社区页面 / 官方转载 / 仓库内部事实源都不能顶这里）
    实际 sha256：{"candidate":"1892652bd90e87462b3acc34cc148f3103ea45b4a7ed6fc047ccdfc8aef81ab2","ledger":"267e9b4eeb85342947c7168587650b610c1aa63172a4823772ab8f629bdb0bd8","caseRecords":"aa55b411741ddfda8d9f88ca768b511fe68927eadad849b5d815b8977f512f73","recordings":"e49e6edc9405194b73032238f25f380c0664b58ff28f8016eb1befff345c84c9"}
✔ RC-102 登记表：真仓库的 recordings 必须是空数组（本阶段没有录到任何实机） (0.784125ms)
✔ RC-102 判决：空记录表 → 候选配置每个字段都 NOT_PROMOTABLE，且理由点名缺哪条 MC-E (1.271166ms)
✔ RC-102 判决：伪造一条合法记录（内存）→ 对应字段变 PROMOTABLE（证明判据不是恒假） (1.127875ms)
✔ RC-102 判决：记录与候选值冲突 → REFUTED，且配置 sha256 前后完全一致（脚本不改配置） (0.446625ms)
✔ RC-102 判决：media_ref / pass_criteria / 记录过期 / 日期不可解析 各有必红方向 (2.008458ms)
✔ RC-102 判决：candidate_config_can_be_default 恒为 false（即使字段全绿也不许自动转默认） (0.426583ms)
✔ RC-102 自检：--selftest 的 12 条用例全部通过（≥6 条反证） (3.817667ms)
✔ RC-102 边界：报告只写 rule-promotion.json，且 data/ 下的只读输入一个字节都没变 (1.376291ms)
✔ ① 营地里，规则表自己的常量答对了就要放行（否则玩家拿到的是模板「我在。」） (1.112042ms)
✔ ② 编的数字仍然被拒（放松不等于不判） (0.397834ms)
✔ ③ 白名单**只认规则表本体**：宠物数值/规则文案里的数不算可追溯 (0.082333ms)
✔ ④ 来源不许另抄一份：判定必须跟着规则表走（且不吞规则文案） (1.350042ms)
✔ /api/coach：模型正文里的**未经登记的数字**由服务端拦下并降级（非浏览器调用方同样被守） (51.76825ms)
✔ 反向控制：干净正文必须放行（守卫不是恒假） (48.289083ms)
✔ 反证（必红）：把修复回退成「只有浏览器守」的形状，同一条判据必须报 (0.140459ms)
✔ 数字守卫本身不空：同一份 checkGroundedAnswer 既拦凭空数字、也放行可追溯数字 (0.207ms)
✔ 数字守卫不许有"1/2/3 免检"，中文数字也要进校验 (1.515041ms)
✔ ① 模型调用点是**已知常数**（加一处就必须显式改这里并写理由） (1.232542ms)
✔ ② 反证：多一个调用点 ⇒ 必须能被抓到 (1.371041ms)
✔ ③ 教练核心里**没有**编排结构（子进程 / 子代理 / 线程） (3.294584ms)
✔ ③ 反证：往核心里塞一个子进程/子代理 ⇒ 必须红 (0.100458ms)
✔ ④ 资源约束是真的：4B 并发上限是 1（"不拆"的物理理由） (0.325709ms)
✔ RC-106 绑定：标准 PVP 必须绑到带 mana/actions 的候选（改回 v2 就红） (0.674208ms)
✔ RC-106 模式规模：登记表是唯一事实源，配置必须跟着它生成 (2.445875ms)
✔ RC-106 v2/v3：区别只有 mana / actions / binding 三处（+ 2026-09-23 的「每只 10 星」开关） (0.3945ms)
✔ RC-106 接线：这份测试真的在 test:unit 的手写清单里 (0.159708ms)
  · [实际] 登记表绑定 = mobile_s4_candidate_v3
[roco] 对手候选（我的可用物种）: 536 pet_000007,pet_000008,pet_000009,pet_000010,pet_000011,pet_000012,pet_000013,pet_000014
✔ 模式 → 规则配置：必须读登记表，不许在 Node 里抄字符串 (0.724084ms)
  · [实际] mana = {"self":4,"opponent":4,"pool":4} ；覆盖 = {"path":"turn_order.speed_tie","value":"random_seeded","confidence":"ENGINE_HYPOTHESIS","reason":"同速平手裁决在候选配置里是 UNKNOWN（MC-E05 未录制）。不声明它就打不下去（引擎按纪律抛错）；这里显式按 legacy 那份已登记的工程权宜 random_seeded 走，界面同样要标未核验","microcase_id":"MC-E05","unverified":true}
✔ 六宠标准 PVP：开局给 6 只、魔力 4/4、覆盖逐条带出处 (198.652708ms)
[roco] 对手候选（我的可用物种）: 536 pet_000007,pet_000008,pet_000009,pet_000010,pet_000011,pet_000012,pet_000013,pet_000014
  · [实际] 合法动作 kind = skill,charge,switch,magic,surrender
  · [实际] 塞进 item 的报错 = [FORBIDDEN_KIND_LEAKED] 第 12 个动作是 item（模式明令禁止，页面不该收到它）
✔ 标准 PVP 的合法动作：没有 item / escape，有 charge / surrender（模式闸必须放行） (375.770666ms)
  · [实际] legacy 合法动作 = skill,switch,item,escape ；mana = null
✔ legacy 练习局逐位不变：3 只、mana 是 null、道具与逃跑仍在（不是被顺手改掉的） (367.155333ms)
  · [实际] 队伍不足： 模式 pvp-standard-six-pet 每方需要 6 只精灵（登记表），实际 3 只
✔ 队伍规模与模式不符 ⇒ 400 并点名（不静默补默认队伍）；不认得的模式 ⇒ 400 列出登记表 (363.986667ms)
[roco] 对手候选（我的可用物种）: 536 pet_000007,pet_000008,pet_000009,pet_000010,pet_000011,pet_000012,pet_000013,pet_000014
  · [实际] 六宠对局：回合 20 结果 loss 魔力 {"self":0,"opponent":2,"pool":4}
  · [实际] 磁盘上的 speed_tie = null ；覆盖 = "random_seeded"
  · [实际] 常量 = {"path":"turn_order.speed_tie","value":"random_seeded","confidence":"ENGINE_HYPOTHESIS","reason":"同速平手裁决在候选配置里是 UNKNOWN（MC-E05 未录制）。不声明它就打不下去（引擎按纪律抛错）；这里显式按 legacy 那份已登记的工程权宜 random_seeded 走，界面同样要标未核验","microcase_id":"MC-E05"}
✔ 六宠标准 PVP 能一路打到终局：魔力归零判负（A4 的端到端） (370.3335ms)
✔ 同速平手：配置里是 UNKNOWN，靠**显式覆盖**才走得下去（覆盖不写回文件） (0.550584ms)
✔ 未核验覆盖的常量只有一份，且值与 microcase 对得上 (0.078916ms)
[roco] 对手候选（我的可用物种）: 536 pet_000002,pet_000004,pet_000006,pet_000008,pet_000010,pet_000012,pet_000013,pet_000014
✔ 标准 PVP 没有指定对手时：不许镜像我方（示例对手 + enemy_source 标记） (243.805042ms)
[roco] 对手候选（我的可用物种）: 536 pet_000002,pet_000004,pet_000006,pet_000008,pet_000010,pet_000012,pet_000013,pet_000014
  · 换算口径实测：{damage:101}→101、{min:101,max:216}→216、全空→null；三条反证全部命中
✔ 自由动作的 API 边界：当成这一手打 /battle/advance 必须 400 并点名 /battle/free；/battle/free 放行且回合不变（且这一手仍能出技能） (196.429833ms)
✔ 预期伤害的换算口径：damage 优先、其次上界 max、都没有就是 null（绝不补 0）——直接跑 roco.js 里的真函数 (0.16825ms)
[roco] 对手候选（我的可用物种）: 536 pet_000002,pet_000004,pet_000006,pet_000008,pet_000010,pet_000012,pet_000013,pet_000014
  · plan 样本：available=true samples=[{"label":"仙人掌刺击","min":441,"max":441,"multiplier":2,"multiplier_element":"草系","multiplier_defender_types":["水系"]},{"label":"抓挠","min":34,"max":34,"multiplier":1,"multiplier_element":"普通系","multiplier_defender_types":["水
✔ 真服务：plan 回执里的伤害样本必须与「页面换算得出来的数字」对得上（有攻击技就必须有样本） (299.026ms)
[roco] 对手候选（我的可用物种）: 536 pet_000002,pet_000004,pet_000006,pet_000008,pet_000010,pet_000012,pet_000013,pet_000014
✔ 投降：端到端判负 + mana 逐位不变；且「渲染那刻的下标」在局面变化后会指错动作（必红反证） (193.345542ms)
✔ 天气进模型题面：有天气说出名字与剩余回合，没天气一个字都不加 (0.66525ms)
✔ 天气进 UI 公开视图：引擎给了就带出去，没给一个键都不加 (0.39875ms)
✔ ① 脚本仍按"两臂配对 + 每回合问一次引擎推荐"跑（结构检查） (0.454042ms)
✔ ② 报告的数字形状自洽，且两个限制都写在里面 (0.201459ms)
✔ ① 该触发：几种问法都要触发；三只阵容给出"换掉第 N 只"的参数 (3.625375ms)
✔ ② 合同校验 = 引擎能力：3 与 6 都收，规模在登记表外的本地就拒 (0.138ms)
✔ ③ fail closed：六类对不上就不构造参数（运行时据此写"没有记录"的回执） (0.097375ms)
✔ ④ 对局里不抢：战斗上下文中的"换"是把场上那只换下去 (0.630959ms)
✔ ⑤ 开关：显式 ROCO_SWAP_COMPARE=0 才关（默认开） (0.132583ms)
✔ ⑥ 边界要玩家看得见：规模不在登记表里时说清规模，三只时说清缺的是问句目标 (0.089166ms)
✔ ⑦ 对比回执的投影：语义字段与特征值都在、大块被丢掉（含"不投影就超预算"的反证） (0.228333ms)
✔ ① 性格表 30 条、编号与名字唯一、每条恰好一个长处一个短处 (0.863541ms)
✔ ② 结构完备：6 个长处 × 5 个短处 = 30 组穷举（反证：改坏一条必红） (0.187458ms)
✔ ③ 修正系数：长处 1.2、短处 0.9、不受影响 1.0；**未知性格记 1.0 但标 known:false** (0.162584ms)
✔ ④ 面板公式：等级公式的算例（手算，含性格与突破档） (0.267167ms)
✔ ⑤ 缺输入不许拿 0 冒充：种族值缺 ⇒ 不算；天分缺 ⇒ 计入 0 但必须说出来 (0.10075ms)
✔ ⑥ 天分只许进面板**一次**（2026-09-28 改钉：一次 = 资质项 `3 × 6`，不再另加"每点 +6"） (0.120875ms)
✔ ⑦ 性格候选只做"算出来排序"，不替玩家拍板（防止纯机器算：它给的是材料不是结论） (4.678209ms)
✔ ⑧ 非 PVP 那一档只给**零突破下界**（人述 10%↔20% 的两句按台账引文可以同时为真） (0.151583ms)
✔ ⑨ 天分四档：按人类口述的"激活几条"判；判不出来必须如实说（不猜） (0.337917ms)
✔ ⑩ 默认 5 星：资质按 5 星档进面板 ⇒ 与 stars: 0 不同且更高（2026-09-28 改钉） (0.200542ms)
✔ ⑪ 5 星放大：系数是 `3 × talent_factor`；显示刻度 ×6 只做读数、不进面板（含两条反证） (0.146417ms)
✔ ① 存档来源只在 profile-shape.js 判定：两条来路都认，数组不算存档（反证） (0.440167ms)
✔ ② 客户端真形状下 teacher() 不许抛：返回与「拿不到存档」那份**逐字相同**的话 (0.4515ms)
✔ ③ 端到端：客户端真形状下问「培养点该往哪加？」不再 500，且本地作答、0 次模型调用 (5.092792ms)
✔ ④ 加了 profile.growth ⇒ 本地答出**等级/经验**，并说清没有加点（原版有的照旧给） (2.032042ms)
✔ ⑤ 存档在、但这只不在里面 ⇒ 走"not-in-save"那份，且不许报别只的等级 (0.142167ms)
✔ ⑥ 结构性：那句话只有一份（runtime.js 不许再抄一遍），键也只有一份 (7.918458ms)
✔ ⑥b 手游侧页面**故意不送**养成存档（把别份存档当玩家进度 = 编事实） (0.865416ms)
✔ ⑦ 边界：畸形形状 400（不是 500），三种合法形状放行 (0.620708ms)
✔ ⑧ 手游精灵编号当 focus：不许崩（小芽页真形状），且合法编号仍照旧生效（反证） (0.838ms)
✔ ⑨ 存档里有这一只、只是没带等级 ⇒ 说「缺的是等级」，不许说「没有这只」 (0.190458ms)
✔ ⑩ 出题用**玩家自己那只**（目标 ③）：能拿到面板就用它，拿不到就不出题（不许拿练习引擎那只冒充） (1.633292ms)
✔ ⑪ 老路不变：没有名单数组（营地 MVP 页）时仍用练习引擎那只出题 (0.208ms)
✔ ① 出题避开**做过**的变式：进度真的影响题目（反证：空记录时从第一档开始） (0.441708ms)
✔ ② 答错 ⇒ 讲解 + 记一条作答（quizLog 增长、标成不正确） (6.433791ms)
✔ ③ 进度问句从练习记录里答（0 次模型调用）：空记录 / 未掌握 / 已掌握三种都说准 (2.108833ms)
✔ ④ 记忆里的偏好**真的被用上**：对局内综合分改权重（培养那一档不再给加点建议） (17.418375ms)
✔ 同一句里既问事实又要出题 ⇒ 不许留下没显示过的 pendingQuiz，更不许据此判分 (3.5235ms)
✔ ① 名单进包：带 pets 时原样进 packet.roster，不带时这个键不出现 (8.889083ms)
✔ ② 事实守卫必须认得名单里的数字（否则引用真数据会被判成凭空） (0.218458ms)
✔ ③ 阵容问句：恰好三只 ⇒ evaluate_team 的参数就是那三只的 id (0.657625ms)
✔ ③b 多一只、少一只、没点名、名字对不上 —— 一律 fail closed (0.069542ms)
✔ ③c 开关：off 时政策与改动前一致，on 时才要求 evaluate_team (1.289667ms)
✔ ④ 「我这队」：引擎声明过的规模（3/6）直接评，其它规模**追问**而不是替玩家挑 (0.186ms)
✔ ④b 选中里有点名但解析不出 id 的 ⇒ fail closed（不许拿猜的 id 去评估） (0.04875ms)
✔ ④c 两支不许打架：已经点名三只时，「追问」必须让位给「评估」 (0.054875ms)
✔ ⑤ 回执里已经有评估结论时，正文不许说"我评不了"（一次假话都不许有） (0.176292ms)
  · [实际输出] ⓪-1 基线审计 = {
 "ok": true,
 "problems": []
}
  · [实际输出] ⓪-2 候选宇宙实测 = {
 "owned_instances": 542,
 "catalog_pet_entities": 622,
 "validated_species": 542,
 "recall_count": 50,
 "pool": {
  "universe": "catalog",
  "pool_size": 618,
  "universe_size": 1164,
  "owned_pool": 538,
  "catalog_pool": 80,
  "eligible_after_policy": 618,
  "favourites_only": false,
  "excluded_by_constraints": 4
 }
}
  · [实际输出] ⓪-3 候选的 namespace 分布 = [
 "owned_instance",
 "catalog_species"
]
  · [实际输出] ⓪-4 缺证据/缺 unverified/置信不在台账六级的候选数 = 0
  · [实际输出] ⓪-5 Top-K = {
 "top_k": 4,
 "ranks": [
  1,
  2,
  3,
  4
 ]
}
  · [实际输出] ⓪-6 Top-K 队伍里的图鉴物种成员 = []
  · [实际输出] ⓪-7 beam 预算与实际值 = {
 "beamWidth": 3,
 "nodeBudget": 120,
 "timeBudgetMs": 40,
 "maxTeams": 6,
 "actual_nodes": 10,
 "actual_elapsed_ms": null
}
  · [实际输出] ⓪-8 默认 beam 预算 = {
 "beamWidth": 4,
 "nodeBudget": 2000,
 "timeBudgetMs": 50,
 "maxTeams": 24,
 "actual_nodes": 13,
 "actual_elapsed_ms": null
}
  · [实际输出] ①-1 原始召回的实测数 = {
 "count": 50,
 "limits": {
  "min": 20,
  "max": 50,
  "eligible_after_policy": 618
 },
 "pool": 618
}
  · [实际输出] ①-2 candidate_universe=owned 的召回数 = {
 "count": 50,
 "pool": 540
}
  · [实际输出] ①-3 收窄到收藏池再排除 16 只 = {
 "count": 5,
 "pool_size": 379,
 "eligible": 5,
 "shortfall_reason": "5 个 < 下界 20（按 policy 收窄后可用 5 个）：候选池打分后有 379 个可召回（下界 20、上界 50）；按 policy 收窄后只有 5 个可用条目（打分池 379 个）：这已经是从注入的候选宇宙里、在当前约束下能拿出的全部；当前 candidate_universe = owned（玩家箱子口径）：只有 542 个实例可召回；要按 600+ 图鉴召回请显式给 policy.candidate_universe = 'catalog'；宁可如实报「凑不满」，也不用不满足硬约束的条目凑数"
}
  · [实际输出] ①-3b 召回 5 个（<20）却把 shortfall_reason 抹掉 = {
 "audit_ok": false,
 "problems": [
  "[RECALL_COUNT_UNEXPLAINED] recall.count：召回 5 个 < 下界 20，却没有 shortfall_reason：凑不满也要说明为什么，不许凑数，也不许沉默"
 ]
}
  · [实际输出] ①-4 召回 7 个（<20）但 shortfall_reason 为空 = {
 "audit_ok": false,
 "problems": [
  "[RECALL_COUNT_UNEXPLAINED] recall.count：召回 7 个 < 下界 20，却没有 shortfall_reason：凑不满也要说明为什么，不许凑数，也不许沉默"
 ]
}
  · [实际输出] ①-5 召回 50 个但上界写 5、overflow_reason 为空 = {
 "audit_ok": false,
 "problems": [
  "[RECALL_COUNT_UNEXPLAINED] recall.count：召回 50 个 > 上界 5，却没有 overflow_reason"
 ]
}
  · [实际输出] ①-6 count 与 candidates.length 不一致 = {
 "audit_ok": false,
 "problems": [
  "[RECALL_COUNT_UNEXPLAINED] recall.count：召回 53 个 > 上界 50，却没有 overflow_reason",
  "[RECALL_SHAPE] recall.count：count=53 与 candidates.length=50 不一致"
 ]
}
  · [实际输出] ①-7 owned 全被排除后的召回 = {
 "count": 0,
 "shortfall_reason": "0 个 < 下界 20（按 policy 收窄后可用 0 个）：候选池打分后有 0 个可召回（下界 20、上界 50）；候选池是空的：队伍已有 3 / 6 只，1164 个条目被 must_exclude / 已选 / species_unique 排除之后，没有剩下可召回的条目；当前 candidate_universe = owned（玩家箱子口径）：只有 542 个实例可召回；要按 600+ 图鉴召回请显式给 policy.candidate_universe = 'catalog'；宁可如实报「凑不满」，也不用不满足硬约束的条目凑数",
 "problems": [
  "[CONSTRAINT_VIOLATED] 还差 3 个槽位，但召回只有 0 个候选：补不出完整队伍，按 fail closed 如实报，不拿不满足硬约束的条目凑数"
 ]
}
  · [实际输出] ②-1 真实源码在线段的禁止模式命中 = {
 "online_section_lines": 94,
 "hits": []
}
  · [实际输出] ②-2 注入引擎调用后的命中 = [
 "[ONLINE_SUBPROCESS_CALL] 第2行 RocoClient ⇒ const client = new RocoClient('python3');",
 "[ONLINE_ENGINE_CALL] 第3行 plan_actions ⇒ const plan = client.plan_actions({});",
 "[ONLINE_ENGINE_CALL] 第4行 step_joint ⇒ const out = step_joint(plan, {});"
]
  · [实际输出] ②-3 被替换后的在线段命中 = [
 "[ONLINE_SUBPROCESS_CALL] 第3行 RocoClient",
 "[ONLINE_ENGINE_CALL] 第4行 plan_actions",
 "[ONLINE_ENGINE_CALL] 第5行 step_joint"
]
  · [实际输出] ②-4 用被替换的源码走审计 = {
 "ok": false,
 "problems": [
  "[ONLINE_SUBPROCESS_CALL] src/coach/team-candidates.mjs:3：在线段出现 RocoClient：在线候选生成里出现 Python 引擎客户端类：在线路径不连接引擎（实际源码 \"const client = new RocoClient('python3');\"）",
  "[ONLINE_ENGINE_CALL] src/coach/team-candidates.mjs:4：在线段出现 plan_actions：在线候选生成里出现引擎的规划入口：那属于离线 league/自博弈，不属于 300ms 的在线预算（实际源码 \"const plan = client.plan_actions({});\"）",
  "[ONLINE_ENGINE_CALL] src/coach/team-candidates.mjs:5：在线段出现 step_joint：在线候选生成里出现引擎的联合推进入口：候选生成只读静态数据，跑模拟是离线产标签的事（实际源码 \"const out = step_joint(plan, {});\"）"
 ]
}
  · [实际输出] ②-5 离线入口 buildOfflineLabelPlan 的位置 = {
 "in_online_section": false,
 "in_offline_section": true,
 "caller": "scripts/roco/measure-team-candidates.mjs 之外的离线流程（人工/后续 RC），本 RC 只钉边界"
}
  · [实际输出] ②-6 离线工作单（它自己不跑模拟） = {
 "runs_simulations": false,
 "steps": 8,
 "outputs": [
  "data/roco/ranker/team-ranker-v1.json exists=false",
  "data/roco/ranker/completion-value-v1.json exists=false",
  "reports/roco/team-candidates/matchup-bank.json exists=false"
 ]
}
  · [实际输出] ③-1 排序器状态 = {
 "ranker_status": "missing",
 "reason": "调用方没有注入排序器：本仓现在**没有**训练好的 Team Ranker 产物（13 号文档 §5.1 的离线链路尚未产出），所以不能假装有模型。排序退化成规则打分，并按台账标 confidence = ENGINE_HYPOTHESIS。",
 "confidence": "ENGINE_HYPOTHESIS",
 "score_source": "rule_score"
}
  · [实际输出] ③-2 产出里的伪精确键 = []
  · [实际输出] ③-3 resolveRanker(null) = {
 "status": "missing",
 "ranker": null,
 "ranker_id": null,
 "version": null,
 "reason": "调用方没有注入排序器：本仓现在**没有**训练好的 Team Ranker 产物（13 号文档 §5.1 的离线链路尚未产出），所以不能假装有模型。排序退化成规则打分，并按台账标 confidence = ENGINE_HYPOTHESIS。"
}
  · [实际输出] ③-4 ranker_status 改成 'ready'（但没有注入排序器） = {
 "audit_ok": false,
 "problems": [
  "[RANKER_OVERCLAIM] ranking.ranker_injected：ranker_status=ready，但 ranker_injected 不是 true：报「有排序器」就必须同时说明这次真的注入了它，否则就是把 missing 事后改成 ready"
 ]
}
  · [实际输出] ③-5 ranker 缺失却把排序置信写成 OFFICIAL_CURRENT = {
 "audit_ok": false,
 "problems": [
  "[RANKER_OVERCLAIM] ranking.confidence：ranker_status=missing 时 confidence 必须是 ENGINE_HYPOTHESIS，实际 \"OFFICIAL_CURRENT\""
 ]
}
  · [实际输出] ③-6 给 Top-K 队伍塞 win_rate = {
 "audit_ok": false,
 "problems": [
  "[PSEUDO_PRECISION] plan.ranking.teams[0].win_rate：键 win_rate：伪精确数值（胜率/强度分/评分/期望值一类）不许出现在产出里，任何层级都不行"
 ]
}
  · [实际输出] ③-7 队伍说明里直接写胜率 62% = {
 "audit_ok": false,
 "problems": [
  "[PSEUDO_PRECISION] plan.ranking.teams[0].unverified[0]：胜率：这只队伍的胜率是 62%，可以直接用",
  "[PSEUDO_PRECISION] plan.ranking.teams[0].unverified[0]：%（伪精确百分数）：这只队伍的胜率是 62%，可以直接用"
 ]
}
  · [实际输出] ③-8 否定句（不是胜率）的审计结果 = {
 "ok": true,
 "problems": []
}
  · [实际输出] ③-9 注入排序器后的排序状态 = {
 "ranker_status": "ready",
 "ranker_id": "team-ranker/v1",
 "score_source": "ranker",
 "confidence": "ENGINE_HYPOTHESIS"
}
  · [实际输出] ④-1 注入宇宙与产出 = {
 "injected_catalog_pet_entities": 622,
 "injected_owned_instances": 542,
 "reported_catalog_pet_entities": 622,
 "reported_owned_instances": 542,
 "pool_size": 618
}
  · [实际输出] ④-2 注入更小宇宙后的索引 = {
 "owned_instances": 10,
 "owned_species": 10,
 "catalog_pet_entities": 0,
 "catalog_species": 10,
 "validated_species": 542,
 "species_with_frozen_learnset": 542,
 "registered_attack_types": 18,
 "pets_without_type_tags": 0,
 "catalog_tier_learnset_tier": "native_only",
 "speed_values_available": 10,
 "speed_validated": 10,
 "speed_knowledge_only": 0
}
  · [实际输出] ④-3 更小宇宙下的召回 = {
 "count": 8,
 "shortfall_reason": "8 个 < 下界 20（按 policy 收窄后可用 8 个）：候选池打分后有 8 个可召回（下界 20、上界 50）；按 policy 收窄后只有 8 个可用条目（打分池 8 个）：这已经是从注入的候选宇宙里、在当前约束下能拿出的全部；宁可如实报「凑不满」，也不用不满足硬约束的条目凑数",
 "facts": {
  "owned_instances": 10,
  "owned_species": 10,
  "catalog_pet_entities": 0,
  "catalog_species": 10,
  "validated_species": 542,
  "species_with_frozen_learnset": 542,
  "registered_attack_types": 18,
  "pets_without_type_tags": 0,
  "catalog_tier_learnset_tier": "native_only",
  "speed_values_available": 10,
  "speed_validated": 10,
  "speed_knowledge_only": 0
 }
}
  · [实际输出] ④-4 产出把宇宙写成 48 只（注入的是 622 + 80） = {
 "audit_ok": false,
 "problems": [
  "[WHITELIST_FIXED_POOL] recall.facts.catalog_pet_entities：注入的 pack 有 622 个 pet 实体，产出却写 48：候选宇宙没有跟着注入数据走",
  "[WHITELIST_FIXED_POOL] recall.facts.owned_instances：注入的 owned 有 542 个实例，产出却写 48"
 ]
}
  · [实际输出] ④-5 候选池比注入宇宙还大 = {
 "audit_ok": false,
 "problems": [
  "[WHITELIST_FIXED_POOL] recall.pool.pool_size：产出的候选池（1165）比注入的候选宇宙（1164 个条目）还大：候选不可能凭空出现"
 ]
}
  · [实际输出] ④-5b 产出把候选宇宙写成 60 只（真实 pack 是 622） = {
 "audit_ok": false,
 "problems": [
  "[WHITELIST_FIXED_POOL] recall.facts.catalog_pet_entities：注入的 pack 有 622 个 pet 实体，产出却写 60：候选宇宙没有跟着注入数据走"
 ]
}
  · [实际输出] ④-6 召回里的图鉴物种（前 5 个） = [
 "pet_000604(量风碗)",
 "pet_000605(测风蝉)",
 "pet_000600(焰米龙)",
 "pet_000139(古啦多)",
 "pet_000598(未完虫)"
]
  · [实际输出] ⑤-1 基线的硬约束实际落位 = {
 "must_include": [
  "pet_000003"
 ],
 "must_exclude": [
  "own-0009",
  "own-0010"
 ],
 "locked": [
  "own-0001"
 ],
 "teams_member_species": [
  [
   "pet_000001",
   "pet_000002",
   "pet_000003",
   "pet_000505",
   "pet_000080",
   "pet_000442"
  ],
  [
   "pet_000001",
   "pet_000002",
   "pet_000003",
   "pet_000505",
   "pet_000080",
   "pet_000443"
  ],
  [
   "pet_000001",
   "pet_000002",
   "pet_000003",
   "pet_000505",
   "pet_000442",
   "pet_000080"
  ],
  [
   "pet_000001",
   "pet_000002",
   "pet_000003",
   "pet_000505",
   "pet_000443",
   "pet_000080"
  ]
 ]
}
  · [实际输出] ⑤-2 把 must_include 的成员删掉 = {
 "audit_ok": false,
 "problems": [
  "[CONSTRAINT_VIOLATED] beam.teams：must_include 里的 pet_000003 在补全结果里找不到：约束被违反，或者根本补不出队伍"
 ]
}
  · [实际输出] ⑤-3 把 must_exclude 的成员塞进队伍 = {
 "audit_ok": false,
 "problems": [
  "[CONSTRAINT_VIOLATED] beam.teams：must_exclude 里的 own-0009 出现在队伍成员 owned:own-0009 里"
 ]
}
  · [实际输出] ⑤-4 把 locked 的实例换掉 = {
 "audit_ok": false,
 "problems": [
  "[CONSTRAINT_VIOLATED] beam.teams：locked 的实例 own-0001 不在任何补全队伍里"
 ]
}
  · [实际输出] ⑤-5 召回里剔掉硬要求后的补全 = {
 "teams": 4,
 "ok": false,
 "problems": [
  "[CONSTRAINT_VIOLATED] 硬要求 pet_000003 既不在当前队伍里、也不在召回池里：按 policy.candidate_universe=catalog，补不出满足约束的队伍。请把它放进 selected / locked，或放开 policy 让图鉴物种参与召回"
 ]
}
  · [实际输出] ⑤-6 产出里 must_include 没落位 = {
 "audit_ok": false,
 "problems": [
  "[CONSTRAINT_VIOLATED] beam.teams：must_include 里的 pet_000003 在补全结果里找不到：约束被违反，或者根本补不出队伍"
 ]
}
  · [实际输出] ⑥-1 两次运行的逐段摘要 = {
 "recall": [
  50,
  50
 ],
 "teams": [
  4,
  4
 ],
 "top_k": [
  4,
  4
 ],
 "picks": [
  3,
  3
 ]
}
  · [实际输出] ⑥-2 用第二份做 snapshot 的审计 = {
 "ok": true,
 "problems": []
}
  · [实际输出] ⑥-3 两次运行的候选分数差 0.0001 = {
 "audit_ok": false,
 "problems": [
  "[NONDETERMINISTIC] recall：同一输入两次运行的输出不是逐字节相同（含 tie-break）"
 ]
}
  · [实际输出] ⑥-4 候选键的前 8 个与是否含已选实例 = {
 "keys": [
  "owned:own-0003",
  "owned:own-0481",
  "owned:own-0501",
  "owned:own-0057",
  "owned:own-0140",
  "owned:own-0141",
  "owned:own-0292",
  "owned:own-0293"
 ],
 "in_team_leaked": 0
}
  · [实际输出] ⑥-5 同分相邻对的 tie-break 检查 = {
 "pairs": 30,
 "violations": []
}
  · [实际输出] ⑦-1 预算逐项对照 = [
 "recall: P95 23.034ms / 预算 150ms ⇒ within_budget=true",
 "beam_and_ranker: P95 25.923ms / 预算 300ms ⇒ within_budget=true",
 "first_screen: P95 29.398ms / 预算 800ms ⇒ within_budget=true",
 "state_and_version: P95 nullms / 预算 50ms ⇒ within_budget=true"
]
  · [实际输出] ⑦-2 判定与实测矛盾的项 = []
  · [实际输出] ⑦-3 实测超预算的项 = {
 "should_be_over": [],
 "reported_over": [],
 "all_within_budget": true
}
  · [实际输出] ⑦-4 排名器状态对延迟的影响 = {
 "status": "missing",
 "note": "本仓没有版本化 Team Ranker 产物：score 段实际跑的是规则打分。这一格是**下界**——接上真实模型后必须重测，并重跑本脚本"
}
  · [实际输出] ⑦-5 把 P95=999ms 写成 within_budget=true 的审计 = {
 "ok": false,
 "problems": [
  "[LATENCY_BUDGET_FALSE_PASS] latency.budget_comparison.recall：实测 P95 999ms 与预算 150ms 的关系是 within=false，报告却写 within_budget=true"
 ]
}
  · [实际输出] ⑦-6 真实延迟报告走审计 = {
 "ok": true,
 "problems": []
}
  · [实际输出] ⑧-1 已选 3 只时的三个候选 = [
 "强度(strength) → owned:own-0501 边际增益 16.5277 未承接弱点 1",
 "稳定(stability) → catalog:pet_000605 边际增益 14.4444 未承接弱点 0",
 "偏好保留(preference) → owned:own-0501 边际增益 16.5277 未承接弱点 1"
]
  · [实际输出] ⑧-2 已选 2 只的 pick 数 = {
 "applies": true,
 "picks": 3
}
  · [实际输出] ⑧-2 已选 5 只的 pick 数 = {
 "applies": true,
 "picks": 3
}
  · [实际输出] ⑧-3 已选 0 只 = {
 "applies": false,
 "picks": 0,
 "reason": "已选 0 只：渐进推荐只在已选 2～5 只时给「下一只」（13 号文档 §6）"
}
  · [实际输出] ⑧-3 已选 1 只 = {
 "applies": false,
 "picks": 0,
 "reason": "已选 1 只：渐进推荐只在已选 2～5 只时给「下一只」（13 号文档 §6）"
}
  · [实际输出] ⑧-3 已选 6 只 = {
 "applies": false,
 "picks": 0,
 "reason": "已选 6 只：渐进推荐只在已选 2～5 只时给「下一只」（13 号文档 §6）"
}
  · [实际输出] ⑧-4 只返回 2 个 next 候选 = {
 "audit_ok": false,
 "problems": [
  "[PROGRESSIVE_NOT_THREE] progressive.picks：已选 3 只时下一只候选必须是恰好 3 个，实际 2 个"
 ]
}
  · [实际输出] ⑧-5 第一个候选没有 tradeoff_label = {
 "audit_ok": false,
 "problems": [
  "[PROGRESSIVE_NOT_THREE] progressive.picks[owned:own-0501]：取舍标签 undefined 不是 强度 / 稳定 / 偏好保留 之一"
 ]
}
  · [实际输出] ⑧-6 三个候选都用「强度」口径 = {
 "audit_ok": false,
 "problems": [
  "[PROGRESSIVE_NOT_THREE] progressive.picks：口径 strength 出现了两次：三个候选必须覆盖三个口径",
  "[PROGRESSIVE_NOT_THREE] progressive.picks：口径 strength 出现了两次：三个候选必须覆盖三个口径"
 ]
}
  · [实际输出] ⑧-7 已选 3 只却报 applies:false = {
 "audit_ok": false,
 "problems": [
  "[PROGRESSIVE_NOT_THREE] progressive.applies：已选 3 只时 applies 应当是 true，实际是 false：2～5 只必须给恰好三个候选，其它只数不许硬凑三个"
 ]
}
  · [实际输出] ⑧-8 直接调 progressiveNext（已选 4 只） = {
 "applies": true,
 "pick_count": 3,
 "labels": [
  "强度",
  "稳定",
  "偏好保留"
 ]
}
  · [实际输出] ⑨-1 报告两次生成是否逐字节相同 = true
  · [实际输出] ⑨-2 报告的判据结论 = [
 "召回数量落在 [20, 50] 或给出短欠原因 ⇒ ok=true",
 "在线段没有引擎 / 子进程调用 ⇒ ok=true",
 "没有排序器时 ranker_status = missing 且排序标 ENGINE_HYPOTHESIS ⇒ ok=true",
 "候选能用到注入宇宙（600+）里的实体，不是固定白名单 ⇒ ok=true",
 "硬约束零违反（must_include / must_exclude / locked） ⇒ ok=true",
 "确定性：两次运行逐字节相同 ⇒ ok=true",
 "渐进推荐恰好 3 个候选且带取舍标签 ⇒ ok=true",
 "每个候选与每支队伍都有机器证据 ⇒ ok=true"
]
  · [实际输出] ⑨-3 离线/在线边界 = {
 "online_entrypoints": [
  "recallCandidates",
  "beamComplete",
  "scoreTeams",
  "progressiveNext",
  "buildTeamCandidatePlan",
  "auditTeamCandidates",
  "loadTeamCandidatesInputs"
 ],
 "offline_entrypoints": [
  "buildOfflineLabelPlan"
 ],
 "scan_result": {
  "online_section_lines": 94,
  "forbidden_hits": []
 }
}
  · [实际输出] ⑨-4 排序器口径 = {
 "status": "missing",
 "degrade_to": "rule_score",
 "no_win_rate": true,
 "weights": {
  "coverage": 0.3,
  "synergy": 0.2,
  "speed": 0.15,
  "energy": 0.1,
  "respond": 0.1,
  "pivot": 0.05,
  "preference": 0.05,
  "evidence": 0.05
 }
}
  · [实际输出] ⑨-5 真实样例 = {
 "id": "empty-team",
 "recall_count": 50,
 "teams": 6,
 "progressive": 0
}
  · [实际输出] ⑨-6 磁盘报告与重算报告是否一致 = {
 "disk_bytes": 861948,
 "recomputed_matches_disk": true,
 "hint": "不一致时跑 RC303_WRITE_REPORT=1 node --test tests/roco-team-candidates.test.js 重写"
}
  · [实际输出] ⑩-1 RC-302 是否出现候选生成的导出 = {
 "mentions_recall_candidates": false,
 "mentions_beam_complete": false
}
  · [实际输出] ⑩-2 RC-303 是否 import RC-302 的判据 = {
 "imports_team_gaps": true,
 "uses_build_gap_index": true,
 "redefines_respond_keywords": false,
 "redefines_pivot_keywords": false
}
✔ RC-303 基线：正确产出自检通过，且候选宇宙真的来自注入数据（不是 48 只白名单） (29.619ms)
✔ RC-303 基线的三段预算都是显式参数，且报告里给实际值 (34.366125ms)
✔ RC-303 判据①：召回数越界却不解释必须判红 (54.737083ms)
✔ RC-303 判据②：在线导出段里出现引擎/子进程调用必须判红 (18.291458ms)
✔ RC-303 判据③：没有排序器却报 ready 或输出胜率必须判红 (38.456542ms)
✔ RC-303 判据④：候选必须跟注入宇宙走，不许固定白名单 (28.936459ms)
✔ RC-303 判据⑤：违反硬约束的队伍必须判红 (34.548875ms)
✔ RC-303 判据⑥：同一输入两次运行不同必须判红 (31.990041ms)
✔ RC-303 判据⑦：超预算却报通过必须判红，且真实报告与实测自洽 (15.343958ms)
✔ RC-303 判据⑧：渐进推荐必须恰好三个且带取舍标签 (91.506458ms)
✔ RC-303 报告：可复跑 + 离线/在线边界声明齐全 + 排序器不存在的后果写清楚 (751.479917ms)
✔ RC-303 与 RC-302 的边界：候选生成不做缺口诊断，缺口诊断不做候选生成 (0.758125ms)
✔ A2 锁定：补全计划必须包含被锁成员，且不许把它当替换候选换掉 (27.608292ms)
[1536x684] 已填槽位=6 槽位区={"x":183,"y":165,"w":566,"h":402.2,"right":749,"bottom":567.2,"scrollH":599,"clientH":402,"overflowY":"auto"} 页脚命中自己=true
  卡1 rect={"x":183,"y":165,"w":183.3,"h":295.3,"right":366.3,"bottom":460.3} 内容 293/293 配招行=有
  卡2 rect={"x":374.3,"y":165,"w":183.3,"h":295.3,"right":557.7,"bottom":460.3} 内容 293/293 配招行=有
  卡3 rect={"x":565.7,"y":165,"w":183.3,"h":295.3,"right":749,"bottom":460.3} 内容 293/293 配招行=有
  卡4 rect={"x":183,"y":468.3,"w":183.3,"h":295.3,"right":366.3,"bottom":763.5} 内容 293/293 配招行=有
  卡5 rect={"x":374.3,"y":468.3,"w":183.3,"h":295.3,"right":557.7,"bottom":763.5} 内容 293/293 配招行=有
  卡6 rect={"x":565.7,"y":468.3,"w":183.3,"h":295.3,"right":749,"bottom":763.5} 内容 293/293 配招行=有
▶ 工坊六张队伍卡：真无头 Chrome 版式判据（1536×684 / 1440×900）
  ✔ 1536x684：六张卡不重叠 / 不裁字 / 等高 (1098.443958ms)
[1440x900] 已填槽位=6 槽位区={"x":135,"y":165,"w":566,"h":618.2,"right":701,"bottom":783.2,"scrollH":618,"clientH":618,"overflowY":"auto"} 页脚命中自己=true
  卡1 rect={"x":135,"y":165,"w":183.3,"h":305.1,"right":318.3,"bottom":470.1} 内容 303/303 配招行=有
  卡2 rect={"x":326.3,"y":165,"w":183.3,"h":305.1,"right":509.7,"bottom":470.1} 内容 303/303 配招行=有
  卡3 rect={"x":517.7,"y":165,"w":183.3,"h":305.1,"right":701,"bottom":470.1} 内容 303/303 配招行=有
  卡4 rect={"x":135,"y":478.1,"w":183.3,"h":305.1,"right":318.3,"bottom":783.2} 内容 303/303 配招行=有
  卡5 rect={"x":326.3,"y":478.1,"w":183.3,"h":305.1,"right":509.7,"bottom":783.2} 内容 303/303 配招行=有
  卡6 rect={"x":517.7,"y":478.1,"w":183.3,"h":305.1,"right":701,"bottom":783.2} 内容 303/303 配招行=有
  ✔ 1440x900：六张卡不重叠 / 不裁字 / 等高 (660.877625ms)
[反证·旧 CSS] 命中 14 条：
   · 卡1 的文字「详情（技能 / 机制原文 / 来源）」越出卡片 38.3px（左 0.0 / 右 0.0 / 上 0.0 / 下 38.3）
   · 卡1 有内容被裁：scrollHeight 277 > clientHeight 230
   · 卡2 的文字「详情（技能 / 机制原文 / 来源）」越出卡片 38.3px（左 0.0 / 右 0.0 / 上 0.0 / 下 38.3）
   · 卡2 有内容被裁：scrollHeight 277 > clientHeight 230
   · 卡3 的文字「详情（技能 / 机制原文 / 来源）」越出卡片 38.3px（左 0.0 / 右 0.0 / 上 0.0 / 下 38.3）
   · 卡3 有内容被裁：scrollHeight 277 > clientHeight 230
   · 卡4 的文字「详情（技能 / 机制原文 / 来源）」越出卡片 38.3px（左 0.0 / 右 0.0 / 上 0.0 / 下 38.3）
   · 卡4 有内容被裁：scrollHeight 277 > clientHeight 230
   · 卡5 的文字「详情（技能 / 机制原文 / 来源）」越出卡片 38.3px（左 0.0 / 右 0.0 / 上 0.0 / 下 38.3）
   · 卡5 有内容被裁：scrollHeight 277 > clientHeight 230
   · 卡6 的文字「详情（技能 / 机制原文 / 来源）」越出卡片 38.3px（左 0.0 / 右 0.0 / 上 0.0 / 下 38.3）
   · 卡6 有内容被裁：scrollHeight 277 > clientHeight 230
   · 页脚「清空阵容」被卡6压住：卡6 重叠 82×44px
   · 槽位区内容 472px > 可视 402px，但 overflow-y=visible（滚不动 = 静默裁掉）
  ✔ 必红反证：把修复前那两条 CSS 注回去，同一条判据必须报出来 (973.426375ms)
[反证·抽掉后三张的配招行] 命中 7 条：
   · 卡4 少了配招那一行（换招 / 配招清单）
   · 卡4 的首层结构与卡1 不一致：「tw-row|tw-meta|tw-meta|tw-mech|tw-detail」≠「tw-row|tw-meta|tw-meta|tw-mech|tw-meta tw-loadout|tw-detail」
   · 卡5 少了配招那一行（换招 / 配招清单）
   · 卡5 的首层结构与卡1 不一致：「tw-row|tw-meta|tw-meta|tw-mech|tw-detail」≠「tw-row|tw-meta|tw-meta|tw-mech|tw-meta tw-loadout|tw-detail」
   · 卡6 少了配招那一行（换招 / 配招清单）
   · 卡6 的首层结构与卡1 不一致：「tw-row|tw-meta|tw-meta|tw-mech|tw-detail」≠「tw-row|tw-meta|tw-meta|tw-mech|tw-meta tw-loadout|tw-detail」
   · 六张卡不等高：295.3 / 295.3 / 295.3 / 247.3 / 247.3 / 247.3（差额 48.0px）
  ✔ 必红反证：抽掉后三张卡的配招行（复刻 loadoutRowHtml 老分支），必须报结构不一致 (974.397167ms)
✔ 工坊六张队伍卡：真无头 Chrome 版式判据（1536×684 / 1440×900） (4225.884042ms)
  · [实际输出] ① 注入先验的分布判定 = {"kind":"unknown","declared_source":null,"entries":[{"archetype_id":"poison_stack","source":"unknown","value":null},{"archetype_id":"wing_king_flyer","source":"unknown","value":null},{"archetype_id":"meteor_burst","source":"unknown","value":null},{"archetype_id":"sugar_morph","source":"unknown","value":null},{"archetype_id":"ice_control","source":"unknown","value":null},{"archetype_id":"sandstorm_weather","source":"unknown","value":null},{"archetype_id":"fighting_press","source":"unknown","value":null}],"missing":["metaPrior.distribution_source = \"unknown\"（没有任何真实对局数据，也没有声明假设的分母）","distribution[].value（poison_stack / wing_king_flyer / meteor_burst / sugar_morph / ice_control / sandstorm_weather / fighting_press）"]}
  · [实际输出] ① 四轴的 available / value / unknown_reason = [{"axis":"environment_value","available":false,"value":null,"unknown_reason":"缺**版本对手分布**：注入的 `distribution[]` 是 `source: \"unknown\"` + `value: null`（没有任何真实对局数据，也没有声明假设的分母），所以「对环境的期望」的分母不存在，这一轴现在无定义。按契约返回 unknown，不返回 0、不给「差不多」、不输出伪精确结论。"},{"axis":"worst_archetype","available":false,"value":null,"unknown_reason":"缺**版本对手分布**：注入的 `distribution[]` 是 `source: \"unknown\"` + `value: null`（没有任何真实对局数据，也没有声明假设的分母），所以「对环境的期望」的分母不存在，这一轴现在无定义。按契约返回 unknown，不返回 0、不给「差不多」、不输出伪精确结论。"},{"axis":"matchup_spread","available":false,"value":null,"unknown_reason":"缺**版本对手分布**：注入的 `distribution[]` 是 `source: \"unknown\"` + `value: null`（没有任何真实对局数据，也没有声明假设的分母），所以「对环境的期望」的分母不存在，这一轴现在无定义。按契约返回 unknown，不返回 0、不给「差不多」、不输出伪精确结论。"},{"axis":"execution_tolerance","available":false,"value":null,"unknown_reason":"缺**版本对手分布**：注入的 `distribution[]` 是 `source: \"unknown\"` + `value: null`（没有任何真实对局数据，也没有声明假设的分母），所以「对环境的期望」的分母不存在，这一轴现在无定义。按契约返回 unknown，不返回 0、不给「差不多」、不输出伪精确结论。"}]
  · [实际输出] ① 把 environment_value 改成 0 之后的审计 = {"ok":false,"problems":["[UNKNOWN_AXIS_HAS_VALUE] compare.axes.environment_value.value：available:false 却给了值 0：unknown 不许拿一个数（含 0）顶替","[UNKNOWN_AXIS_HAS_VALUE] compare.axes.environment_value.value：available:false 却给了数值 0"]}
  · [实际输出] ① 把 environment_value 改成 1 之后的审计 = {"ok":false,"problems":["[UNKNOWN_AXIS_HAS_VALUE] compare.axes.environment_value.value：available:false 却给了值 1：unknown 不许拿一个数（含 0）顶替","[UNKNOWN_AXIS_HAS_VALUE] compare.axes.environment_value.value：available:false 却给了数值 1"]}
  · [实际输出] ① 把 environment_value 改成 0.5 之后的审计 = {"ok":false,"problems":["[UNKNOWN_AXIS_HAS_VALUE] compare.axes.environment_value.value：available:false 却给了值 0.5：unknown 不许拿一个数（含 0）顶替","[UNKNOWN_AXIS_HAS_VALUE] compare.axes.environment_value.value：available:false 却给了数值 0.5"]}
  · [实际输出] ⑨ 磁盘先验的分布判定 = {"kind":"assumption","partition_ok":true,"weight_sum":0.999999,"basis":{"kind":"uniform-over-candidate-universe","denominator":7,"recomputable_from":"scripts/roco/build-meta-prior.mjs（确定性、无挂钟字段）"}}
  · [实际输出] ⑨ assumption 档下四轴的可用性与值 = [{"axis":"environment_value","available":true,"value":{"criterion":" `source: \"assumption\"` 的行必须带**可复算的声明依据**：`basis.kind === \"uniform-over-candidate-universe\"`、`basis.denominator > 0`、`basis.recomputable_from` 非空、`unit === \"share\"`、`confidence === \"ENGINE_HYPOTHESIS\"`、`notes` 足够长，**且不许挂 `sources[]`**；全部分布的 `value` 合计 = 1（容差 0.001，一次划分）。任一条不满足 ⇒ 四轴必须回到 `available:false` + `value:null` 并点名缺什么；照用这个裸数字 ⇒ `UNKNOWN_AXIS_HAS_VALUE`（红）——「硬编码样例数字」就是从这儿进来的。  assumption 档下的 `relative_score` / `tolerance` 不许直接抄注入值，必须由**体系自己声明的** `archetypes[].feature_axes[].criterion` 从 RC-302 的登记字段结构性算出：每个判据的分子 / 分母 / 依据缺口写进 `evidence[]` 与 `structural_basis`（等权、分母 = 判据条数），`relative_score` = 判据结构分的等权均值，`tolerance` = 其中的最小值（结构短板），轴的 `confidence` 必须是 `ENGINE_HYPOTHESIS`。缺任一判据的输入 ⇒ 整轴 fail closed（`NO_STRUCTURAL_SIGNAL`），不拿别的数据顶替、不给 0。把裸数字当相对分、或绕开 `feature_axes` 另设权重表 ⇒ 红。","delta":0.120833,"winner":"rc304-six-a"},"confidence":"ENGINE_HYPOTHESIS"},{"axis":"worst_archetype","available":true,"value":{"archetype_id":"wing_king_flyer","label":"翼王飞翼","relative_score":0.466667,"weight":0.142857,"criterion":" `source: \"assumption\"` 的行必须带**可复算的声明依据**：`basis.kind === \"uniform-over-candidate-universe\"`、`basis.denominator > 0`、`basis.recomputable_from` 非空、`unit === \"share\"`、`confidence === \"ENGINE_HYPOTHESIS\"`、`notes` 足够长，**且不许挂 `sources[]`**；全部分布的 `value` 合计 = 1（容差 0.001，一次划分）。任一条不满足 ⇒ 四轴必须回到 `available:false` + `value:null` 并点名缺什么；照用这个裸数字 ⇒ `UNKNOWN_AXIS_HAS_VALUE`（红）——「硬编码样例数字」就是从这儿进来的。  assumption 档下的 `relative_score` / `tolerance` 不许直接抄注入值，必须由**体系自己声明的** `archetypes[].feature_axes[].criterion` 从 RC-302 的登记字段结构性算出：每个判据的分子 / 分母 / 依据缺口写进 `evidence[]` 与 `structural_basis`（等权、分母 = 判据条数），`relative_score` = 判据结构分的等权均值，`tolerance` = 其中的最小值（结构短板），轴的 `confidence` 必须是 `ENGINE_HYPOTHESIS`。缺任一判据的输入 ⇒ 整轴 fail closed（`NO_STRUCTURAL_SIGNAL`），不拿别的数据顶替、不给 0。把裸数字当相对分、或绕开 `feature_axes` 另设权重表 ⇒ 红。","structural":"[严格] `source: \"assumption\"` 的行必须带**可复算的声明依据**：`basis.kind === \"uniform-over-candidate-universe\"`、`basis.denominator > 0`、`basis.recomputable_from` 非空、`unit === \"share\"`、`confidence === \"ENGINE_HYPOTHESIS\"`、`notes` 足够长，**且不许挂 `sources[]`**；全部分布的 `value` 合计 = 1（容差 0.001，一次划分）。任一条不满足 ⇒ 四轴必须回到 `available:false` + `value:null` 并点名缺什么；照用这个裸数字 ⇒ `UNKNOWN_AXIS_HAS_VALUE`（红）——「硬编码样例数字」就是从这儿进来的。 [严格] assumption 档下的 `relative_score` / `tolerance` 不许直接抄注入值，必须由**体系自己声明的** `archetypes[].feature_axes[].criterion` 从 RC-302 的登记字段结构性算出：每个判据的分子 / 分母 / 依据缺口写进 `evidence[]` 与 `structural_basis`（等权、分母 = 判据条数），`relative_score` = 判据结构分的等权均值，`tolerance` = 其中的最小值（结构短板），轴的 `confidence` 必须是 `ENGINE_HYPOTHESIS`。缺任一判据的输入 ⇒ 整轴 fail closed（`NO_STRUCTURAL_SIGNAL`），不拿别的数据顶替、不给 0。把裸数字当相对分、或绕开 `feature_axes` 另设权重表 ⇒ 红。"},"confidence":"ENGINE_HYPOTHESIS"},{"axis":"matchup_spread","available":true,"value":{"criterion":" `source: \"assumption\"` 的行必须带**可复算的声明依据**：`basis.kind === \"uniform-over-candidate-universe\"`、`basis.denominator > 0`、`basis.recomputable_from` 非空、`unit === \"share\"`、`confidence === \"ENGINE_HYPOTHESIS\"`、`notes` 足够长，**且不许挂 `sources[]`**；全部分布的 `value` 合计 = 1（容差 0.001，一次划分）。任一条不满足 ⇒ 四轴必须回到 `available:false` + `value:null` 并点名缺什么；照用这个裸数字 ⇒ `UNKNOWN_AXIS_HAS_VALUE`（红）——「硬编码样例数字」就是从这儿进来的。  assumption 档下的 `relative_score` / `tolerance` 不许直接抄注入值，必须由**体系自己声明的** `archetypes[].feature_axes[].criterion` 从 RC-302 的登记字段结构性算出：每个判据的分子 / 分母 / 依据缺口写进 `evidence[]` 与 `structural_basis`（等权、分母 = 判据条数），`relative_score` = 判据结构分的等权均值，`tolerance` = 其中的最小值（结构短板），轴的 `confidence` 必须是 `ENGINE_HYPOTHESIS`。缺任一判据的输入 ⇒ 整轴 fail closed（`NO_STRUCTURAL_SIGNAL`），不拿别的数据顶替、不给 0。把裸数字当相对分、或绕开 `feature_axes` 另设权重表 ⇒ 红。","delta":-0.055554,"winner":"rc304-six-a"},"confidence":"ENGINE_HYPOTHESIS"},{"axis":"execution_tolerance","available":true,"value":{"criterion":" `source: \"assumption\"` 的行必须带**可复算的声明依据**：`basis.kind === \"uniform-over-candidate-universe\"`、`basis.denominator > 0`、`basis.recomputable_from` 非空、`unit === \"share\"`、`confidence === \"ENGINE_HYPOTHESIS\"`、`notes` 足够长，**且不许挂 `sources[]`**；全部分布的 `value` 合计 = 1（容差 0.001，一次划分）。任一条不满足 ⇒ 四轴必须回到 `available:false` + `value:null` 并点名缺什么；照用这个裸数字 ⇒ `UNKNOWN_AXIS_HAS_VALUE`（红）——「硬编码样例数字」就是从这儿进来的。  assumption 档下的 `relative_score` / `tolerance` 不许直接抄注入值，必须由**体系自己声明的** `archetypes[].feature_axes[].criterion` 从 RC-302 的登记字段结构性算出：每个判据的分子 / 分母 / 依据缺口写进 `evidence[]` 与 `structural_basis`（等权、分母 = 判据条数），`relative_score` = 判据结构分的等权均值，`tolerance` = 其中的最小值（结构短板），轴的 `confidence` 必须是 `ENGINE_HYPOTHESIS`。缺任一判据的输入 ⇒ 整轴 fail closed（`NO_STRUCTURAL_SIGNAL`），不拿别的数据顶替、不给 0。把裸数字当相对分、或绕开 `feature_axes` 另设权重表 ⇒ 红。","delta":0.222449,"winner":"rc304-six-a"},"confidence":"ENGINE_HYPOTHESIS"}]
  · [实际输出] ⑨ rc304-six-a 的七个结构分（分子 / 分母） = {"coverage":"0.916667 = 3/36","synergy":"0.8 = 3/15","respond":"1 = 3/3","energy":"0.833333 = 5/6","speed":"0.833333 = 5/6","pivot":"0 = 0/6","cost":"1 = 6/6"}
  · [实际输出] ⑨ 缺 basis 的 assumption 分布 = {"kind":"unknown","reason":"缺**声明假设的可复算依据**：分布里有 `source: \"assumption\"` 的行，但 `basis` 不完整（`kind` / `denominator > 0` / `recomputable_from` 缺一，或 `confidence` 不是 `ENGINE_HYPOTHESIS`、`notes` 太短、`unit` 不是 `share`）。**一个不带依据的数字就是编的**，所以这一轴回到 unknown，而不是照用这个数。","availability":{"environment_value":false,"worst_archetype":false,"matchup_spread":false,"execution_tolerance":false,"coverage_confidence":true}}
  · [实际输出] ⑨ 分母敏感性（K → K+1） = {"weight_before":0.142857,"weight_after":0.125,"environment_value_before":{"criterion":" `source: \"assumption\"` 的行必须带**可复算的声明依据**：`basis.kind === \"uniform-over-candidate-universe\"`、`basis.denominator > 0`、`basis.recomputable_from` 非空、`unit === \"share\"`、`confidence === \"ENGINE_HYPOTHESIS\"`、`notes` 足够长，**且不许挂 `sources[]`**；全部分布的 `value` 合计 = 1（容差 0.001，一次划分）。任一条不满足 ⇒ 四轴必须回到 `available:false` + `value:null` 并点名缺什么；照用这个裸数字 ⇒ `UNKNOWN_AXIS_HAS_VALUE`（红）——「硬编码样例数字」就是从这儿进来的。  assumption 档下的 `relative_score` / `tolerance` 不许直接抄注入值，必须由**体系自己声明的** `archetypes[].feature_axes[].criterion` 从 RC-302 的登记字段结构性算出：每个判据的分子 / 分母 / 依据缺口写进 `evidence[]` 与 `structural_basis`（等权、分母 = 判据条数），`relative_score` = 判据结构分的等权均值，`tolerance` = 其中的最小值（结构短板），轴的 `confidence` 必须是 `ENGINE_HYPOTHESIS`。缺任一判据的输入 ⇒ 整轴 fail closed（`NO_STRUCTURAL_SIGNAL`），不拿别的数据顶替、不给 0。把裸数字当相对分、或绕开 `feature_axes` 另设权重表 ⇒ 红。","delta":0.120833,"winner":"rc304-six-a"},"environment_value_after":{"criterion":" `source: \"assumption\"` 的行必须带**可复算的声明依据**：`basis.kind === \"uniform-over-candidate-universe\"`、`basis.denominator > 0`、`basis.recomputable_from` 非空、`unit === \"share\"`、`confidence === \"ENGINE_HYPOTHESIS\"`、`notes` 足够长，**且不许挂 `sources[]`**；全部分布的 `value` 合计 = 1（容差 0.001，一次划分）。任一条不满足 ⇒ 四轴必须回到 `available:false` + `value:null` 并点名缺什么；照用这个裸数字 ⇒ `UNKNOWN_AXIS_HAS_VALUE`（红）——「硬编码样例数字」就是从这儿进来的。  assumption 档下的 `relative_score` / `tolerance` 不许直接抄注入值，必须由**体系自己声明的** `archetypes[].feature_axes[].criterion` 从 RC-302 的登记字段结构性算出：每个判据的分子 / 分母 / 依据缺口写进 `evidence[]` 与 `structural_basis`（等权、分母 = 判据条数），`relative_score` = 判据结构分的等权均值，`tolerance` = 其中的最小值（结构短板），轴的 `confidence` 必须是 `ENGINE_HYPOTHESIS`。缺任一判据的输入 ⇒ 整轴 fail closed（`NO_STRUCTURAL_SIGNAL`），不拿别的数据顶替、不给 0。把裸数字当相对分、或绕开 `feature_axes` 另设权重表 ⇒ 红。","delta":0.128647,"winner":"rc304-six-a"},"partition_ok":true}
  · [实际输出] ⑨ assumption 档干净产出的审计 = {"ok":true,"problems":[]}
  · [实际输出] ② 原始产出的审计 = {"ok":true,"problems":[]}
  · [实际输出] ② available:true + value:null = {"ok":false,"problems":["[AVAILABILITY_SHAPE] compare.axes.coverage_confidence.value：available:true 却给了 null：算不出来就 available:false + unknown_reason，不许用 null 充当「已知」","[AVAILABILITY_SHAPE] compare.axes.coverage_confidence.value：available:true 的轴必须给数值型 value 或比较结构，实际 null","[AVAILABILITY_SHAPE] compare.axes.coverage_confidence.value：覆盖置信声称可用，value 却不是有限数（实际 null）：算不出来就必须 available:false + unknown_reason，null 不许冒充「已知」"]}
  · [实际输出] ② available:false + value:0 = {"ok":false,"problems":["[UNKNOWN_AXIS_HAS_VALUE] compare.axes.environment_value.value：available:false 却给了值 0：unknown 不许拿一个数（含 0）顶替","[UNKNOWN_AXIS_HAS_VALUE] compare.axes.environment_value.value：available:false 却给了数值 0","[UNKNOWN_AXIS_HAS_VALUE] compare.axes.environment_value.value_numbers：available:false 却声明了量纲：没有值就没有量纲","[AVAILABILITY_SHAPE] compare.axes.environment_value.unknown_reason：available:false 必须点名缺什么（unknown_reason）","[CONFIDENCE_NOT_IN_LEDGER] compare.axes.environment_value.confidence：available:false 的轴 confidence 只能是 UNKNOWN，实际 \"ENGINE_HYPOTHESIS\"","[NO_STRUCTURAL_SIGNAL] compare.axes.environment_value：分布是 assumption（逐条带 basis 的可复算分母），这一轴却 unknown（null）：能算的必须算出来，缺结构输入才允许 fail closed"]}
  · [实际输出] ② unknown 的轴声明量纲 = {"ok":false,"problems":["[UNKNOWN_AXIS_HAS_VALUE] compare.axes.environment_value.value_numbers：available:false 却声明了量纲：没有值就没有量纲","[AVAILABILITY_SHAPE] compare.axes.environment_value.unknown_reason：available:false 必须点名缺什么（unknown_reason）","[CONFIDENCE_NOT_IN_LEDGER] compare.axes.environment_value.confidence：available:false 的轴 confidence 只能是 UNKNOWN，实际 \"ENGINE_HYPOTHESIS\"","[NO_STRUCTURAL_SIGNAL] compare.axes.environment_value：分布是 assumption（逐条带 basis 的可复算分母），这一轴却 unknown（null）：能算的必须算出来，缺结构输入才允许 fail closed"]}
  · [实际输出] ② unknown 的轴报非 UNKNOWN 置信 = {"ok":false,"problems":["[UNKNOWN_AXIS_HAS_VALUE] compare.axes.matchup_spread.value_numbers：available:false 却声明了量纲：没有值就没有量纲","[AVAILABILITY_SHAPE] compare.axes.matchup_spread.unknown_reason：available:false 必须点名缺什么（unknown_reason）","[CONFIDENCE_NOT_IN_LEDGER] compare.axes.matchup_spread.confidence：available:false 的轴 confidence 只能是 UNKNOWN，实际 \"COMMUNITY_CURRENT\"","[NO_STRUCTURAL_SIGNAL] compare.axes.matchup_spread：分布是 assumption（逐条带 basis 的可复算分母），这一轴却 unknown（null）：能算的必须算出来，缺结构输入才允许 fail closed"]}
  · [实际输出] ③ 渲染文本原文 = 五轴可用性：environment_value=available / worst_archetype=available / matchup_spread=available / execution_tolerance=available / coverage_confidence=available
environment_value：更有利的是 rc304-six-a（差 0.120833，相对分，不是胜率）
worst_archetype：更有利的是 rc304-six-b（差 0.116666，相对分，不是胜率）
matchup_spread：更有利的是 rc304-six-a（差 -0.055554，相对分，不是胜率）
execution_tolerance：更有利的是 rc304-six-a（差 0.222449，相对分，不是胜率）
coverage_confidence：两队在这一份注入分布上相同（不排名）
最小替换：给不出（见 why）
  · [实际输出] ③ 干净产出的审计 = {"ok":true,"problems":[]}
  · [实际输出] ③ 产出里出现 win_rate 键 = {"ok":false,"problems":["[PSEUDO_PRECISION] claims.axes.environment_value.win_rate：出现 键 win_rate：\"0.62\""]}
  · [实际输出] ③ 量纲写成百分数 = {"ok":false,"problems":["[PSEUDO_PRECISION] compare.axes.coverage_confidence.value_numbers[0].unit：量纲里出现被禁止的词 \"%\"（\"胜率百分比（%）\"）：本模块不产出胜率 / 概率 / 百分数","[PSEUDO_PRECISION] compare.axes.coverage_confidence.value_numbers[0].unit：量纲里出现被禁止的词 \"胜率\"（\"胜率百分比（%）\"）：本模块不产出胜率 / 概率 / 百分数","[PSEUDO_PRECISION] compare.axes.coverage_confidence.value_numbers[0].unit：量纲里出现被禁止的词 \"百分比\"（\"胜率百分比（%）\"）：本模块不产出胜率 / 概率 / 百分数","[PSEUDO_PRECISION] compare.axes.coverage_confidence.value_numbers[0].unit：量纲里出现被禁止的词 \"%\"（\"胜率百分比（%）\"）：本模块不产出胜率 / 概率 / 百分数","[PSEUDO_PRECISION] compare.axes.coverage_confidence.value_numbers：量纲里出现被禁止的词 胜率（\"胜率百分比（%）\"）：本模块不产出胜率 / 概率 / 百分数","[PSEUDO_PRECISION] compare.axes.coverage_confidence.value_numbers：量纲里出现被禁止的词 百分比（\"胜率百分比（%）\"）：本模块不产出胜率 / 概率 / 百分数","[PSEUDO_PRECISION] compare.axes.coverage_confidence.value_numbers：量纲里出现被禁止的词 %（\"胜率百分比（%）\"）：本模块不产出胜率 / 概率 / 百分数","[PSEUDO_PRECISION] claims.axes.coverage_confidence.value_numbers[0].unit：出现 胜率：\"胜率百分比（%）\"","[PSEUDO_PRECISION] claims.axes.coverage_confidence.value_numbers[0].unit：出现 %（伪精确百分数）：\"胜率百分比（%）\""]}
  · [实际输出] ③ 渲染文本里写胜率 62% = {"ok":false,"problems":["[PSEUDO_PRECISION] text：出现 %（伪精确百分数）：\"五轴可用性：environment_value=available / worst_archetype=available / matchup_spread=available / execution_tolerance=available\""]}
  · [实际输出] ③ 用榜单词当依据 = {"ok":false,"problems":["[PSEUDO_PRECISION] claims.axes.coverage_confidence.unverified[0]：出现 强势：\"这套配置属于强势梯队，必带\"","[PSEUDO_PRECISION] claims.axes.coverage_confidence.unverified[0]：出现 必带：\"这套配置属于强势梯队，必带\"","[PSEUDO_PRECISION] claims.axes.coverage_confidence.unverified[0]：出现 梯队：\"这套配置属于强势梯队，必带\""]}
  · [实际输出] ③ 反向控制：声明边界的句子 = {"ok":true,"problems":[]}
  · [实际输出] ④ 注入 measured 分布后的五轴可用性 = {"environment_value":true,"worst_archetype":true,"matchup_spread":true,"execution_tolerance":true,"coverage_confidence":true}
  · [实际输出] ④ 注入分布下的实测值（判据独立重算） = {"environment_value_expected":0.505,"execution_tolerance_expected":0.745,"matchup_spread_expected":0.42,"worst_archetype_expected":"poison_stack","axis_value":0.505}
  · [实际输出] ④ measured 分布下某轴仍 unknown 的审计 = {"ok":false,"problems":["[MEASURED_NOT_WIRED] compare.axes.environment_value：注入的分布是 measured，这一轴却仍然 unknown（\"（变异体：假装不知道）\"）：fail closed 不许写成「永远 unknown」"]}
  · [实际输出] ④ 空的 measured 分布 = {"ok":false,"problems":["[MEASURED_NOT_WIRED] compare.distribution：分布标了 measured，却没有任何一条带 value + relative_score：这份「measured」是空的"]}
  · [实际输出] ⑤ 覆盖置信（两队的实测值） = {"value":0.809524,"confidence":"ENGINE_HYPOTHESIS","parts":{"rc304-six-a":{"criterion":0.428571,"evidence":1,"build_data":1},"rc304-six-c":{"criterion":0.692308,"evidence":1,"build_data":1}},"weakest_part":{"rc304-six-a":"criterion","rc304-six-c":"criterion"},"unverified":["未核实：全量 622 只的 build 覆盖 —— 冻结迁移层只有 48 只（RC-302 的域上限），其余只能是 unknown","未核实：coverage / energy / pivot / respond / speed / synergy 维度里有被台账标 UNKNOWN 的量（共 12 / 21 条缺口），已按条数计入覆盖置信的扣分","未核实：全量 622 只的 build 覆盖 —— 冻结迁移层只有 48 只（RC-302 的域上限），其余只能是 unknown","未核实：coverage / energy / pivot / respond / speed / synergy 维度里有被台账标 UNKNOWN 的量（共 12 / 39 条缺口），已按条数计入覆盖置信的扣分"]}
  · [实际输出] ⑤ 抽掉 build 数据后的覆盖置信 = {"before":0.809524,"after":0.47619,"after_parts":{"rc304-six-a":{"criterion":0.428571,"evidence":1,"build_data":0},"rc304-six-c":{"criterion":0.692308,"evidence":1,"build_data":0}}}
  · [实际输出] ⑤ 覆盖置信缺 value_parts = {"ok":false,"problems":["[COVERAGE_NOT_FROM_BUILD] compare.axes.coverage_confidence：覆盖置信声称可用，却没有 value_parts / weakest_part：它必须能指到自己最弱的那个因子","[COVERAGE_NOT_FROM_BUILD] compare.axes.coverage_confidence.value_parts：覆盖置信必须给出可对账的分项（criterion / evidence / build_data）"]}
  · [实际输出] ⑤ 覆盖置信缺 weakest_part = {"ok":false,"problems":["[COVERAGE_NOT_FROM_BUILD] compare.axes.coverage_confidence：覆盖置信声称可用，却没有 value_parts / weakest_part：它必须能指到自己最弱的那个因子","[COVERAGE_NOT_FROM_BUILD] compare.axes.coverage_confidence.weakest_part：覆盖置信必须给出最弱因子（它是自我描述，要能指到具体因子）"]}
  · [实际输出] ⑤ 没有注入 gapsByTeam 时的覆盖置信 = {"available":false,"value":null,"unknown_reason":"缺**build 覆盖数据**：这一轴只依赖 build 的规则/数据覆盖，本可以立刻算；但没有注入 RC-302 的缺口诊断（`gapsByTeam[team_id]`）时，连「哪些量在台账里是 UNKNOWN」都读不到，所以 fail closed 而不是报 0 覆盖。"}
  · [实际输出] ⑥ 在线段的禁止模式命中 = {"scanned_lines":46,"hits":[]}
  · [实际输出] ⑥ 在线段里插 step_joint 之后的审计 = {"ok":false,"problems":["[ONLINE_ENGINE_CALL] src/coach/team-compare.mjs:46（scanned=online）：出现 step_joint：在线队伍比较里出现引擎的联合推进入口：比较只读注入数据，跑模拟是离线产标签的事（实际源码 \"export const ONLINE_SECTION_MARKER = 'const leak = () => engine.step_joint();\"）"]}
  · [实际输出] ⑥ 在线段里插 child_process 之后的审计 = {"ok":false,"problems":["[ONLINE_SUBPROCESS_CALL] src/coach/team-compare.mjs:46（scanned=online）：出现 child_process：在线队伍比较里出现子进程模块：在线路径不 spawn 任何进程（实际源码 \"export const ONLINE_SECTION_MARKER = 'const run = () => import('node:child_process');\"）"]}
  · [实际输出] ⑥ 离线入口出现在在线段 = {"ok":false,"problems":["[OFFLINE_ENTRYPOINT_IN_ONLINE_SECTION] src/coach/team-compare.mjs：离线入口 loadTeamCompareInputs 出现在在线段里：离线与在线入口必须分开导出"]}
  · [实际输出] ⑥ 在线 / 离线入口清单 = {"online":["compareTeams","minimalReplacement","auditTeamCompare","resolveDistribution","coverageConfidence","compareAxisValues","renderCompareText","collectClaimText","resolveRanker","formatRelative"],"offline":["loadTeamCompareInputs","buildRc304Report","buildMeasuredDistributionSample"]}
  · [实际输出] ⑦ 分布 unknown 时的最小替换原文 = {"schema":"roco-minimal-replacement/v1","team_id":"rc304-six-a","candidate_universe_size":4,"replacement":{"out":{"key":"instance:own-0001","unanswered_weaknesses":2},"in":{"key":"cand:aaa","covers_types":["幽系","普通系"],"has_build":true}},"why":"结构理由（可复算计数，不是强度判断）：把 instance:own-0001 换成 cand:aaa，它声明能接住队里现在**没有人接**的 幽系 / 普通系（2 个）；这一只还有具体 build 数据 ⇒ 覆盖置信（coverage_confidence）不会因为换它而降档；版本对手分布是 unknown：**不知道**换谁在这个版本里更强，这里的「换它」只因为它补的是结构缺口；不返回「更优」结论、不给收益数值","why_axes":["coverage_confidence"],"confirmed_by_distribution":false,"evidence":[{"source_file":"injected:gapsByTeam","pointer":"gapsByTeam[rc304-six-a].gaps","field":"length","value":21,"note":"最小替换的结构输入是 RC-302 的缺口诊断"},{"source_file":"data/roco/meta-prior/v1.json","pointer":"distribution[]","field":"kind","value":"assumption","note":"注入分布是 unknown：**不能**据此判哪个候选更好，只能给结构理由（fail closed）"},{"source_file":"injected:gapsByTeam","pointer":"gapsByTeam[rc304-six-a].gaps","field":"uncovered_attack_types","value":["幽系","普通系","武系","毒系","翼系","龙系"],"note":"队里没有任何成员有抗性的攻击系别（来自 RC-302 的 coverage 缺口）"},{"source_file":"injected:gapsByTeam","pointer":"gapsByTeam[rc304-six-a].gaps","field":"unanswered_weaknesses_by_member","value":{"instance:own-0001":2,"instance:own-0004":1},"note":"换下谁的可复算依据：每人贡献的「无人承接弱点」条数"},{"source_file":"injected:candidates","pointer":"candidates[].covers_types","field":"covers_types","value":["幽系","普通系"],"note":"候选 cand:aaa 声明的可对接系别与队里缺口求交集的结果"},{"source_file":"injected:candidates","pointer":"candidates[].has_build","field":"has_build","value":true,"note":"这一只有没有具体 build 数据（决定覆盖置信会不会降档）"}],"confidence":"ENGINE_HYPOTHESIS","unverified":["未核实：替换后的实际表现 —— 这是一次**结构**替换建议，本仓没有对局数据可以证明它更好","未核实：哪个替换更优 —— 版本对手分布 unknown，本模块明确说不知道，不编「更优」结论"],"criteria":"`minimalReplacement()` 必须给**恰好一个**方案（`replacement.out` + `replacement.in` 各恰好一个），且必须带非空的 `why` 与 `evidence[]`；返回数组 / 多方案 / 没有 `why` ⇒ `REPLACEMENT_SHAPE`（红）。"}
  · [实际输出] ⑦ 返回多方案之后的审计 = {"ok":false,"problems":["[REPLACEMENT_SHAPE] replacement.replacement：最小替换必须**恰好一个**方案，实际返回了 2 个：多方案是排序，不是「最小替换」"]}
  · [实际输出] ⑦ 没有 why 之后的审计 = {"ok":false,"problems":["[REPLACEMENT_SHAPE] replacement.why：替换方案必须带非空 why（哪一轴改善 / 为什么给不出）","[REPLACEMENT_OVERCLAIM] replacement.why：分布 unknown 时 why 必须明说「不知道换谁更强」，只给结构理由；实际 why 里没有这句话"]}
  · [实际输出] ⑦ 一次换两只之后的审计 = {"ok":false,"problems":["[REPLACEMENT_SHAPE] replacement.replacement：一次替换必须换掉**恰好一只**、换成**恰好一只**，实际 out=2 in=1","[REPLACEMENT_SHAPE] replacement.replacement：out / in 都必须点名具体成员（key）"]}
  · [实际输出] ⑦ 分布 unknown 却宣称更优的审计 = {"ok":false,"problems":["[REPLACEMENT_OVERCLAIM] replacement.confirmed_by_distribution：分布是 assumption 却宣称替换结论已由分布确认：分布 unknown 时不许判「哪个更好」","[REPLACEMENT_OVERCLAIM] replacement.why：分布 unknown 时 why 必须明说「不知道换谁更强」，只给结构理由；实际 why 里没有这句话"]}
  · [实际输出] ⑦ 没有注入候选时的最小替换 = {"schema":"roco-minimal-replacement/v1","team_id":"rc304-six-a","replacement":null,"confirmed_by_distribution":false,"why":"注入的候选里没有一只声明能接住队里无人承接的 幽系 / 普通系 / 武系 / 毒系 / 翼系 / 龙系：给不出一个能改结构的最小替换。结构理由之外的结论（换谁更强）现在**没有**依据：版本对手分布是 unknown，所以这里明确说不知道，不编一个「更优」结论","evidence":[{"source_file":"injected:gapsByTeam","pointer":"gapsByTeam[rc304-six-a].gaps","field":"length","value":21,"note":"最小替换的结构输入是 RC-302 的缺口诊断"},{"source_file":"data/roco/meta-prior/v1.json","pointer":"distribution[]","field":"kind","value":"assumption","note":"注入分布是 unknown：**不能**据此判哪个候选更好，只能给结构理由（fail closed）"},{"source_file":"injected:candidates","pointer":"candidates[].covers_types","field":"count","value":0,"note":"注入候选 0 个，无人承接弱点 6 个（幽系 / 普通系 / 武系 / 毒系 / 翼系 / 龙系）"}],"confidence":"UNKNOWN","unverified":["未核实：哪个候选更好 —— 候选没有结构声明（covers_types）或没有可对接的缺口，本模块不替它编一个"],"criteria":"`minimalReplacement()` 必须给**恰好一个**方案（`replacement.out` + `replacement.in` 各恰好一个），且必须带非空的 `why` 与 `evidence[]`；返回数组 / 多方案 / 没有 `why` ⇒ `REPLACEMENT_SHAPE`（红）。"}
  · [实际输出] ⑧ 第一次运行（截断） = {"compare":"{\"schema\":\"roco-team-compare/v1\",\"axes\":{\"environment_value\":{\"axis\":\"environment_value\",\"prior_field\":\"expected_meta_value\",\"label\":\"环境价值\",\"definition\":\"队伍对**版","tie":"{\"schema\":\"roco-minimal-replacement/v1\",\"team_id\":\"rc304-six-a\",\"candidate_universe_size\":2,\"replacement\":{\"out\":{\"key\":\"instance:own-0001\",\"unanswered_weakness"}
  · [实际输出] ⑧ tie-break 的实际选择 = {"out":{"key":"instance:own-0001","unanswered_weaknesses":2},"in":{"key":"cand:aaa","covers_types":["幽系"],"has_build":true}}
  · [实际输出] ⑧ 两次运行不一致的审计 = {"ok":false,"problems":["[NONDETERMINISTIC] compareTeams/minimalReplacement:compare：同一输入两次运行的 JSON.stringify 不一致（含 tie-break）：{\"schema\":\"roco-team-compare/v1\",\"axes\":{\"environment_value\":{\"axis\":\"environment_value\",\"prior_field\":\"expected_meta_value\",\"label\":\"环境价值\",\"definition\":\"队伍对**版 vs {\"schema\":\"roco-team-compare/v1\",\"axes\":{\"environment_value\":{\"axis\":\"environment_value\",\"prior_field\":\"expected_meta_value\",\"label\":\"环境价值\",\"definition\":\"队伍对**版","[NONDETERMINISTIC] compareTeams/minimalReplacement:replacement：同一输入两次运行的 JSON.stringify 不一致（含 tie-break）：{\"schema\":\"roco-minimal-replacement/v1\",\"team_id\":\"rc304-six-a\",\"candidate_universe_size\":4,\"replacement\":{\"out\":{\"key\":\"instance:own-0001\",\"unanswered_weakness vs null"]}
  · [实际输出] 结构：产出里引用到的证据来源 = ["data/roco/meta-prior/v1.json","injected:metaPrior.distribution[]","injected:gapsByTeam"]
  · [实际输出] 结构：相对分实测值（与声明的量程对账） = [{"pair":"rc304-six-a/rc304-six-b","values":{"environment_value":0.811706,"matchup_spread":0.333334,"execution_tolerance":0.585714}},{"pair":"rc304-six-a/rc304-six-c","values":{"environment_value":0.811706,"matchup_spread":0.333334,"execution_tolerance":0.585714}},{"pair":"rc304-six-b/rc304-six-c","values":{"environment_value":0.690873,"matchup_spread":0.388888,"execution_tolerance":0.363265}},{"pair":"rc304-six-d/rc304-six-e","values":{"environment_value":0.76739,"matchup_spread":0.444444,"execution_tolerance":0.443978}},{"pair":"rc304-six-a/rc304-six-e","values":{"environment_value":0.811706,"matchup_spread":0.333334,"execution_tolerance":0.585714}},{"pair":"rc304-six-c/rc304-six-f","values":{"environment_value":0.701629,"matchup_spread":0.5,"execution_tolerance":0.407287}},{"pair":"rc304-six-e/rc304-six-f","values":{"environment_value":0.797184,"matchup_spread":0.444445,"execution_tolerance":0.524018}}]
  · [实际输出] 结构：五轴映射 = [{"axis":"environment_value","prior_field":"expected_meta_value","label":"环境价值"},{"axis":"worst_archetype","prior_field":"worst_archetype","label":"最怕的体系"},{"axis":"matchup_spread","prior_field":"matchup_spread","label":"对局离散度"},{"axis":"execution_tolerance","prior_field":"execution_tolerance","label":"操作容错"},{"axis":"coverage_confidence","prior_field":"coverage_confidence","label":"覆盖置信"}]
  · [实际输出] 结构：全部两两比较的实际输出 = [{"teams":["rc304-six-a","rc304-six-b"],"availability":{"environment_value":true,"worst_archetype":true,"matchup_spread":true,"execution_tolerance":true,"coverage_confidence":true},"coverage":0.809524,"ranker":{"status":"missing","ranker_id":null,"reason":"没有注入版本化 Team Ranker 产物（13 号文档 §5.1 的离线链路还没产出标签）：比较退化成注入分布上的相对分，排序不可用","criteria":"[严格] 注入的 `metaPrior` 是 `unknown` 档（`distribution_source === \"unknown\"`，或 `distribution[].value` 有 null，或没有任何可用分母）时，environment_value / worst_archetype / matchup_spread / execution_tolerance 四轴的 `available` 必须是 `false`、`value` 必须是 `null`、`unknown_reason` 必须点名缺什么。出现数值 / `0` / 「差不多」/ 胜率 ⇒ `UNKNOWN_AXIS_HAS_VALUE`（红）。"},"replacement":"instance:own-0001 → cand:aaa","audit_ok":true,"problems":[]},{"teams":["rc304-six-a","rc304-six-c"],"availability":{"environment_value":true,"worst_archetype":true,"matchup_spread":true,"execution_tolerance":true,"coverage_confidence":true},"coverage":0.809524,"ranker":{"status":"missing","ranker_id":null,"reason":"没有注入版本化 Team Ranker 产物（13 号文档 §5.1 的离线链路还没产出标签）：比较退化成注入分布上的相对分，排序不可用","criteria":"[严格] 注入的 `metaPrior` 是 `unknown` 档（`distribution_source === \"unknown\"`，或 `distribution[].value` 有 null，或没有任何可用分母）时，environment_value / worst_archetype / matchup_spread / execution_tolerance 四轴的 `available` 必须是 `false`、`value` 必须是 `null`、`unknown_reason` 必须点名缺什么。出现数值 / `0` / 「差不多」/ 胜率 ⇒ `UNKNOWN_AXIS_HAS_VALUE`（红）。"},"replacement":"instance:own-0001 → cand:aaa","audit_ok":true,"problems":[]},{"teams":["rc304-six-b","rc304-six-c"],"availability":{"environment_value":true,"worst_archetype":true,"matchup_spread":true,"execution_tolerance":true,"coverage_confidence":true},"coverage":0.869919,"ranker":{"status":"missing","ranker_id":null,"reason":"没有注入版本化 Team Ranker 产物（13 号文档 §5.1 的离线链路还没产出标签）：比较退化成注入分布上的相对分，排序不可用","criteria":"[严格] 注入的 `metaPrior` 是 `unknown` 档（`distribution_source === \"unknown\"`，或 `distribution[].value` 有 null，或没有任何可用分母）时，environment_value / worst_archetype / matchup_spread / execution_tolerance 四轴的 `available` 必须是 `false`、`value` 必须是 `null`、`unknown_reason` 必须点名缺什么。出现数值 / `0` / 「差不多」/ 胜率 ⇒ `UNKNOWN_AXIS_HAS_VALUE`（红）。"},"replacement":"instance:own-0007 → cand:aaa","audit_ok":true,"problems":[]},{"teams":["rc304-six-d","rc304-six-e"],"availability":{"environment_value":true,"worst_archetype":true,"matchup_spread":true,"execution_tolerance":true,"coverage_confidence":true},"coverage":0.826087,"ranker":{"status":"missing","ranker_id":null,"reason":"没有注入版本化 Team Ranker 产物（13 号文档 §5.1 的离线链路还没产出标签）：比较退化成注入分布上的相对分，排序不可用","criteria":"[严格] 注入的 `metaPrior` 是 `unknown` 档（`distribution_source === \"unknown\"`，或 `distribution[].value` 有 null，或没有任何可用分母）时，environment_value / worst_archetype / matchup_spread / execution_tolerance 四轴的 `available` 必须是 `false`、`value` 必须是 `null`、`unknown_reason` 必须点名缺什么。出现数值 / `0` / 「差不多」/ 胜率 ⇒ `UNKNOWN_AXIS_HAS_VALUE`（红）。"},"replacement":"instance:own-0001 → cand:aaa","audit_ok":true,"problems":[]},{"teams":["rc304-six-a","rc304-six-e"],"availability":{"environment_value":true,"worst_archetype":true,"matchup_spread":true,"execution_tolerance":true,"coverage_confidence":true},"coverage":0.809524,"ranker":{"status":"missing","ranker_id":null,"reason":"没有注入版本化 Team Ranker 产物（13 号文档 §5.1 的离线链路还没产出标签）：比较退化成注入分布上的相对分，排序不可用","criteria":"[严格] 注入的 `metaPrior` 是 `unknown` 档（`distribution_source === \"unknown\"`，或 `distribution[].value` 有 null，或没有任何可用分母）时，environment_value / worst_archetype / matchup_spread / execution_tolerance 四轴的 `available` 必须是 `false`、`value` 必须是 `null`、`unknown_reason` 必须点名缺什么。出现数值 / `0` / 「差不多」/ 胜率 ⇒ `UNKNOWN_AXIS_HAS_VALUE`（红）。"},"replacement":"instance:own-0001 → cand:aaa","audit_ok":true,"problems":[]},{"teams":["rc304-six-c","rc304-six-f"],"availability":{"environment_value":true,"worst_archetype":true,"matchup_spread":true,"execution_tolerance":true,"coverage_confidence":true},"coverage":0.814815,"ranker":{"status":"missing","ranker_id":null,"reason":"没有注入版本化 Team Ranker 产物（13 号文档 §5.1 的离线链路还没产出标签）：比较退化成注入分布上的相对分，排序不可用","criteria":"[严格] 注入的 `metaPrior` 是 `unknown` 档（`distribution_source === \"unknown\"`，或 `distribution[].value` 有 null，或没有任何可用分母）时，environment_value / worst_archetype / matchup_spread / execution_tolerance 四轴的 `available` 必须是 `false`、`value` 必须是 `null`、`unknown_reason` 必须点名缺什么。出现数值 / `0` / 「差不多」/ 胜率 ⇒ `UNKNOWN_AXIS_HAS_VALUE`（红）。"},"replacement":"instance:own-0015 → cand:aaa","audit_ok":true,"problems":[]},{"teams":["rc304-six-e","rc304-six-f"],"availability":{"environment_value":true,"worst_archetype":true,"matchup_spread":true,"execution_tolerance":true,"coverage_confidence":true},"coverage":0.814815,"ranker":{"status":"missing","ranker_id":null,"reason":"没有注入版本化 Team Ranker 产物（13 号文档 §5.1 的离线链路还没产出标签）：比较退化成注入分布上的相对分，排序不可用","criteria":"[严格] 注入的 `metaPrior` 是 `unknown` 档（`distribution_source === \"unknown\"`，或 `distribution[].value` 有 null，或没有任何可用分母）时，environment_value / worst_archetype / matchup_spread / execution_tolerance 四轴的 `available` 必须是 `false`、`value` 必须是 `null`、`unknown_reason` 必须点名缺什么。出现数值 / `0` / 「差不多」/ 胜率 ⇒ `UNKNOWN_AXIS_HAS_VALUE`（红）。"},"replacement":"instance:own-0001 → cand:aaa","audit_ok":true,"problems":[]}]
  · [实际输出] 报告：五轴当前可用性 = {"available":["environment_value","worst_archetype","matchup_spread","execution_tolerance","coverage_confidence"],"unknown":[],"note":"5 轴全部可用：coverage_confidence 只依赖 build 的规则/数据覆盖；四轴的分母来自**声明假设**（先验里逐条带 basis，可复算、可替换），相对分 / 容错来自 RC-302 的结构分（ENGINE_HYPOTHESIS）"}
  · [实际输出] 报告：unknown 逐条原因 = ["environment_value: null","worst_archetype: null","matchup_spread: null","execution_tolerance: null","coverage_confidence: null"]
  · [实际输出] 报告：measured 对照样例 = {"environment_value":0.505,"worst_archetype":{"archetype_id":"poison_stack","label":"毒系消耗","relative_score":0.3,"weight":0.35,"criterion":"注入带来源的 `measured` 分布时，前四轴**必须**亮起来（`available:true`），值必须来自注入分布（加权均值 / 极差 / 最差体系逐条可对账）。反过来，如果 `available` 的轴数与注入分布里 `value` 非 null 的体系数对不上 ⇒ `MEASURED_NOT_WIRED`（红）：fail closed 不许写成「永远 unknown」。","structural":"注入带来源的 `measured` 分布时，前四轴**必须**亮起来（`available:true`），值必须来自注入分布（加权均值 / 极差 / 最差体系逐条可对账）。反过来，如果 `available` 的轴数与注入分布里 `value` 非 null 的体系数对不上 ⇒ `MEASURED_NOT_WIRED`（红）：fail closed 不许写成「永远 unknown」。"},"matchup_spread":0.42,"execution_tolerance":0.745,"coverage_confidence":0.809524}
  · [实际输出] 报告：判据逐条 = ["PASS 真实数据下五轴全部可用（coverage_confidence 真算 + 四轴 assumption 结构分）","PASS 把分布降级成 unknown ⇒ 前四轴必须 available:false + value:null + 点名缺什么（负向控制）","PASS assumption 行缺 basis / 挂 sources / 占比不闭合 ⇒ 前四轴必须 fail closed（裸数字不许进）","PASS 四轴对**分母**敏感：K → K+1（每行 1/(K+1)）⇒ 权重与加权值随之变，且仍然可用","PASS 注入 measured 分布后前四轴必须亮起来（反向控制：fail closed ≠ 恒 unknown）","PASS measured 分布下的环境价值必须等于按注入占比的加权均值（值真的来自分布）","PASS 在线段没有引擎 / 子进程调用（源码结构判据）","PASS 最小替换恰好一个方案且带 why；分布 unknown 时只给结构理由","PASS 没有胜率 / 百分数 / 榜单词（产出与渲染文本一起扫）","PASS 没有排序器时如实降级（ranker_status = missing）"]
  · [实际输出] 边界：只在离线段出现子进程（online 口径） = {"ok":true,"problems":[]}
  · [实际输出] 边界：同一份源码用 whole 口径扫 = {"ok":false,"problems":["[ONLINE_ENGINE_CALL] src/coach/team-compare.mjs:153（scanned=whole）：出现 step_joint：在线队伍比较里出现引擎的联合推进入口：比较只读注入数据，跑模拟是离线产标签的事（实际源码 \"id: 'ONLINE_ENGINE_CALL', pattern: 'step_joint',\"）","[ONLINE_ENGINE_CALL] src/coach/team-compare.mjs:157（scanned=whole）：出现 plan_actions：在线队伍比较里出现引擎的规划入口：那属于离线 league / 自博弈（实际源码 \"id: 'ONLINE_ENGINE_CALL', pattern: 'plan_actions',\"）","[ONLINE_SUBPROCESS_CALL] src/coach/team-compare.mjs:161（scanned=whole）：出现 child_process：在线队伍比较里出现子进程模块：在线路径不 spawn 任何进程（实际源码 \"id: 'ONLINE_SUBPROCESS_CALL', pattern: 'child_process',\"）","[ONLINE_SUBPROCESS_CALL] src/coach/team-compare.mjs:162（scanned=whole）：出现 spawn：在线队伍比较里出现 spawn：在线路径不 spawn 任何进程（实际源码 \"detail: '在线队伍比较里出现子进程模块：在线路径不 spawn 任何进程',\"）","[ONLINE_SUBPROCESS_CALL] src/coach/team-compare.mjs:165（scanned=whole）：出现 spawn：在线队伍比较里出现 spawn：在线路径不 spawn 任何进程（实际源码 \"id: 'ONLINE_SUBPROCESS_CALL', pattern: 'spawn',\"）","[ONLINE_SUBPROCESS_CALL] src/coach/team-compare.mjs:166（scanned=whole）：出现 spawn：在线队伍比较里出现 spawn：在线路径不 spawn 任何进程（实际源码 \"detail: '在线队伍比较里出现 spawn：在线路径不 spawn 任何进程',\"）","[ONLINE_SUBPROCESS_CALL] src/coach/team-compare.mjs:169（scanned=whole）：出现 roco-client：在线队伍比较里出现 Python 引擎客户端：在线路径不连接引擎（实际源码 \"id: 'ONLINE_SUBPROCESS_CALL', pattern: 'roco-client',\"）","[ONLINE_SUBPROCESS_CALL] src/coach/team-compare.mjs:173（scanned=whole）：出现 RocoClient：在线队伍比较里出现 Python 引擎客户端类：在线路径不连接引擎（实际源码 \"id: 'ONLINE_SUBPROCESS_CALL', pattern: 'RocoClient',\"）","[ONLINE_SUBPROCESS_CALL] src/coach/team-compare.mjs:2452（scanned=whole）：出现 child_process：在线队伍比较里出现子进程模块：在线路径不 spawn 任何进程（实际源码 \"const spawnForOffline = () => import('node:child_process');\"）","[ONLINE_SUBPROCESS_CALL] src/coach/team-compare.mjs:2452（scanned=whole）：出现 spawn：在线队伍比较里出现 spawn：在线路径不 spawn 任何进程（实际源码 \"const spawnForOffline = () => import('node:child_process');\"）"]}
  · [实际输出] 边界：claims 投影的键 = ["axes","distribution","ranker","unverified","no_win_rate","online_path"]
  · [实际输出] 报告可复跑 = {"first_length":101025,"second_length":101025,"identical":true}
  · [实际输出] 报告伪精确扫描命中 = []
  · [实际输出] 报告反证留痕条数 = 27
✔ RC-304 判据①：分布 unknown 时前四轴必须 fail closed（返回数值即判红） (5.684708ms)
✔ RC-304 判据⑨：assumption 档（声明假设的分母）四轴必须真算；裸数字 / 缺依据一律回到 fail closed (7.587375ms)
✔ RC-304 判据②：返回 0 / null 却写 available:true 必须判红 (7.243333ms)
✔ RC-304 判据③：输出胜率 / 百分数 / 榜单词必须判红（数值、量纲、渲染文本一起扫） (8.173542ms)
✔ RC-304 判据④（反向控制）：注入 measured 分布后前四轴必须真的亮起来 (1.619417ms)
✔ RC-304 判据⑤：coverage_confidence 必须真算（无 build 数据的实体不许报高置信） (4.811042ms)
✔ RC-304 判据⑥：在线导出段出现引擎 / 子进程调用必须判红 (5.133125ms)
✔ RC-304 判据⑦：minimalReplacement 必须恰好一个方案且带 why (6.307166ms)
✔ RC-304 判据⑧：两次运行必须逐字节相同（含 tie-break） (4.178625ms)
✔ RC-304 结构：证据只指向注入数据或仓内真实文件；五轴的判据文本齐全 (2.790708ms)
✔ RC-304 结构：对每支队伍都能给出结论，≥6 组两两比较全部可审计 (7.326959ms)
✔ RC-304 报告：磁盘上的 rc-304-team-compare.json 与生成逻辑逐字节一致 (38.71225ms)
✔ RC-304 边界：audit 扫描口径可切换，且保留 RC-303 的否定语境豁免 (2.783375ms)
✔ RC-304 报告：buildRc304Report 是纯函数（两次调用逐字节相同） (106.332042ms)
  · [实际输出] ① 被抹掉证据的那条 gap = {
 "id": "coverage.unresisted.幽系",
 "machine_evidence": []
}
  · [实际输出] ① 抹掉 machine_evidence = {
 "audit_ok": false,
 "problems": [
  "[EVIDENCE_MISSING] gaps[0](coverage.unresisted.幽系)：gap 没有 machine_evidence：没有证据的结论不许出现"
 ]
}
  · [实际输出] ① 原始输出的证据条数（逐条） = [
 {
  "id": "coverage.unresisted.幽系",
  "count": 7,
  "sample": "data/roco/normalized/roco-world-s4-2026-09-10/types.json#types[\"草系\"].weak|resist"
 },
 {
  "id": "coverage.unresisted.普通系",
  "count": 7,
  "sample": "data/roco/normalized/roco-world-s4-2026-09-10/types.json#types[\"草系\"].weak|resist"
 },
 {
  "id": "coverage.unresisted.武系",
  "count": 7,
  "sample": "data/roco/normalized/roco-world-s4-2026-09-10/types.json#types[\"草系\"].weak|resist"
 },
 {
  "id": "coverage.unresisted.毒系",
  "count": 7,
  "sample": "data/roco/normalized/roco-world-s4-2026-09-10/types.json#types[\"草系\"].weak|resist"
 },
 {
  "id": "coverage.unresisted.翼系",
  "count": 7,
  "sample": "data/roco/normalized/roco-world-s4-2026-09-10/types.json#types[\"草系\"].weak|resist"
 },
 {
  "id": "coverage.unresisted.龙系",
  "count": 7,
  "sample": "data/roco/normalized/roco-world-s4-2026-09-10/types.json#types[\"草系\"].weak|resist"
 },
 {
  "id": "speed.team_tiers",
  "count": 6,
  "sample": "data/roco/normalized/roco-world-s4-2026-09-10/pets.json + data/roco/normalized/roco-world-s4-2026-09-10/layer-playable-48/pets.json#pets[pet_id=pet_000001].stats.spe.spe"
 },
 {
  "id": "speed.turn_order_inference",
  "count": 2,
  "sample": "data/roco/evidence/rule-evidence-ledger.json#entries[topic=turn_order.priority].claim.confidence"
 },
 {
  "id": "speed.validated_domain",
  "count": 3,
  "sample": "data/roco/normalized/roco-world-s4-2026-09-10/pets.json + data/roco/normalized/roco-world-s4-2026-09-10/layer-playable-48/pets.json#pets[].stats.spe.count_with_value"
 },
 {
  "id": "energy.build_curve",
  "count": 8,
  "sample": "data/roco/owned/owned-pets.json#instances[instance_id=own-0001].skills.skills"
 },
 {
  "id": "energy.power_and_effect_unverified",
  "count": 8,
  "sample": "data/roco/normalized/roco-world-s4-2026-09-10/skills.json#skills[\"skill_000286\"].power_status.power_status"
 },
 {
  "id": "respond.effect_unverified",
  "count": 2,
  "sample": "data/roco/normalized/roco-world-s4-2026-09-10/skills.json#skills[skill_id in [\"skill_000255\",\"skill_000262\",\"skill_000282\",\"skill_000284\",\"skill_000286\",\"skill_000287\",\"skill_000326\",\"skill_000327\",\"skill_000328\",\"skill_000331\",\"skill_000345\",\"skill_000353\",\"skill_000354\",\"skill_000367\",\"skill_000368\",\"skill_000379\",\"skill_000383\",\"skill_000388\",\"skill_000391\",\"skill_000423\",\"skill_000428\",\"skill_000429\",\"skill_000443\",\"skill_000462\",\"skill_000506\",\"skill_000524\",\"skill_000539\",\"skill_000540\",\"skill_000553\",\"skill_000588\",\"skill_000591\",\"skill_000616\",\"skill_000644\",\"skill_000663\",\"skill_000690\",\"skill_000706\",\"skill_000757\",\"skill_000771\",\"skill_000780\",\"skill_000821\"]].effect_support.effect_support"
 },
 {
  "id": "pivot.tool_coverage",
  "count": 6,
  "sample": "data/roco/normalized/roco-world-s4-2026-09-10/skills.json#skills[\"skill_000705\"].desc.desc"
 },
 {
  "id": "pivot.trait_based_unverified",
  "count": 6,
  "sample": "data/roco/normalized/roco-world-s4-2026-09-10/skills.json#skills[\"skill_000008\"].desc.desc"
 },
 {
  "id": "synergy.shared_weakness.草系",
  "count": 3,
  "sample": "data/roco/normalized/roco-world-s4-2026-09-10/types.json#types[\"水系\"].weak[].weak"
 },
 {
  "id": "synergy.summary",
  "count": 2,
  "sample": "data/roco/normalized/roco-world-s4-2026-09-10/types.json#types.keys"
 },
 {
  "id": "synergy.unanswered_weakness.幽系.instance:own-0004",
  "count": 2,
  "sample": "data/roco/normalized/roco-world-s4-2026-09-10/types.json#types[\"光系\"].weak[].weak"
 },
 {
  "id": "synergy.unanswered_weakness.毒系.instance:own-0001",
  "count": 2,
  "sample": "data/roco/normalized/roco-world-s4-2026-09-10/types.json#types[\"草系\"].weak[].weak"
 },
 {
  "id": "synergy.unanswered_weakness.翼系.instance:own-0001",
  "count": 2,
  "sample": "data/roco/normalized/roco-world-s4-2026-09-10/types.json#types[\"草系\"].weak[].weak"
 },
 {
  "id": "cost.build_support",
  "count": 3,
  "sample": "data/roco/normalized/roco-world-s4-2026-09-10/pets.json + data/roco/normalized/roco-world-s4-2026-09-10/layer-playable-48/pets.json#pets.count"
 },
 {
  "id": "cost.mana_rule",
  "count": 2,
  "sample": "data/roco/evidence/rule-evidence-ledger.json#entries[topic=battle_mode.standard_pvp].claim.confidence"
 }
]
  · [实际输出] ① 证据项缺 pointer = {
 "audit_ok": false,
 "problems": [
  "[EVIDENCE_MISSING] gaps[1](coverage.unresisted.普通系).machine_evidence[0]：证据项必须带 source_file / pointer / field"
 ]
}
  · [实际输出] ② 原始输出的置信等级分布 = {
 "COMMUNITY_CURRENT": 15,
 "ENGINE_HYPOTHESIS": 2,
 "UNKNOWN": 3,
 "CROSS_SOURCE_SUPPORTED": 1
}
  · [实际输出] ② confidence=VERY_SURE = {
 "audit_ok": false,
 "problems": [
  "[CONFIDENCE_NOT_IN_LEDGER] gaps[0](coverage.unresisted.幽系)：confidence \"VERY_SURE\" 不在台账六级里"
 ]
}
  · [实际输出] ② confidence=S_TIER = {
 "audit_ok": false,
 "problems": [
  "[CONFIDENCE_NOT_IN_LEDGER] gaps[0](coverage.unresisted.幽系)：confidence \"S_TIER\" 不在台账六级里"
 ]
}
  · [实际输出] ② confidence=CONFIRMED = {
 "audit_ok": false,
 "problems": [
  "[CONFIDENCE_NOT_IN_LEDGER] gaps[0](coverage.unresisted.幽系)：confidence \"CONFIRMED\" 不在台账六级里"
 ]
}
  · [实际输出] ② confidence=COMMUNITY_HOT = {
 "audit_ok": false,
 "problems": [
  "[CONFIDENCE_NOT_IN_LEDGER] gaps[0](coverage.unresisted.幽系)：confidence \"COMMUNITY_HOT\" 不在台账六级里"
 ]
}
  · [实际输出] ② 总置信用了台账外的等级 = {
 "audit_ok": false,
 "problems": [
  "[CONFIDENCE_NOT_IN_LEDGER] diagnosis.confidence：总置信 \"TOTALLY_FINE\" 不在台账六级里"
 ]
}
  · [实际输出] ③ 原始速度域的实测值 = {
 "domain": {
  "basis": "validated_layer",
  "metric": "speed_tier / stats.spe",
  "known": 542,
  "unknown": 80,
  "total": 622
 },
 "value": {
  "validated_species": 542,
  "knowledge_only_species": 622,
  "pack_pet_entities": 622,
  "panel_formula_unknown_species": 622
 },
 "unverified": [
  "未核实：全量 622 只的速度层次（验证层只有 542 只，另外 80 只没有冻结速度档）",
  "未核实：速度平手（同速谁先动） —— 台账 turn_order.priority 记 UNKNOWN（entries[topic=turn_order.priority].notes，逐字命中 \"speed tie = UNKNOWN\"）",
  "未核实：面板换算（等级/性格/天赋 → 实战速度）—— owned 的 nature/talent/specialty/panel_stats 全是 UNKNOWN"
 ]
}
  · [实际输出] ③a 声称验证层已知 622 只 = {
 "audit_ok": false,
 "problems": [
  "[DOMAIN_OVERCLAIM] gaps[8](speed.validated_domain)：声称验证层已知 622 个，但验证层只有 542 个（{\"basis\":\"validated_layer\",\"metric\":\"speed_tier / stats.spe\",\"known\":622,\"unknown\":0,\"total\":622}）：不许把只有验证层（542 只）有值的量当成「全量都知道」"
 ]
}
  · [实际输出] ③b 正文声称全 622 都知道 = {
 "audit_ok": false,
 "problems": [
  "[DOMAIN_OVERCLAIM] gaps[8](speed.validated_domain).why：全量断言：全 622 只的速度层次都已登记，可以据此排先后 —— 但该维度的验证层只有 542 个，pack 里有 622 个"
 ]
}
  · [实际输出] ③c known + unknown ≠ total = {
 "audit_ok": false,
 "problems": [
  "[DOMAIN_OVERCLAIM] gaps[8](speed.validated_domain)：domain 计数不闭合：known(48) + unknown(622) ≠ total(622)"
 ]
}
  · [实际输出] ④ 原始输出里有没有胜率/强度分这类字段 = {
 "has_win_rate": false,
 "confidence_levels_used": [
  "COMMUNITY_CURRENT",
  "ENGINE_HYPOTHESIS",
  "UNKNOWN",
  "CROSS_SOURCE_SUPPORTED"
 ]
}
  · [实际输出] ④ 塞进 win_rate 字段 = {
 "audit_ok": false,
 "problems": [
  "[PSEUDO_PRECISION] gaps[0](coverage.unresisted.幽系).value.win_rate：键 win_rate：0.53"
 ]
}
  · [实际输出] ④ 正文写胜率百分数 = {
 "audit_ok": false,
 "problems": [
  "[PSEUDO_PRECISION] gaps[0](coverage.unresisted.幽系).why：胜率：这套阵容的胜率是 62%，所以缺口不重要",
  "[PSEUDO_PRECISION] gaps[0](coverage.unresisted.幽系).why：%（伪精确百分数）：这套阵容的胜率是 62%，所以缺口不重要"
 ]
}
  · [实际输出] ④ 塞进 strength_score 字段 = {
 "audit_ok": false,
 "problems": [
  "[PSEUDO_PRECISION] gaps[1](coverage.unresisted.普通系).value.strength_score：键 strength_score：91"
 ]
}
  · [实际输出] ⑤ 七只硬要求（六个槽位）的实际输出 = {
 "ok": false,
 "problems": [
  "[UNSATISFIABLE_CONSTRAINTS] cost：硬约束不可满足（cost.unsatisfiable.slots_exceeded）：按 RC-302 的纪律 fail closed，ok:false，不给出「看起来能用」的诊断"
 ],
 "blocking": [
  {
   "id": "cost.unsatisfiable.slots_exceeded",
   "why": "必须留在队里的条目有 7 个，但只有 6 个槽位：硬的不可满足；本条按 RC-302 的纪律 fail closed（ok:false），不给「看起来能用」的诊断"
  }
 ]
}
  · [实际输出] ⑤ 把不可满足的结果改成 ok:true = {
 "audit_ok": false,
 "problems": [
  "[UNSATISFIABLE_NOT_FAILED] diagnosis.ok：有 1 条 blocking 缺口（cost.unsatisfiable.slots_exceeded）却 ok:true"
 ]
}
  · [实际输出] ⑤ 假的失败（ok:false 但没有 blocking） = [
 "[SOMETHING_ELSE] x：假的失败：没有任何 blocking 依据"
]
  · [实际输出] ⑤ ok:false 但没有 blocking 依据 = {
 "audit_ok": false,
 "problems": [
  "[UNSATISFIABLE_NOT_FAILED] diagnosis.ok：ok:false 但没有任何 blocking 缺口或 UNSATISFIABLE_CONSTRAINTS 问题：fail closed 必须有依据"
 ]
}
  · [实际输出] ⑥ 正文引用「T0 强势体系，必带」 = {
 "audit_ok": false,
 "problems": [
  "[COMMUNITY_TIER_LABEL] gaps[0](coverage.unresisted.幽系).why：T0：依据社区榜单：T0 强势体系，必带",
  "[COMMUNITY_TIER_LABEL] gaps[0](coverage.unresisted.幽系).why：强势：依据社区榜单：T0 强势体系，必带",
  "[COMMUNITY_TIER_LABEL] gaps[0](coverage.unresisted.幽系).why：必带：依据社区榜单：T0 强势体系，必带"
 ]
}
  · [实际输出] ⑥ 正文引用「这就是梯队第一」 = {
 "audit_ok": false,
 "problems": [
  "[COMMUNITY_TIER_LABEL] gaps[0](coverage.unresisted.幽系).why：梯队：依据社区榜单：这就是梯队第一"
 ]
}
  · [实际输出] ⑥ 正文引用「版本之子，上分首选」 = {
 "audit_ok": false,
 "problems": [
  "[COMMUNITY_TIER_LABEL] gaps[0](coverage.unresisted.幽系).why：版本之子：依据社区榜单：版本之子，上分首选",
  "[COMMUNITY_TIER_LABEL] gaps[0](coverage.unresisted.幽系).why：上分首选：依据社区榜单：版本之子，上分首选"
 ]
}
  · [实际输出] ⑥ 在 value 里挂 tier: T0 = {
 "audit_ok": false,
 "problems": [
  "[PSEUDO_PRECISION] gaps[2](coverage.unresisted.武系).value.tier：键 tier：\"T0\"",
  "[COMMUNITY_TIER_LABEL] gaps[2](coverage.unresisted.武系).value.tier：T0：T0"
 ]
}
  · [实际输出] ⑦ 依赖 UNKNOWN 量的那条 gap（原始） = {
 "id": "speed.turn_order_inference",
 "severity": "info",
 "confidence": "ENGINE_HYPOTHESIS",
 "depends_on": [
  "turn_order.priority"
 ],
 "unverified": [
  "未核实：速度平手（同速谁先动） —— 台账 turn_order.priority 记 UNKNOWN（entries[topic=turn_order.priority].notes，逐字命中 \"speed tie = UNKNOWN\"）"
 ]
}
  · [实际输出] ⑦a 把 UNKNOWN 的相关结论升级成 high = {
 "audit_ok": false,
 "problems": [
  "[UNKNOWN_ESCALATED] gaps[7](speed.turn_order_inference)：依赖的 turn_order.priority（台账 UNKNOWN）上限是 medium，但这条 gap 的 severity 是 high"
 ]
}
  · [实际输出] ⑦b 把 UNKNOWN 的相关结论升级成 blocking = {
 "audit_ok": false,
 "problems": [
  "[UNKNOWN_ESCALATED] gaps[7](speed.turn_order_inference)：依赖的 turn_order.priority（台账 UNKNOWN）上限是 medium，但这条 gap 的 severity 是 blocking",
  "[UNSATISFIABLE_NOT_FAILED] diagnosis.ok：有 1 条 blocking 缺口（speed.turn_order_inference）却 ok:true"
 ]
}
  · [实际输出] ⑦c 不点名那条 UNKNOWN 量 = {
 "audit_ok": false,
 "problems": [
  "[UNKNOWN_ESCALATED] gaps[7](speed.turn_order_inference)：依赖的 turn_order.priority 是台账 UNKNOWN，但 unverified 里没有点名「速度平手（同速谁先动）」"
 ]
}
  · [实际输出] ⑦ 原始输出里所有点到「速度平手」的 gap = [
 {
  "id": "speed.team_tiers",
  "severity": "info"
 },
 {
  "id": "speed.turn_order_inference",
  "severity": "info"
 },
 {
  "id": "speed.validated_domain",
  "severity": "info"
 },
 {
  "id": "respond.effect_unverified",
  "severity": "info"
 }
]
  · [实际输出] ⑧ 两次运行的差异长度 = {
 "first": 62464,
 "second": 62464
}
  · [实际输出] ⑧ 输出里的浮点残渣（0.30000000000000004 这类） = null
  · [实际输出] ⑨ 七个维度的 gap 数与严重度 = [
 {
  "dimension": "coverage",
  "gaps": 6,
  "severities": [
   "medium",
   "low"
  ]
 },
 {
  "dimension": "speed",
  "gaps": 3,
  "severities": [
   "info"
  ]
 },
 {
  "dimension": "energy",
  "gaps": 2,
  "severities": [
   "info"
  ]
 },
 {
  "dimension": "respond",
  "gaps": 1,
  "severities": [
   "info"
  ]
 },
 {
  "dimension": "pivot",
  "gaps": 2,
  "severities": [
   "low",
   "info"
  ]
 },
 {
  "dimension": "synergy",
  "gaps": 5,
  "severities": [
   "medium",
   "info"
  ]
 },
 {
  "dimension": "cost",
  "gaps": 2,
  "severities": [
   "info"
  ]
 }
]
  · [实际输出] ⑨ 真实输出的审计结果 = {
 "ok": true,
 "problems": []
}
  · 审计规则 10 条，每条都有必红方向
  · [实际输出] ⑩ 分布（每维度的关键实测值） = {
 "instances": 542,
 "coverage_resist_counts": [
  "光系:107/68",
  "冰系:102/196",
  "地系:76/140",
  "幻系:93/80",
  "幽系:83/95",
  "恶系:98/112",
  "普通系:145/0",
  "机械系:157/137",
  "武系:185/177",
  "毒系:151/77",
  "水系:107/134",
  "火系:133/168",
  "电系:166/113",
  "翼系:127/119",
  "草系:194/129",
  "萌系:116/73",
  "虫系:226/86",
  "龙系:33/12"
 ],
 "speed": {
  "with_validated_spe": 542,
  "tiers": {
   "51-70": 117,
   "71-90": 144,
   "91-110": 153,
   "<=50": 48,
   ">=111": 80
  },
  "validated_species": 542,
  "knowledge_only_species": 622
 },
 "energy": {
  "without_zero_cost": 87,
  "without_static_power": 884,
  "moves_total": 2168
 },
 "respond": {
  "criteria": "从冻结 `learnsets.json`（native_skills + blood_skills + skill_stones）里取出学招池，用 `skills[].desc` 的词条判定应对种类：`应对攻击` / `应对状态` / `应对防御`（三者互不替代）；再单独统计这四个技能（build）里有没有带任一种应对。只报「描述里出现了这个应对词条」，不报它能不能挡住什么（效果原语未实现）。",
  "build_variant_species": {
   "应对攻击": 542,
   "应对状态": 151,
   "应对防御": 19
  },
  "instances_without_any_respond_in_build": 0,
  "instances_total": 542,
  "species_total": 542,
  "learnset_variant_species": {
   "应对攻击": 542,
   "应对状态": 409,
   "应对防御": 420
  },
  "learnset_species_total": 542
 },
 "pivot": {
  "criteria": "换入/离场手段 = 学招池里（去掉 `category === \"特性\"`）满足 `desc` 含 `迅捷`（台账 swift.injection：主动换入时自动使用）或含 `自己脱离` / `立即替换` 的技能。再单独统计 build 是否携带。主动换人本身是基础行动（台账 turn_order.priority 登记它存在），所以「没有换入手段」不等于「不能换人」。",
  "instances_with_tool_in_build": 6,
  "learnset_species_with_tool": 352,
  "learnset_species_total": 542
 },
 "synergy": {
  "weakness_total": 1916
 },
 "cost": {
  "criteria": "把请求里的硬约束折成可满足性算术：required = locked ∪ must_include（必须留在队里）；replaceable = selected 里不在 required 的条目；槽位不够（|required| > team_size）、必须换掉的只数超过 max_replacements、候选池（owned，或 favourites_only 时只算收藏）凑不满剩余槽位、required 里出现 owned 里没有的物种 ⇒ 任一成立即 `blocking` + `ok:false`（fail closed）。",
  "candidate_universe_instances": 542,
  "favourite_instances": 168,
  "distinct_species": 542
 }
}
  · [实际输出] ⑱ 分离证据（真实分布必须成立；三条合成输入必须判红） = {
 "real": true,
 "collapsed_build_equals_learnset": false,
 "overshoot_build_gt_learnset": false,
 "learnset_attack_not_48": false
}
  · ④ build=undefined / learnset={"应对攻击":542,"应对状态":409,"应对防御":420}；instances_without_any_respond_in_build=0（已不作为分离证据）
  · [实际输出] ⑪ seven-required = {
 "rc301": {
  "ok": true,
  "problems": []
 },
 "rc302": {
  "ok": false,
  "problems": [
   "[UNSATISFIABLE_CONSTRAINTS] cost：硬约束不可满足（cost.unsatisfiable.slots_exceeded）：按 RC-302 的纪律 fail closed，ok:false，不给出「看起来能用」的诊断"
  ],
  "blocking": [
   "cost.unsatisfiable.slots_exceeded"
  ]
 }
}
  · [实际输出] ⑪ unowned-species = {
 "rc301": {
  "ok": true,
  "problems": []
 },
 "rc302": {
  "ok": false,
  "problems": [
   "[UNSATISFIABLE_CONSTRAINTS] cost：硬约束不可满足（cost.unsatisfiable.required_not_owned）：按 RC-302 的纪律 fail closed，ok:false，不给出「看起来能用」的诊断"
  ],
  "blocking": [
   "cost.unsatisfiable.required_not_owned"
  ]
 }
}
  · [实际输出] ⑪ churn-limited = {
 "rc301": {
  "ok": true,
  "problems": []
 },
 "rc302": {
  "ok": false,
  "problems": [
   "[UNSATISFIABLE_CONSTRAINTS] cost：硬约束不可满足（cost.unsatisfiable.churn_limit）：按 RC-302 的纪律 fail closed，ok:false，不给出「看起来能用」的诊断"
  ],
  "blocking": [
   "cost.unsatisfiable.churn_limit"
  ]
 }
}
  · [实际输出] ⑪ 全部样例的 RC-301 校验结果 = [
 {
  "id": "empty-team",
  "rc301_ok": true,
  "code": null
 },
 {
  "id": "single-locked",
  "rc301_ok": true,
  "code": null
 },
 {
  "id": "three-selected",
  "rc301_ok": true,
  "code": null
 },
 {
  "id": "full-six",
  "rc301_ok": true,
  "code": null
 },
 {
  "id": "six-favourites-only",
  "rc301_ok": true,
  "code": null
 },
 {
  "id": "species-ref-included",
  "rc301_ok": true,
  "code": null
 },
 {
  "id": "stacked-weakness-six",
  "rc301_ok": true,
  "code": null
 },
 {
  "id": "no-cheap-move-six",
  "rc301_ok": true,
  "code": null
 },
 {
  "id": "churn-limited",
  "rc301_ok": true,
  "code": null
 },
 {
  "id": "seven-required",
  "rc301_ok": true,
  "code": null
 },
 {
  "id": "must-include-unowned-species",
  "rc301_ok": true,
  "code": null
 },
 {
  "id": "legacy-ruleset-cap",
  "rc301_ok": true,
  "code": null
 },
 {
  "id": "named-opponent",
  "rc301_ok": true,
  "code": null
 }
]
  · [实际输出] ⑫ 报告里失败的判据 = []
  · 报告新鲜度：逐字节一致（1309383 字节，13 个样例）
  · [实际输出] ⑬ 空队诊断 = {
 "ok": true,
 "confidence": "UNKNOWN",
 "gaps": [
  "coverage.no_members",
  "speed.no_members",
  "speed.validated_domain",
  "energy.no_builds",
  "respond.no_members",
  "pivot.no_members",
  "synergy.no_members",
  "cost.mana_rule"
 ]
}
  · [实际输出] ⑬ 总置信的实际计算 = {
 "gap_confidences": [
  "COMMUNITY_CURRENT"
 ],
 "total": "COMMUNITY_CURRENT",
 "recomputed": "COMMUNITY_CURRENT"
}
  · [实际输出] ⑭ 未知量清单 = [
 {
  "id": "speed_tie",
  "topic": "turn_order.priority",
  "level": "UNKNOWN",
  "cap": "medium",
  "pattern_hit": true,
  "microcase": null
 },
 {
  "id": "energy_max",
  "topic": "energy.max",
  "level": "ENGINE_HYPOTHESIS",
  "cap": "high",
  "pattern_hit": true,
  "microcase": "MC-E01"
 },
 {
  "id": "energy_regen",
  "topic": "energy.regen",
  "level": "ENGINE_HYPOTHESIS",
  "cap": "high",
  "pattern_hit": true,
  "microcase": "MC-E03"
 },
 {
  "id": "energy_initial",
  "topic": "energy.initial",
  "level": "RECORDED_IN_GAME",
  "cap": "high",
  "pattern_hit": true,
  "microcase": "MC-E04"
 },
 {
  "id": "standard_mana",
  "topic": "battle_mode.standard_pvp",
  "level": "RECORDED_IN_GAME",
  "cap": "medium",
  "pattern_hit": true,
  "microcase": "MC-E08"
 }
]
  · [实际输出] ⑭ 台账被改坏后的输出 = [
 "[LEDGER_PATTERN_MISSING] ledger#turn_order.priority：台账里找不到这条未知量的登记句：[\"speed tie = UNKNOWN\"]（entries[topic=turn_order.priority].notes）。台账变了就不再拿它当「已知的未知」，先人工核对再放开"
]
  · [实际输出] ⑮ plain-six = {
 "rows": {
  "team_size": 6,
  "required": 0,
  "required_refs": [],
  "selected": 6,
  "kept": 6,
  "replaceable": 6,
  "max_replacements": null,
  "favourites_only": false,
  "species_unique": false,
  "allow_unowned": false,
  "candidate_pool": 542,
  "candidate_available": 536,
  "needed_new_members": 0
 },
 "blocking": []
}
  · [实际输出] ⑮ five-selected-one-slot = {
 "rows": {
  "team_size": 6,
  "required": 0,
  "required_refs": [],
  "selected": 5,
  "kept": 5,
  "replaceable": 5,
  "max_replacements": null,
  "favourites_only": false,
  "species_unique": false,
  "allow_unowned": false,
  "candidate_pool": 542,
  "candidate_available": 537,
  "needed_new_members": 1
 },
 "blocking": []
}
  · [实际输出] ⑮ seven-required = {
 "rows": {
  "team_size": 6,
  "required": 7,
  "required_refs": [
   "own-0001",
   "own-0002",
   "own-0003",
   "own-0004",
   "own-0005",
   "own-0006",
   "own-0007"
  ],
  "selected": 0,
  "kept": 7,
  "replaceable": 0,
  "max_replacements": null,
  "favourites_only": false,
  "species_unique": false,
  "allow_unowned": false,
  "candidate_pool": 542,
  "candidate_available": 535,
  "needed_new_members": 0
 },
 "blocking": [
  {
   "id": "cost.unsatisfiable.slots_exceeded",
   "why": "必须留在队里的条目有 7 个，但只有 6 个槽位：硬的不可满足"
  }
 ]
}
  · [实际输出] ⑮ churn-zero = {
 "rows": {
  "team_size": 6,
  "required": 3,
  "required_refs": [
   "own-0005",
   "own-0006",
   "own-0007"
  ],
  "selected": 4,
  "kept": 7,
  "replaceable": 4,
  "max_replacements": 0,
  "favourites_only": false,
  "species_unique": false,
  "allow_unowned": false,
  "min_drops_from_selected": 1,
  "candidate_pool": 542,
  "candidate_available": 535,
  "needed_new_members": 0
 },
 "blocking": [
  {
   "id": "cost.unsatisfiable.churn_limit",
   "why": "必须从已选里换掉至少 1 只，但 max_replacements = 0：「已选都要保」与「必须腾出槽位给硬要求」不可同时成立"
  }
 ]
}
  · [实际输出] ⑮ unowned-species = {
 "rows": {
  "team_size": 6,
  "required": 1,
  "required_refs": [
   "pet_000139"
  ],
  "selected": 0,
  "kept": 1,
  "replaceable": 0,
  "max_replacements": null,
  "favourites_only": false,
  "species_unique": false,
  "allow_unowned": false,
  "candidate_pool": 542,
  "candidate_available": 542,
  "needed_new_members": 5
 },
 "blocking": [
  {
   "id": "cost.unsatisfiable.required_not_owned",
   "why": "must_include 里有 1 个 species 在 owned 里一只都没有：按 team_source=owned 的候选宇宙，这几个要求无法满足（要放开就得显式给 policy.allow_unowned = true，并且它不再是「我的箱子」口径）"
  }
 ]
}
  · [实际输出] ⑮ unowned-allowed = {
 "rows": {
  "team_size": 6,
  "required": 1,
  "required_refs": [
   "pet_000139"
  ],
  "selected": 0,
  "kept": 1,
  "replaceable": 0,
  "max_replacements": null,
  "favourites_only": false,
  "species_unique": false,
  "allow_unowned": true,
  "candidate_pool": 542,
  "candidate_available": 542,
  "needed_new_members": 5
 },
 "blocking": []
}
  · [实际输出] ⑮ 收藏池口径 = {
 "team_size": 6,
 "required": 0,
 "required_refs": [],
 "selected": 5,
 "kept": 5,
 "replaceable": 5,
 "max_replacements": null,
 "favourites_only": true,
 "species_unique": false,
 "allow_unowned": false,
 "candidate_pool": 168,
 "candidate_available": 163,
 "needed_new_members": 1
}
  · [实际输出] ⑯ 数据文件读取次数与长度 = [
 {
  "file": "data/roco/owned/owned-pets.json",
  "bytes": 2804061
 },
 {
  "file": "data/roco/game-data-pack/v2/pack.json",
  "bytes": 3336458
 },
 {
  "file": "data/roco/normalized/roco-world-s4-2026-09-10/roster-48.json",
  "bytes": 147314
 },
 {
  "file": "data/roco/normalized/roco-world-s4-2026-09-10/types.json",
  "bytes": 85265
 },
 {
  "file": "data/roco/evidence/rule-evidence-ledger.json",
  "bytes": 49854
 }
]
  · [实际输出] ⑰ 模块里写的 mana_per_side 与配置里的 mana.pool.value = {
 "module": 4,
 "config": 4
}
  · [实际输出] ⑰ 反证：配置改成 5 之后 = {
 "module": 4,
 "config": 5
}
✔ RC-302 判据①：gap 抹掉 machine_evidence 必须判红（没有证据的结论不许出现） (14.703458ms)
✔ RC-302 判据②：confidence 用了台账之外的等级必须判红 (6.587167ms)
✔ RC-302 判据③：只有冻结层（542 只）有值的量不许说成「全 622 都知道」 (6.517125ms)
✔ RC-302 判据④：出现伪精确胜率/强度分必须判红 (6.542709ms)
✔ RC-302 判据⑤：must_include 不可满足却返回 ok:true 必须判红 (9.756042ms)
✔ RC-302 判据⑥：用社区榜单词（T0/强势/必带）当依据必须判红 (6.004334ms)
✔ RC-302 判据⑦：台账 UNKNOWN 的量被写成确定结论必须判红 (5.948708ms)
✔ RC-302 判据⑧：同一输入两次运行结果必须逐字节一致（顺序/浮点都稳） (229.68375ms)
✔ RC-302 判据⑨：七个维度都有可复算判据，真实输出全部自带证据与置信 (3.592625ms)
✔ RC-302 判据⑩：全量实例上的分布可复跑（实测值；条数从 owned-pets.json 读，不写死） (20.291708ms)
✔ RC-302 判据⑱（反证）：④ 的分离证据自己有牙 —— build 侧写满、写超、learnset 侧改小都必须红 (10.596542ms)
✔ RC-302 判据⑪：RC-301 说「合同合法」而 RC-302 说「不可满足」——两个 RC 的边界 (47.036625ms)
✔ RC-302 判据⑫：报告与生成逻辑逐字节一致，且 ≥6 个真实样例（含 fail closed 样例） (106.580333ms)
✔ RC-302 判据⑬：总置信取「非 info 缺口里最弱的一条」，且空队只报域与未知 (6.317042ms)
✔ RC-302 判据⑭：未知量清单必须能在台账里逐字命中，且台账变了就判红 (3.509208ms)
✔ RC-302 判据⑮：cost 可满足性算术逐条可复算（含 max_replacements 与收藏池收窄） (2.864583ms)
✔ RC-302 判据⑯：读盘只读不写（数据文件在测试前后逐字节一致） (124.625333ms)
✔ ⑰ cost.mana_rule 的魔力数字必须与候选规则配置逐字一致（漂移就红） (3.827125ms)
  · 六维：type_coverage=0.6667 weakness_exposure=0.8 speed_layers=1 respond_coverage=1 energy_curve=1 pivot_sustain=0.8333
  · 关键速度线 available=false（原因点名 panel_stats）；A↔B 镜面对称
  · ranked=90 unranked=0；两次逐位相同、倒序输入名次不变
  · 三队在 respond_coverage 上同值 ⇒ 分数全为 1：rc602-team-01 , rc602-team-02 , rc602-team-03（按声明 tie-break=team_id_lexicographic）
  · [反证实际输出] tests/roco-team-ranker.test.js#③：声明顺序=rc602-team-01,rc602-team-02,rc602-team-03；无 tie-break 版本（倒序输入）=rc602-team-03,rc602-team-02,rc602-team-01 ⇒ 判红
  · 抹掉 own-0001 的速度 ⇒ speed_layers.available=false（成员 instance:own-0001 没有速度值（roster-48 无此物种、full-catalog 也没有））
  · 该队进 unranked（score=null）；其余 89 支仍可排
  · [反证实际输出] tests/roco-team-ranker.test.js#④：补 0 版本 available=true score=0.8633；正确版本 available=false score=null ⇒ 判红
  · own-0009（恶系|翼系）：组合行抗性 3 个；types[0]=恶系 单属性行 2 个
  · [反证实际输出] tests/roco-team-ranker.test.js#⑤：组合行=3 个抗性（模块输出=3）；types[0] 行=2 个 ⇒ 判红
  · 冻结相性表：18 单属性行 + 102 组合行 = 120 行
  · 导出对象深度扫描通过（9 个顶层键）；禁止键 23 条、禁止模式 6 条
  · [反证实际输出] tests/roco-team-ranker.test.js#⑥a：[PSEUDO_PRECISION] $.module_exports.score.win_rate：键名 win_rate 是禁止的伪精确字段名（不许发明胜负 / 概率 / 榜单字段）
  · [反证实际输出] tests/roco-team-ranker.test.js#⑥b：[PSEUDO_PRECISION] $.text.why：字符串出现「中文伪精确词」（胜率）：这一队的胜率更高（62%）；[PSEUDO_PRECISION] $.text.why：字符串出现「百分号」（%）：这一队的胜率更高（62%）
  · k=0/6/>6、重复、非法 id 行为全部符合；混合输入 chosen=1 rejected=2
  · 覆盖 4→9；结构分 0.5185→0.7222（补入 own-0003）
  · [反证实际输出] tests/roco-team-ranker.test.js#⑧：更好：覆盖=9 分=0.7222；更差：覆盖=6 分=0.5555 ⇒ 单调性判据区分得开
  · uncertainty 半宽 0（池 536）→ 0.4（池 1）
  · 六条权重全部 ENGINE_HYPOTHESIS，权重和 = 1
  · [反证实际输出] tests/roco-team-ranker.test.js#⑨a：[WEIGHT_PROVENANCE_MISSING] weights.speed_layers.provenance：provenance = null，不在允许集合 ENGINE_HYPOTHESIS 里：每条权重都必须自报来源等级，没有来源的权重就是魔数
  · [反证实际输出] tests/roco-team-ranker.test.js#⑨b：[WEIGHT_REASON_MISSING] weights.energy_curve.reason：权重没有写理由：没有理由的数值就是藏在函数体里的魔数
  · [反证实际输出] tests/roco-team-ranker.test.js#⑨c：[STATUS_OVERCLAIM] status.learned_weights：RANKER_STATUS.learned_weights = true：本仓没有任何学习权重，只能是 false
  · 5 种坏权重 + 全 0 权重 + 缺 ctx 全部 fail closed（score 一律 null）
  · RC-303: status=ready injected=true source=ranker confidence=ENGINE_HYPOTHESIS no_win_rate=true
  · 留下 9 条反证 ⇒ reports/roco/rc602/red-proofs.json
  · 反证：tests/roco-team-ranker.test.js#③ / 把 tie-break 换成「按输入顺序」并倒序输入 ⇒ 声明顺序=rc602-team-01,rc602-team-02,rc602-team-03；无 tie-break 版本（倒序输入）=rc602-team-03,rc602-team-02,rc602-team-01 ⇒ 判红
  · 反证：tests/roco-team-ranker.test.js#④ / 把 speed_layers 的 null 改成 0 并标 available:true ⇒ 补 0 版本 available=true score=0.8633；正确版本 available=false score=null ⇒ 判红
  · 反证：tests/roco-team-ranker.test.js#⑤ / 把 own-0009（恶系|翼系）的抗性按 types[0]=恶系 的单属性行算 ⇒ 组合行=3 个抗性（模块输出=3）；types[0] 行=2 个 ⇒ 判红
  · 反证：tests/roco-team-ranker.test.js#⑥a / 往 score 里注入 {win_rate: 0.62} ⇒ [PSEUDO_PRECISION] $.module_exports.score.win_rate：键名 win_rate 是禁止的伪精确字段名（不许发明胜负 / 概率 / 榜单字段）
  · 反证：tests/roco-team-ranker.test.js#⑥b / 往字符串里写「这一队的胜率更高（62%）」 ⇒ [PSEUDO_PRECISION] $.text.why：字符串出现「中文伪精确词」（胜率）：这一队的胜率更高（62%）；[PSEUDO_PRECISION] $.text.why：字符串出现「百分号」（%）：这一队的胜率更高（62%）
  · 反证：tests/roco-team-ranker.test.js#⑧ / 把「补进 own-0003（抗性更多）」换成「补进 own-0002（抗性更少）」 ⇒ 更好：覆盖=9 分=0.7222；更差：覆盖=6 分=0.5555 ⇒ 单调性判据区分得开
  · 反证：tests/roco-team-ranker.test.js#⑨a / 删掉 speed_layers 权重的 provenance 字段 ⇒ [WEIGHT_PROVENANCE_MISSING] weights.speed_layers.provenance：provenance = null，不在允许集合 ENGINE_HYPOTHESIS 里：每条权重都必须自报来源等级，没有来源的权重就是魔数
  · 反证：tests/roco-team-ranker.test.js#⑨b / 删掉 energy_curve 权重的 reason 字段 ⇒ [WEIGHT_REASON_MISSING] weights.energy_curve.reason：权重没有写理由：没有理由的数值就是藏在函数体里的魔数
  · 反证：tests/roco-team-ranker.test.js#⑨c / 把 RANKER_STATUS.learned_weights 改成 true ⇒ [STATUS_OVERCLAIM] status.learned_weights：RANKER_STATUS.learned_weights = true：本仓没有任何学习权重，只能是 false
  · 产物一致（时延除外）；not_computable=6 条、可算 146611/146611 对
  · 8 种坏输入 + 空队整批：全部返回 available:false 且带原因，没有抛错
  · [反证实际输出] tests/roco-team-ranker.test.js#⑯：[NETWORK] 源码出现 fetch（fetch(）；[NETWORK] 源码出现 https://（https://）
  · 源码干净；import 只有 ["./team-gaps.js","./team-candidates.mjs"]；速度档位 5 档
  · 146611 对：可算 146611、不可算 0；P50=0.012ms P95=0.014ms max=7.989ms
✔ ① 成对特征在真实数据上可算，每一维都点名来源，且 A↔B 镜面对称 (2.82675ms)
✔ ② 排序确定性：同输入两次逐位相同；倒序输入后名次与分数都不变 (24.03675ms)
✔ ③ 同分稳定 tie-break：顺序由声明口径决定；反证——去掉 tie-break 必须红 (0.882292ms)
✔ ④ 未知数据：抹掉速度值 ⇒ 该队不可算并带原因；反证——当 0 处理必须被抓住 (4.610417ms)
✔ ⑤ 多属性必须按组合行算：反证——退回 types[0] 单属性算法必须红 (0.713917ms)
✔ ⑥ 无胜率 / 无百分数：深度扫导出对象；反证——注入假胜率字段必须被同一条判据抓到 (16.132125ms)
✔ ⑦ Partial-team 边界：k=0 / k=6 / k>6 / 重复 id / 非法 id 都有明确行为 (2.282792ms)
✔ ⑧ Partial-team 单调性：补进严格更好的成员，覆盖类分不许下降；反证——更好/更差要区分得开 (2.252667ms)
✔ ⑨ 权重 provenance：每条都有理由与 ENGINE_HYPOTHESIS；反证——坏权重必须红 (0.309125ms)
✔ ⑩ 权重不可得时 pairwiseScore 必须 available:false，不许内置默认值 (0.305875ms)
✔ ⑪ 接线：RC-303 resolveRanker() 报 ready、calibrated=false；scoreTeams 保留 no_win_rate (0.98075ms)
✔ ⑫ 反证留痕：本轮至少留下 5 条反证（实际输出原文） (0.366625ms)
✔ ⑬ 产物 reports/roco/rc602/team-ranker.json 与 buildRc602Report() 一致（时延除外） (5553.029167ms)
✔ ⑮ 坏输入不抛错：一律返回可审计的 available:false + 原因 (0.328833ms)
✔ ⑯ 在线模块不读盘、不联网、不起进程、不调引擎；反证——注入 fetch 必须红 (0.809667ms)
✔ ⑰ 全量成对实测：146611 对逐对调一遍，可算/unknown 逐条计数 (1953.8445ms)
  · [实际输出] ① selected_pets 这种未登记字段 = [
 "[UNKNOWN_FIELD] selected_pets：合同没有登记这个字段：它不会被采纳，也不会被忽略——请改用 mode / team_size / visibility / must_include / must_exclude / locked / selected / analysis_species / max_replacements / favourites_only / preference / ruleset_config_id / opponent_roster / constraints 之一（实际值 [\"own-0001\"]）"
]
  · [实际输出] ② 同一实例既必须包含又必须排除 = [
 "[MUST_INCLUDE_EXCLUDE_OVERLAP] must_include/must_exclude：同一条目既必须包含又必须排除：own-0001（矛盾约束不许带到下游）（实际值 [\"own-0001\"]）"
]
  · [实际输出] ② 去掉交集后 = []
  · [实际输出] ③ owned 里不存在的 instance_id = [
 "[UNKNOWN_INSTANCE_ID] must_include：must_include 里的 \"own-9999\" 在登记表里查不到：instance_id 必须来自 owned-pets.json，species_id 必须来自 pack 的 pet 实体——不许猜（实际值 \"own-9999\"）"
]
  · [实际输出] ③ pack 里不存在的 species_id = [
 "[UNKNOWN_SPECIES_ID] must_include：must_include 里的 \"pet_999999\" 在登记表里查不到：instance_id 必须来自 owned-pets.json，species_id 必须来自 pack 的 pet 实体——不许猜（实际值 \"pet_999999\"）"
]
  · [实际输出] ③ species_id 塞进 locked（锁定只能指向实例） = [
 "[UNKNOWN_INSTANCE_ID] locked：locked 要求 instance_id，但 \"pet_000001\" 是 species_id（owned 里没有这个实例）（实际值 \"pet_000001\"）",
 "[UNKNOWN_INSTANCE_ID] selected：selected 要求 instance_id，但 \"pet_000001\" 是 species_id（owned 里没有这个实例）（实际值 \"pet_000001\"）"
]
  · [实际输出] ④ 注册表里没有的模式 id = [
 "[UNKNOWN_MODE] mode：battle-modes.json 里没有这个 id：模式不许自创（现有 5 个：demo-training-3v3 / pvp-standard-six-pet / pvp-speed-duel-3v3 / pvp-territory-trial-2v2 / pve-camp）（实际值 \"pvp-standard-eight-pet\"）",
 "[MISSING_FIELD] ruleset_config_id：必须给出规则集 id，且它要出现在 rulesets/*.json 里（模式 pvp-standard-eight-pet 没有 ruleset_binding）（实际值 null）"
]
  · [实际输出] ④ 注册表里的 5 个模式 = [
 "demo-training-3v3",
 "pvp-standard-six-pet",
 "pvp-speed-duel-3v3",
 "pvp-territory-trial-2v2",
 "pve-camp"
]
  · [实际输出] ⑤ rulesets/*.json 里没有的配置 id = [
 "[UNKNOWN_RULESET] ruleset_config_id：rulesets/*.json 里没有这份配置：不许自创（现有 legacy_sim_v1 / mobile_s4_candidate_v2 / mobile_s4_candidate_v3）（实际值 \"made_up_ruleset_v9\"）"
]
  · [实际输出] ⑥ 标准 PVP 传 3 只 = [
 "[MODE_TEAM_SIZE_MISMATCH] team_size：与模式 pvp-standard-six-pet 的注册表参数不一致：注册表是 6，请求是 3。标准 PVP 是 6 个槽位；要 3 只请用极速对决/练习局这类独立模式（实际值 3）"
]
  · [实际输出] ⑥ 极速对决 3 只 = {
 "mode": "pvp-speed-duel-3v3",
 "team_size": 3,
 "visibility": "UNKNOWN_PREMATCH",
 "max_replacements": null,
 "favourites_only": false,
 "preference": null,
 "ruleset_config_id": "mobile_s4_candidate_v2"
}
  · [实际输出] ⑦ 已知场景但没有 opponent_roster = [
 "[OPPONENT_INFO_REQUIRED] opponent_roster：visibility=KNOWN_SCENARIO 却没有任何对手信息：已知场景必须给出对手条目，否则请用 UNKNOWN_PREMATCH（实际值 null）"
]
  · [实际输出] ⑦ 给出对手之后 = {
 "request": {
  "mode": "pvp-standard-six-pet",
  "team_size": 6,
  "visibility": "KNOWN_SCENARIO",
  "max_replacements": null,
  "favourites_only": false,
  "preference": null,
  "ruleset_config_id": "mobile_s4_candidate_v3",
  "opponent_roster": [
   "pet_000001"
  ]
 },
 "info": [
  "[DERIVED_FIELD] ruleset_config_id：没给 ruleset_config_id：按模式 pvp-standard-six-pet 的 ruleset_binding 代入 mobile_s4_candidate_v3（实际值 \"mobile_s4_candidate_v3\"）",
  "[DERIVED_FIELD] team_size：没给 team_size：按模式 pvp-standard-six-pet 的注册表参数代入 6（实际值 6）",
  "[VISIBILITY_NOT_DEFAULT] visibility：标准 PVP 的首选口径是 UNKNOWN_PREMATCH（匹配前不知道对手）；本次用的是 KNOWN_SCENARIO，下游不得把它当成匹配前口径（实际值 \"KNOWN_SCENARIO\"）",
  "[MODE_NOTE] mode：模式 pvp-standard-six-pet 在注册表里有 7 条未核实项（未实机核对前不得当官方事实）（实际值 7）"
 ]
}
  · [实际输出] ⑦b UNKNOWN_PREMATCH 下给出具体对手 = [
 "[OPPONENT_INFO_NOT_ALLOWED] opponent_roster：visibility=UNKNOWN_PREMATCH 下不允许给出具体对手：匹配前不知道对手，不能把匹配前当成匹配后（实际值 [\"pet_000001\"]）"
]
  · [实际输出] ⑧ requestFromNaturalLanguage("随便配一队") = {
 "ok": false,
 "request": null,
 "problems": [
  "[NO_REQUEST_INTENT] text：这句话里没有任何能落进 RecommendationRequest 的约束（既没说模式，也没说必须带谁/排除谁/锁定谁）。它是在要推荐结果（那是 RC-303 的事），不是一份配队请求：请至少给出 mode / must_include / must_exclude / locked / favourites_only / max_replacements 之一（实际值 \"随便配一队\"）"
 ]
}
  · [实际输出] ⑧ 反向控制（点名 + 说模式） = {
 "mode": "pvp-standard-six-pet",
 "team_size": 6,
 "visibility": "UNKNOWN_PREMATCH",
 "max_replacements": null,
 "favourites_only": false,
 "preference": null,
 "ruleset_config_id": "mobile_s4_candidate_v3"
}
  · [实际输出] 只给 mode 的请求 = {
 "request": {
  "mode": "pvp-standard-six-pet",
  "team_size": 6,
  "visibility": "UNKNOWN_PREMATCH",
  "max_replacements": null,
  "favourites_only": false,
  "preference": null,
  "ruleset_config_id": "mobile_s4_candidate_v3"
 },
 "info": [
  "[DERIVED_FIELD] ruleset_config_id：没给 ruleset_config_id：按模式 pvp-standard-six-pet 的 ruleset_binding 代入 mobile_s4_candidate_v3（实际值 \"mobile_s4_candidate_v3\"）",
  "[DERIVED_FIELD] team_size：没给 team_size：按模式 pvp-standard-six-pet 的注册表参数代入 6（实际值 6）",
  "[DEFAULTED_FIELD] visibility：没给 visibility：代入 UNKNOWN_PREMATCH（匹配前不知道对手；13 号设计文档 §1/§4）（实际值 \"UNKNOWN_PREMATCH\"）",
  "[MODE_NOTE] mode：模式 pvp-standard-six-pet 在注册表里有 7 条未核实项（未实机核对前不得当官方事实）（实际值 7）"
 ]
}
  · [实际输出] PVE 营地（注册表没有 team_size） = [
 "[MODE_TEAM_SIZE_UNKNOWN] team_size：模式 pve-camp 在 battle-modes.json 里没有 team_size：不给默认值，请显式给出或换一个有登记的模式（实际值 null）"
]
  · [实际输出] locked 不在 must_include ∪ selected = [
 "[LOCKED_NOT_SELECTED] locked：锁定的 own-0001 既不在 selected 也不在 must_include：locked ⊆ must_include ∪ selected（实际值 \"own-0001\"）"
]
  · [实际输出] selected 含锁定项 = {
 "mode": "pvp-standard-six-pet",
 "team_size": 6,
 "visibility": "UNKNOWN_PREMATCH",
 "locked": [
  "own-0001"
 ],
 "selected": [
  "own-0001"
 ],
 "max_replacements": null,
 "favourites_only": false,
 "preference": null,
 "ruleset_config_id": "legacy_sim_v1"
}
  · [实际输出] selected 超过 team_size = [
 "[SELECTED_OVER_TEAM_SIZE] selected：已选 7 只，超过 team_size=6（实际值 7）"
]
  · [实际输出] max_replacements 负数 = [
 "[INVALID_TYPE] max_replacements：max_replacements 必须是非负整数（不夹紧、不取整）（实际值 -1）"
]
  · [实际输出] max_replacements 小数（不取整） = [
 "[INVALID_TYPE] max_replacements：max_replacements 必须是非负整数（不夹紧、不取整）（实际值 1.5）"
]
  · [实际输出] constraints 里的未登记子键 = [
 "[UNKNOWN_CONSTRAINT_KEY] constraints.no_legendaries：未登记的约束键；已登记的只有 no_duplicate_instances / species_unique / avoid_unknown_mechanics（实际值 true）"
]
  · [实际输出] 材料 = {
 "favourite": "own-0001",
 "nonFavouriteSpecies": "pet_000003"
}
  · [实际输出] favourites_only 与「必须带非收藏」冲突 = [
 "[MUST_INCLUDE_HAS_UNOWNED_SPECIES] must_include：favourites_only=true，但 pet_000003 对应的物种 pet_000003 没有任何一只收藏个体（实际值 \"pet_000003\"）",
 "[LOCKED_FAVOURITES_ONLY_CONFLICT] favourites_only：favourites_only=true，但 must_include/locked 里 [\"pet_000003\"] 没有一只是收藏：约束不可同时满足（实际值 [\"pet_000003\"]）"
]
  · [实际输出] favourites_only + 收藏个体 = {
 "mode": "pvp-standard-six-pet",
 "team_size": 6,
 "visibility": "UNKNOWN_PREMATCH",
 "must_include": [
  "own-0001"
 ],
 "max_replacements": null,
 "favourites_only": true,
 "preference": null,
 "ruleset_config_id": "legacy_sim_v1"
}
  · [实际输出] 只有队内约束、没有点名任何一只 = [
 "[TEAM_CONSTRAINT_WITHOUT_NAMES] constraints：只给了队内约束（不重复/每只不一样），却没点名任何一只、没有已选槽位、也没有收窄候选池：没有任何可评估的对象，这不是一份可执行的请求。请至少点名一只（或给出 selected / favourites_only）（实际值 {\"species_unique\":true}）"
]
  · [实际输出] locked ∩ must_exclude = [
 "[MUST_INCLUDE_EXCLUDE_OVERLAP] must_include/must_exclude：同一条目既必须包含又必须排除：own-0001（矛盾约束不许带到下游）（实际值 [\"own-0001\"]）",
 "[LOCKED_EXCLUDED_CONFLICT] locked：锁定的 own-0001 又在 must_exclude 里：锁定的必须留在队里，被排除的不许进队，二者不可同时成立（实际值 \"own-0001\"）"
]
  · [实际输出] 两种顺序的规范化结果 = {
 "forward": [
  "own-0001",
  "own-0002"
 ],
 "backward": [
  "own-0001",
  "own-0002"
 ]
}
  · [实际输出] 空数组的 info = [
 "[EMPTY_LIST] must_include：must_include 是空数组：等于没给，不会被当成「这条约束成立」（实际值 []）"
]
  · [实际输出] 能：给铠甲虫配一队标准PVP = {
 "mode": "pvp-standard-six-pet",
 "team_size": 6,
 "visibility": "UNKNOWN_PREMATCH",
 "max_replacements": null,
 "favourites_only": false,
 "preference": null,
 "ruleset_config_id": "mobile_s4_candidate_v3"
}
  · [实际输出] 能：标准PVP，队伍里必须有铠甲虫 = {
 "mode": "pvp-standard-six-pet",
 "team_size": 6,
 "visibility": "UNKNOWN_PREMATCH",
 "must_include": [
  "pet_000012"
 ],
 "max_replacements": null,
 "favourites_only": false,
 "preference": null,
 "ruleset_config_id": "mobile_s4_candidate_v3"
}
  · [实际输出] 能：标准PVP，队伍里必须有 own-0001 并且锁定 own-0001 = {
 "mode": "pvp-standard-six-pet",
 "team_size": 6,
 "visibility": "UNKNOWN_PREMATCH",
 "must_include": [
  "own-0001"
 ],
 "locked": [
  "own-0001"
 ],
 "max_replacements": null,
 "favourites_only": false,
 "preference": null,
 "ruleset_config_id": "mobile_s4_candidate_v3"
}
  · [实际输出] 能：标准PVP，别带铠甲虫，队伍里必须有音速犬 = {
 "mode": "pvp-standard-six-pet",
 "team_size": 6,
 "visibility": "UNKNOWN_PREMATCH",
 "must_include": [
  "pet_000062"
 ],
 "must_exclude": [
  "pet_000012"
 ],
 "max_replacements": null,
 "favourites_only": false,
 "preference": null,
 "ruleset_config_id": "mobile_s4_candidate_v3"
}
  · [实际输出] 能：帮我配一队，只要收藏的，注意不要重复 = {
 "mode": "pvp-standard-six-pet",
 "team_size": 6,
 "visibility": "UNKNOWN_PREMATCH",
 "max_replacements": null,
 "favourites_only": true,
 "preference": null,
 "ruleset_config_id": "mobile_s4_candidate_v3",
 "constraints": {
  "species_unique": true
 }
}
  · [实际输出] 能：极速对决，带上铠甲虫 = {
 "mode": "pvp-speed-duel-3v3",
 "team_size": 3,
 "visibility": "UNKNOWN_PREMATCH",
 "must_include": [
  "pet_000012"
 ],
 "max_replacements": null,
 "favourites_only": false,
 "preference": null,
 "ruleset_config_id": "mobile_s4_candidate_v2"
}
  · [实际输出] 能：标准PVP，别带铠甲虫 = {
 "mode": "pvp-standard-six-pet",
 "team_size": 6,
 "visibility": "UNKNOWN_PREMATCH",
 "must_exclude": [
  "pet_000012"
 ],
 "max_replacements": null,
 "favourites_only": false,
 "preference": null,
 "ruleset_config_id": "mobile_s4_candidate_v3"
}
  · [实际输出] 能：标准PVP，说详细一点 = {
 "mode": "pvp-standard-six-pet",
 "team_size": 6,
 "visibility": "UNKNOWN_PREMATCH",
 "max_replacements": null,
 "favourites_only": false,
 "preference": "detailed",
 "ruleset_config_id": "mobile_s4_candidate_v3"
}
  · [实际输出] 能：标准PVP，对手是 pet_000012，针对一下 = {
 "mode": "pvp-standard-six-pet",
 "team_size": 6,
 "visibility": "KNOWN_SCENARIO",
 "max_replacements": null,
 "favourites_only": false,
 "preference": null,
 "ruleset_config_id": "mobile_s4_candidate_v3",
 "opponent_roster": [
  "pet_000012"
 ]
}
  · [实际输出] 不能：随便配一队 = {
 "ok": false,
 "problems": [
  "[NO_REQUEST_INTENT] text：这句话里没有任何能落进 RecommendationRequest 的约束（既没说模式，也没说必须带谁/排除谁/锁定谁）。它是在要推荐结果（那是 RC-303 的事），不是一份配队请求：请至少给出 mode / must_include / must_exclude / locked / favourites_only / max_replacements 之一（实际值 \"随便配一队\"）"
 ]
}
  · [实际输出] 不能：帮我配一队 = {
 "ok": false,
 "problems": [
  "[NO_REQUEST_INTENT] text：这句话里没有任何能落进 RecommendationRequest 的约束（既没说模式，也没说必须带谁/排除谁/锁定谁）。它是在要推荐结果（那是 RC-303 的事），不是一份配队请求：请至少给出 mode / must_include / must_exclude / locked / favourites_only / max_replacements 之一（实际值 \"帮我配一队\"）"
 ]
}
  · [实际输出] 不能：标准PVP，队伍里必须有喷火驼 = {
 "ok": false,
 "problems": [
  "[UNRESOLVED_MENTION] text：原话里这些片段出现在「点名」的位置上，但没能对应到登记表里的精灵：「喷火驼」。别名、简称、错别字一律**不猜**是哪一只：请改成登记表里的完整名字或 instance_id（实际值 [\"喷火驼\"]）"
 ]
}
  · [实际输出] 不能：标准PVP，锁定喷火驼 = {
 "ok": false,
 "problems": [
  "[UNRESOLVED_MENTION] text：原话里这些片段出现在「点名」的位置上，但没能对应到登记表里的精灵：「喷火驼」。别名、简称、错别字一律**不猜**是哪一只：请改成登记表里的完整名字或 instance_id（实际值 [\"喷火驼\"]）"
 ]
}
  · [实际输出] 不能：极速对决，标准PVP，带铠甲虫 = {
 "ok": false,
 "problems": [
  "[CONTRADICTORY_FLAGS] mode：同一句话里出现了互斥的模式说法：标准PVP、极速对决——不替你选一个（实际值 [\"pvp-standard-six-pet\",\"pvp-speed-duel-3v3\"]）",
  "[NO_REQUEST_INTENT] text：这句话里没有任何能落进 RecommendationRequest 的约束（既没说模式，也没说必须带谁/排除谁/锁定谁）。它是在要推荐结果（那是 RC-303 的事），不是一份配队请求：请至少给出 mode / must_include / must_exclude / locked / favourites_only / max_replacements 之一（实际值 \"极速对决，标准PVP，带铠甲虫\"）"
 ]
}
  · [实际输出] 不能：六只，带铠甲虫 = {
 "ok": false,
 "problems": [
  "[MODE_SIZE_WITHOUT_MODE] mode：只说了「6 只」，没说模式：标准 PVP 是 6、极速对决是 3、领地试炼是 2，不许挑一个当默认。请补上模式（例如「标准PVP」）（实际值 6）"
 ]
}
  · [实际输出] 不能：标准PVP，不要重复，每只都要不一样，配一队 = {
 "ok": false,
 "problems": [
  "[TEAM_CONSTRAINT_WITHOUT_NAMES] constraints：只给了队内约束（不重复/每只不一样），却没点名任何一只、没有已选槽位、也没有收窄候选池：没有任何可评估的对象，这不是一份可执行的请求。请至少点名一只（或给出 selected / favourites_only）（实际值 {\"species_unique\":true}）"
 ]
}
  · [实际输出] 不能：把对面的精灵都换掉吧 = {
 "ok": false,
 "problems": [
  "[NO_REQUEST_INTENT] text：这句话里没有任何能落进 RecommendationRequest 的约束（既没说模式，也没说必须带谁/排除谁/锁定谁）。它是在要推荐结果（那是 RC-303 的事），不是一份配队请求：请至少给出 mode / must_include / must_exclude / locked / favourites_only / max_replacements 之一（实际值 \"把对面的精灵都换掉吧\"）"
 ]
}
  · [实际输出] 工具回执（schema 路径） = {
 "ok": true,
 "request": {
  "mode": "pvp-standard-six-pet",
  "team_size": 6,
  "visibility": "UNKNOWN_PREMATCH",
  "must_include": [
   "pet_000001"
  ],
  "max_replacements": null,
  "favourites_only": false,
  "preference": null,
  "ruleset_config_id": "legacy_sim_v1"
 },
 "problems": [],
 "info": [
  {
   "code": "DERIVED_FIELD",
   "field": "team_size",
   "detail": "没给 team_size：按模式 pvp-standard-six-pet 的注册表参数代入 6",
   "value": 6
  },
  {
   "code": "DEFAULTED_FIELD",
   "field": "visibility",
   "detail": "没给 visibility：代入 UNKNOWN_PREMATCH（匹配前不知道对手；13 号设计文档 §1/§4）",
   "value": "UNKNOWN_PREMATCH"
  },
  {
   "code": "MODE_NOTE",
   "field": "mode",
   "detail": "模式 pvp-standard-six-pet 在注册表里有 7 条未核实项（未实机核对前不得当官方事实）",
   "value": 7
  }
 ],
 "doesNotRecommend": true,
 "needs": [],
 "contract": {
  "allowed_fields": [
   "mode",
   "team_size",
   "visibility",
   "must_include",
   "must_exclude",
   "locked",
   "selected",
   "analysis_species",
   "max_replacements",
   "favourites_only",
   "preference",
   "ruleset_config_id",
   "opponent_roster",
   "constraints"
  ],
  "constraint_keys": [
   "no_duplicate_instances",
   "species_unique",
   "avoid_unknown_mechanics"
  ],
  "paths": {
   "ownedPets": "data/roco/owned/owned-pets.json",
   "pack": "data/roco/game-data-pack/v2/pack.json",
   "battleModes": "data/roco/battle-modes.json",
   "rulesets": "data/roco/rulesets"
  }
 },
 "source": "schema"
}
  · [实际输出] 工具回执（非法 mode） = {
 "ok": false,
 "request": null,
 "problems": [
  {
   "code": "UNKNOWN_MODE",
   "field": "mode",
   "detail": "battle-modes.json 里没有这个 id：模式不许自创（现有 5 个：demo-training-3v3 / pvp-standard-six-pet / pvp-speed-duel-3v3 / pvp-territory-trial-2v2 / pve-camp）",
   "value": "pvp-standard-eight-pet"
  },
  {
   "code": "MISSING_FIELD",
   "field": "ruleset_config_id",
   "detail": "必须给出规则集 id，且它要出现在 rulesets/*.json 里（模式 pvp-standard-eight-pet 没有 ruleset_binding）",
   "value": null
  }
 ],
 "info": [
  {
   "code": "DEFAULTED_FIELD",
   "field": "visibility",
   "detail": "没给 visibility：代入 UNKNOWN_PREMATCH（匹配前不知道对手；13 号设计文档 §1/§4）",
   "value": "UNKNOWN_PREMATCH"
  }
 ],
 "doesNotRecommend": true,
 "needs": [
  "mode",
  "ruleset_config_id"
 ],
 "contract": {
  "allowed_fields": [
   "mode",
   "team_size",
   "visibility",
   "must_include",
   "must_exclude",
   "locked",
   "selected",
   "analysis_species",
   "max_replacements",
   "favourites_only",
   "preference",
   "ruleset_config_id",
   "opponent_roster",
   "constraints"
  ],
  "constraint_keys": [
   "no_duplicate_instances",
   "species_unique",
   "avoid_unknown_mechanics"
  ],
  "paths": {
   "ownedPets": "data/roco/owned/owned-pets.json",
   "pack": "data/roco/game-data-pack/v2/pack.json",
   "battleModes": "data/roco/battle-modes.json",
   "rulesets": "data/roco/rulesets"
  }
 },
 "source": "schema"
}
  · [实际输出] 工具回执（随便配一队） = {
 "ok": false,
 "request": null,
 "problems": [
  {
   "code": "NO_REQUEST_INTENT",
   "field": "text",
   "detail": "这句话里没有任何能落进 RecommendationRequest 的约束（既没说模式，也没说必须带谁/排除谁/锁定谁）。它是在要推荐结果（那是 RC-303 的事），不是一份配队请求：请至少给出 mode / must_include / must_exclude / locked / favourites_only / max_replacements 之一",
   "value": "随便配一队"
  }
 ],
 "info": [],
 "doesNotRecommend": true,
 "needs": [
  "text"
 ],
 "contract": {
  "allowed_fields": [
   "mode",
   "team_size",
   "visibility",
   "must_include",
   "must_exclude",
   "locked",
   "selected",
   "analysis_species",
   "max_replacements",
   "favourites_only",
   "preference",
   "ruleset_config_id",
   "opponent_roster",
   "constraints"
  ],
  "constraint_keys": [
   "no_duplicate_instances",
   "species_unique",
   "avoid_unknown_mechanics"
  ],
  "paths": {
   "ownedPets": "data/roco/owned/owned-pets.json",
   "pack": "data/roco/game-data-pack/v2/pack.json",
   "battleModes": "data/roco/battle-modes.json",
   "rulesets": "data/roco/rulesets"
  }
 },
 "source": "natural_language"
}
  · [实际输出] 工具回执（无数据源） = {
 "ok": true,
 "request": {
  "mode": "pvp-standard-six-pet",
  "team_size": 6,
  "visibility": "UNKNOWN_PREMATCH",
  "max_replacements": null,
  "favourites_only": false,
  "preference": null,
  "ruleset_config_id": "mobile_s4_candidate_v3"
 },
 "problems": [],
 "info": [
  {
   "code": "DEFAULTED_FIELD",
   "field": "mode",
   "detail": "没给 mode：代入标准 PVP 六宠阵容工坊（pvp-standard-six-pet），这是本阶段核心模式（13 号设计文档 §2）",
   "value": "pvp-standard-six-pet"
  },
  {
   "code": "DERIVED_FIELD",
   "field": "ruleset_config_id",
   "detail": "没给 ruleset_config_id：按模式 pvp-standard-six-pet 的 ruleset_binding 代入 mobile_s4_candidate_v3",
   "value": "mobile_s4_candidate_v3"
  },
  {
   "code": "DERIVED_FIELD",
   "field": "team_size",
   "detail": "没给 team_size：按模式 pvp-standard-six-pet 的注册表参数代入 6",
   "value": 6
  },
  {
   "code": "DEFAULTED_FIELD",
   "field": "visibility",
   "detail": "没给 visibility：代入 UNKNOWN_PREMATCH（匹配前不知道对手；13 号设计文档 §1/§4）",
   "value": "UNKNOWN_PREMATCH"
  },
  {
   "code": "MODE_NOTE",
   "field": "mode",
   "detail": "模式 pvp-standard-six-pet 在注册表里有 7 条未核实项（未实机核对前不得当官方事实）",
   "value": 7
  }
 ],
 "doesNotRecommend": true,
 "needs": [],
 "contract": {
  "allowed_fields": [
   "mode",
   "team_size",
   "visibility",
   "must_include",
   "must_exclude",
   "locked",
   "selected",
   "analysis_species",
   "max_replacements",
   "favourites_only",
   "preference",
   "ruleset_config_id",
   "opponent_roster",
   "constraints"
  ],
  "constraint_keys": [
   "no_duplicate_instances",
   "species_unique",
   "avoid_unknown_mechanics"
  ],
  "paths": {
   "ownedPets": "data/roco/owned/owned-pets.json",
   "pack": "data/roco/game-data-pack/v2/pack.json",
   "battleModes": "data/roco/battle-modes.json",
   "rulesets": "data/roco/rulesets"
  }
 },
 "source": "schema"
}
  · [实际输出] TOOL_CONTRACTS 的键 = [
 "read_state",
 "search_rules",
 "compare_actions",
 "simulate_branch",
 "read_match",
 "read_evidence",
 "read_last_turn",
 "query_rules",
 "evaluate_team",
 "compare_team_change",
 "plan_actions",
 "summarize_battle"
]
  · [实际输出] 报告里失败的判据 = []
  · [实际输出] 报告判据条数与全部码 = {
 "criteria": 25,
 "error_codes": [
  "INVALID_TYPE",
  "UNKNOWN_FIELD",
  "UNKNOWN_CONSTRAINT_KEY",
  "MISSING_FIELD",
  "INVALID_ENUM",
  "UNKNOWN_MODE",
  "MODE_TEAM_SIZE_UNKNOWN",
  "MODE_TEAM_SIZE_MISMATCH",
  "UNKNOWN_RULESET",
  "UNKNOWN_INSTANCE_ID",
  "UNKNOWN_SPECIES_ID",
  "LOCKED_NOT_SELECTED",
  "LOCKED_EXCLUDED_CONFLICT",
  "TEAM_CONSTRAINT_WITHOUT_NAMES",
  "FAVOURITES_ONLY_EMPTY_POOL",
  "MUST_INCLUDE_EXCLUDE_OVERLAP",
  "SELECTED_OVER_TEAM_SIZE",
  "DUPLICATE_SPECIES_IN_TEAM",
  "DUPLICATE_ANALYSIS_SPECIES",
  "ANALYSIS_OVER_TEAM_SIZE",
  "SELECTED_HAS_EXCLUDED",
  "MUST_INCLUDE_HAS_UNOWNED_SPECIES",
  "LOCKED_FAVOURITES_ONLY_CONFLICT",
  "UNKNOWN_OPPONENT",
  "OPPONENT_INFO_REQUIRED",
  "OPPONENT_INFO_NOT_ALLOWED",
  "MODE_SIZE_WITHOUT_MODE",
  "UNRESOLVED_MENTION",
  "NO_REQUEST_INTENT",
  "CONTRADICTORY_FLAGS"
 ]
}
  · 报告新鲜度：逐字节一致（44683 字节）
  · [实际输出] ⑨ 锁定一个不存在的名字 = {
 "ok": false,
 "problems": [
  "[UNRESOLVED_MENTION] text：原话里这些片段出现在「点名」的位置上，但没能对应到登记表里的精灵：「喷火驼」。别名、简称、错别字一律**不猜**是哪一只：请改成登记表里的完整名字或 instance_id（实际值 [\"喷火驼\"]）"
 ]
}
  · [实际输出] ⑨ 反向控制（真名字） = {
 "mode": "pvp-standard-six-pet",
 "team_size": 6,
 "visibility": "UNKNOWN_PREMATCH",
 "must_include": [
  "pet_000012"
 ],
 "max_replacements": null,
 "favourites_only": false,
 "preference": null,
 "ruleset_config_id": "mobile_s4_candidate_v3"
}
✔ RC-301 判据①：未知字段必须被判红，不许静默丢弃 (1.06225ms)
✔ RC-301 判据②：must_include 与 must_exclude 有交集必须判红 (1.018583ms)
✔ RC-301 判据③：不存在的 instance_id / species_id 必须判红 (1.671084ms)
✔ RC-301 判据④：自创 mode 必须判红 (1.0545ms)
✔ RC-301 判据⑤：自创 ruleset_config_id 必须判红 (1.128125ms)
✔ RC-301 判据⑥：标准 PVP 用 team_size=3 必须判红 (0.367584ms)
✔ RC-301 判据⑦：KNOWN_SCENARIO 却不给对手信息必须判红 (0.507ms)
✔ RC-301 判据⑧：「随便配一队」必须 ok:false 并说明缺什么，不许编出队伍名单 (5.140125ms)
✔ RC-301 合同：标准 PVP 默认 UNKNOWN_PREMATCH，team_size 由注册表推导 (0.624584ms)
✔ RC-301 合同：锁定/已选/替换预算的约束逐条成立 (1.39175ms)
✔ RC-301 合同：favourites_only 与队内约束的可满足性不许含糊 (0.787458ms)
✔ RC-301 规范化：只改编码不改语义，且空数组不算约束成立 (0.387333ms)
✔ RC-301 自然语言：能映射的必须过，不能映射的必须红且说明缺什么 (31.049917ms)
✔ RC-301 工具：只回「经校验的请求 + 问题」，不产生推荐结果 (1.93325ms)
✔ RC-301 工具：不塞进 TOOL_CONTRACTS，既有 13 个工具的口径一个字没改 (0.05975ms)
✔ RC-301 报告：与生成逻辑逐字节一致，且每条判据都绿 (38.157125ms)
✔ RC-301 判据⑨（附加必红方向）：自然语言里认不出的名字不许落进任何字段 (3.125625ms)
  · [实际输出] 全快路径 = {"ok":true,"first":"structured_first","full":"full_answer","elapsed_ms":90}
  · [实际输出] 超时路径 = {"degraded":true,"full":null,"skipped":["slow_evidence","never_runs"],"conclusion":"recall：{\"n\":50}"}
  · [实际输出] 必需段失败 = {"first":null,"problems":["[STAGE_FAILED] recall：引擎不可用","[STAGE_FAILED] recall：分段抛错，值按 null 处理（不许补默认值）","[FIRST_ANSWER_UNAVAILABLE] NO_REQUIRED_STAGE:-"]}
  · [实际输出] 初判超预算 = {"first":null,"stages":[{"id":"recall","status":"ok"},{"id":"evidence","status":"ok"}]}
  · [实际输出] 异常段 = {"full":null,"failed_stages":[{"id":"boom","status":"failed","error":"炸了","took_ms":0,"required_for_first":false}]}
  · [实际输出] 全挂 = 现在给不出短结论：所有分段都没能在预算内完成，缺的东西在下面逐条列着。
  · [实际输出] 契约抛错的例子 = serveStages：stages 必须是非空数组（没有分段就没有 serving 契约）
  · [实际输出] 合规载荷 = []
  · [实际输出] 泄漏载荷 = ["[FORBIDDEN_KIND_LEAKED] 第 1 个动作是 item（模式明令禁止，页面不该收到它）","[FORBIDDEN_KIND_LEAKED] 第 2 个动作是 escape（模式明令禁止，页面不该收到它）"]
  · [实际输出] 未声明的 kind = ["[UNDECLARED_KIND_LEAKED] 第 0 个动作是 polish（没在 allowed_kinds 里声明，且不许未知）"]
  · [实际输出] 没有声明 = ["[MODE_DECLARATION_MISSING] 没有模式的动作声明，不能发动作（fail closed）"]
  · [实际输出] 只要初判 = {"full":null,"withheld":"NOT_REQUESTED","degraded":false,"first":"structured_first","ok":true}
  · serving 预算 = {"first_answer_ms":300,"full_answer_ms":3000}
✔ 全快：初判与完整解释都给出来，degraded=false (1.38525ms)
✔ 超时：跳过后面的段、完整解释为 null、短结论只由成功段拼出来 (0.176ms)
✔ 必需段失败 ⇒ 初判必须是 null（fail closed，不许拼半截） (0.123959ms)
✔ 必需段踩过 300ms 初判预算 ⇒ 初判为 null，reason=OVER_FIRST_BUDGET (0.113375ms)
✔ 段抛异常时值是 null（不许把 undefined 当值往下传） (0.101583ms)
✔ 没有成功段 ⇒ 短结论如实说给不出（不许编一句） (0.07375ms)
✔ 契约 fail closed：空分段 / 重复 id / 非函数 run / 没有时钟 都必须抛错 (0.2115ms)
✔ 确定性：同一份输入 + 同一份时钟 ⇒ 结果逐字节相同 (0.07375ms)
✔ 只发模式合法动作：forbidden 泄漏必须被抓到 (0.15025ms)
✔ 只发模式合法动作：声明缺失/自相矛盾都必须 fail closed (0.147375ms)
✔ 主动不要的段：full 为 null 但不是降级（与「超时」必须区分开） (0.106209ms)
✔ 预算常量就是口径本身（300 / 3000），改口径必须改这里 (0.090375ms)
✔ ① 该触发：玩家真会说的问法都要触发，参数是 {kind:term,name} (3.059541ms)
✔ ② 零误伤：49 例里的非术语问句一条都不许被抓走 (1.149708ms)
✔ ③ 取不出名字就 fail closed：不许拿编出来的名字去查 (0.106709ms)
✔ ④ 开关两态：显式 ROCO_TERM_LOOKUP=0 才关（默认开） (0.0905ms)
✔ ⑤ 顺序：图鉴问句仍归 codex-fact，不被术语政策抢走 (0.081666ms)
✔ ① 教练声明的每个 kind 都必须被引擎接受（否则调用会打到 400） (0.691417ms)
✔ ② 引擎接受但教练没暴露的 kind，必须逐条登记在缺口清单里（可见地缺） (0.129958ms)
✔ ③ 反证：引擎加了一个 kind 而教练没跟 ⇒ 必须红 (0.090708ms)
✔ ④ 行为面：本地就把非法 kind 拒掉（不发到引擎再拿 400） (0.317625ms)
✔ ① 每条正例的参数都必须过 validToolArgs（正确性由构造保证，不靠事后筛） (1.796125ms)
✔ ② 8 个工具在 train 里都有正例；负例的 target 必须是 {"stop":true} (1.20825ms)
✔ ③ 切分按**模板**：同一个模板不许出现在两个 split 里 (2.186125ms)
✔ ④ 与留出切片零重叠：问句逐字不同、case_id 也不出现（否则是拿考题当教材） (1.25375ms)
✔ ⑤ user 那一段必须是生产形状（toolPromptFor：message/screen/tools/hints/receipts） (1.377833ms)
✔ ⑥ 生成器可重跑：两次产出的样本逐字段一致（数据是确定的，不是随机的） (1.515583ms)
✔ ⑦ 训练样本里的 system 必须与生产提示逐字相同（含 digest 钉） (0.471167ms)
已生成 tests/evals/agent-tasks-v2-tool-coverage.jsonl：18 条（9 个工具 × 正负各一）
✔ ① 覆盖：当前契约的每个工具都必须被至少一条用例考过 (0.702291ms)
✔ ② 反证：抽掉某个工具的用例 ⇒ 同一条检查必须报出来（判据不是空的） (0.208833ms)
✔ ③ 参数键从**契约现取**：用例里的 args_keys 必须与 TOOL_CONTRACTS 逐字段一致 (0.256625ms)
✔ ④ 留出：补充切片的 case_id 不许出现在任何 SFT 数据里（拿训练题考自己不算评测） (17.812625ms)
✔ ⑤ 每个工具都要有**负例**：只考"会不会调"不考"会不会不调"，那是倾向不是能力 (0.271459ms)
✔ ① 两种句式的相性问句都必须路由到引擎（含曾经漏掉的那几条） (3.248875ms)
✔ ② 一对一问句要的是**攻击方那一行**，不是整张表；其余相性问句照旧拿整张表 (0.363042ms)
✔ ③ 答案逐字来自引擎相性表：是克制就说倍率，不是克制就直说不是 (7.588417ms)
✔ ④ 查学习表必须走精简投影（否则第一枪回执就超 10000 字符预算，整族答不出来） (0.165792ms)
✔ ⑤ 手游侧页面**不许**出现练习引擎的宠物名（注释里说明边界可以，玩家看得见的地方不行） (2.380459ms)
✔ RC-000 基线：能量常量从源码读，读不到就是 null（不许猜默认值） (1.00725ms)
✔ RC-101 规则配置：默认配置的能量三件套就是引擎默认行为（改配置就红） (0.266166ms)
✔ RC-000 基线：机器可读，且如实登记「本次审计不覆盖什么」 (92.633417ms)
✔ RC-104 失效图：登记表合规（路径真实、每个主题都有人依赖、每条产物都能重建） (0.442833ms)
✔ RC-104 失效图：反证 —— 规则本体坏掉时必须红（四条） (0.587042ms)
✔ RC-104 失效图：受影响清单是**算出来**的，不是写死的 (0.281583ms)
✔ RC-104 失效图：绑定旧规则的产物必须进「禁止重跑」清单（人类指令：先别用旧规则生成轨迹） (0.090958ms)
✔ BattleMode：标准 PVP 六宠是 CANDIDATE，绝不许写成官方已确认 (0.134625ms)
✔ BattleMode：标准 PVP 的首领化策略必须是 allowed_if_eligible（forbidden / required 必红） (0.622125ms)
✔ BattleMode：PVP 魔法（愿力强化 / 共鸣魔法）单独建模，不许被当成普通 item (0.593625ms)
✔ BattleMode：队伍规模 1～6 是上限；「是否必须编入 6 只」由**人类实机口径**给出（true + RECORDED_IN_GAME） (0.547792ms)
✔ BattleMode：主题参数（首领对决）不是全局布尔 —— theme 留给主题 PVP (0.348125ms)
✔ BattleMode：门控不许偷偷回落别的模式（条件不满足就禁用并说明原因） (0.125ms)
✔ BattleMode：极速对决是独立模式（3v3 / 2 魔力），不能拿来当标准模式 (0.185375ms)
✔ 台账：直接登记读数时，配置不许改写它（实机读数 10 就是 10） (0.465958ms)
✔ BattleMode：候选模式的 team_size 不得来自「当前 Demo 的 48 只名单」 (0.292875ms)
✔ 六槽 UI mockup：量测判据必须有牙（横向溢出 / 槽位数 / 徽记 / 伪胜率） (0.083708ms)
✔ 六槽 UI mockup：产物必须已落盘且为绿（截图 + 量测） (0.278875ms)
✔ RC-101 接线：规则配置里的 energy_max 必须透到公开视图（读不到就是 null，不猜） (0.240291ms)
✔ RC-101 接线：教练的「对面能量快满」有上限才说话，没上限就沉默（fail closed） (0.6085ms)
✔ RC-202 第 9 项是**可执行判据**：闸门登记表里必须真的有那两条套件（必红方向） (0.094208ms)
✔ RC-203 诚实条款：这批 owned 实例**不得**被说成「600+ 都能出战」 (0.275209ms)
  · [实际] v3 的 weather_policy = {"value":"enabled","confidence":"OFFICIAL_CURRENT","evidence_id":"EV-WEATHER-STANDARD-PVP","max_concurrent":1,"duration_turns":8,"duration_source":"skill_desc","effects":["雨天","沙暴","暴风雪","雷鸣"]}
  · [实际] checkConfigsForTest 问题数 = 0
  · [实际] data/roco/rulesets/legacy-sim-v1.json 的 weather_policy = null
  · [实际] data/roco/rulesets/mobile-s4-candidate-v2.json 的 weather_policy = null
  · [实际] 删掉登记表里的天气策略 ⇒ 问题 = [
  'pvp-standard-six-pet：缺 policies.weather_policy（官方一手 4/14《洛个明白》说天气是常驻全场的标准 PVP 效果，不许当成「只在 PvE」）'
]
  · [实际] 把雨天改成 ×1.5（= 官方更早版本的 +50%）⇒ 问题 = [
  '天气「雨天」的威力系数必须是 1.75（当前规则集 S4 术语表 3008 逐字 +75%），实际 1.5 —— 官方 4/14 的 +50% 是更早版本，两个数都登记在台账 notes 里，取值口径见 unknowns.rain_power_percent'
]
  · [实际] 配置声明的天气 = 暴风雪、沙暴、雨天、雷鸣 ；冻结快照里有造天气技能的天气 = 暴风雪、沙暴、雨天、雷鸣
✔ 规则配置：v3 声明了天气层（值/等级/台账引用/四种效果/只存在一种/8 回合） (4.839333ms)
✔ 规则配置：legacy / v2 **不声明**天气层（引擎因此 fail closed，逐位不变） (0.201042ms)
✔ 反证：把 weather_policy 从内存副本里删掉 / 换掉台账引用，配置判据必须报错 (1.561042ms)
✖ 引擎回执：出一手「落雨」之后，回执里读得到当前天气与剩余回合（没声明时 fail closed） (137.537542ms)
✔ 规则配置与引擎两半必须能对上：声明里的四种天气名就是引擎认识的那四种 (2.222958ms)
  · [实际] workshop.html → HTTP 200 text/html; charset=utf-8
  · [实际] src/client/team-workshop.js → HTTP 200 text/javascript; charset=utf-8
  · [实际] src/client/workshop-fixture.js → HTTP 200 text/javascript; charset=utf-8
  · [实际] 挂载点 #team-workshop 在产品页里；夹具标题含「夹具 / 不是产品页」
  · [实际] 徽记 = {"mode":"标准 PVP · 六宠","candidate":"候选规则（待实机核对）","unknown_prematch":"匹配前对手未知 · 按版本环境倾向评价","universe":"候选来自全图鉴"}
  · [实际] 参数白名单 = mode/selected/locked/must_include/must_exclude/analysis_species/favourites_only/max_replacements/stage
✔ 接线：模块与它的挂载点都在白名单里、都能取到，且夹具不冒充产品页 (39.412417ms)
✔ 接线：mountTeamWorkshop 的导出签名与徽记常量是稳定契约 (0.422667ms)
✔ 锁定：请求里带 locked 必须被接受、回传、并计入 locked_count（A2 的服务端半条） (103.956833ms)
✔ 锁定：锁一个没入选的实例必须被服务端拒（RC-301 规则⑨，三条入口共用同一条） (2.693583ms)
  · [实际] 0 只：入口候选 = 多彩方方、缇塔、权杖-Ⅱ ；headline = 一只都没选：这一页现在只能告诉你候选池有多大、你的盒子里有什么。
  · [实际] 1 只：headline = 只选了一只：它可以承担不止一个职能，所以现在还不该锁死答案。
✔ 路由契约：0 只给体系入口（不假装存在唯一答案），1 只给入口说明 (54.380709ms)
  · [实际] 2 只： 迷迷箱怪(强度) | 量风碗(稳定) | 离心舞者(候选参考) ；支持等级 = 引擎推算/引擎推算/社区资料
  · [实际] 5 只： 离心舞者(强度) | 叮叮卯(稳定) | 火神(候选参考) ；支持等级 = 引擎推算/引擎推算/社区资料
✔ 路由契约：2 只与 5 只都给**恰好三个**下一只候选（取舍标签两两不同） (43.174958ms)
  · [实际] 6 只五轴 = 环境价值:能算 / 最怕的体系:能算 / 对局离散度:能算 / 操作容错:能算 / 覆盖置信:能算
  · [实际] 最小替换 = 换出 喵喵 → 换入 深渊罗隐 ；confirmed_by_distribution=false
✔ 路由契约：6 只给五轴 + 一个最小替换，算不出的轴 available:false + 原因 (19.364667ms)
  · [实际] 0/2/6 只的 player 段都没有胜率字段与百分数
✔ 路由契约：回执里不出现胜率 / 伪精确字段，玩家可见文本也没有 (70.952416ms)
  · [实际] 11 个非法参数全部 fail closed：
  ·     selected=own-0001,own-0002,own-0003,own-0004,own-000 → 400 {"ok":false,"status":400,"error":"[SELECTED_OVER_TEAM_SIZE] selected：已选 7 只，超过 team_size=6（实际值 7
  ·     selected= → 400 {"ok":false,"status":400,"error":"selected 必须是非空字符串","problems":["selected 必须是非空字符串"]}
  ·     selected=pet_000012 → 400 {"ok":false,"status":400,"error":"selected 的每一项都必须是own-0001 形状的个体的 id（不认得的：pet_000012）","problem
  ·     selected=own-9999 → 400 {"ok":false,"status":400,"error":"[UNKNOWN_INSTANCE_ID] selected：selected 里的 \"own-9999\" 不是 own
  ·     locked=own-0007 → 400 {"ok":false,"status":400,"error":"[LOCKED_NOT_SELECTED] locked：锁定的 own-0007 既不在 selected 也不在 mus
  ·     mode=zzz → 400 {"ok":false,"status":400,"error":"[UNKNOWN_MODE] mode：battle-modes.json 里没有这个 id：模式不许自创（现有 5 个：d
  ·     zzz=1 → 400 {"ok":false,"status":400,"error":"未知参数 zzz（白名单：mode/selected/locked/must_include/must_exclude/an
  ·     max_replacements=abc → 400 {"ok":false,"status":400,"error":"max_replacements 必须是非负整数（实际 \"abc\"）","problems":["max_replace
  ·     favourites_only=yes → 400 {"ok":false,"status":400,"error":"favourites_only 只能是 true 或 false（实际 \"yes\"）","problems":["fav
  ·     must_include=不是id → 400 {"ok":false,"status":400,"error":"must_include 的每一项都必须是own-0001 或 pet_000000 形状的 id（不认得的：不是id）",
  ·     must_exclude=nope → 400 {"ok":false,"status":400,"error":"must_exclude 的每一项都必须是own-0001 或 pet_000000 形状的 id（不认得的：nope）",
  · [实际输出] 反证·非法 mode 静默接受 = ["mode=zzz 必须 HTTP 400 + ok:false，实际 HTTP 200 ok=true"]
✔ 参数白名单：非法参数 ok:false + 400，并点名字段（不静默忽略、不静默取整） (19.326083ms)
  · [实际] 边界合法参数全部 200；7 只返回 400；解析器白名单生效
✔ 参数白名单：合法参数的边界必须真的被接受（否则「拒绝」可能只是坏掉了） (189.595792ms)
  · [实际输出] RC-303 progressiveNext 的口径 id = ["strength","stability","preference"]
  · [实际输出] 路由 next_candidates 的口径 id = ["strength","stability","recall_tail"]
  · [实际] 口径 id 对账通过；候选物种都在 RC-303 的产出里
✔ 同源性：页面拿到的候选与**直接调用** RC-303 一致（口径 id 与候选键逐个对账） (28.4835ms)
  · [实际输出] RC-304 的五轴 availability = {"environment_value":true,"worst_archetype":true,"matchup_spread":true,"execution_tolerance":true,"coverage_confidence":true}
  · [实际输出] 路由的五轴 availability = {"environment_value":true,"worst_archetype":true,"matchup_spread":true,"execution_tolerance":true,"coverage_confidence":true}
  · [实际] 五轴 availability / value / unknown_reason 与 RC-304 逐轴一致；最小替换 why 逐字一致
✔ 同源性：五轴与最小替换与**直接调用** RC-304 一致 (22.06225ms)
  · [实际输出] dev 段出现的工程字段 = pet_id / instance_id / confidence / ranker_status / ruleset_config_id / unknown_reason / provenance / coverage / unknown_fields
  · [实际] player 段扫过 4433/4809/5729/6811/8732 字节无命中
✔ 两层分界：player 段没有工程键，dev 段真的有工程字段 (107.090458ms)
  · [实际输出] stage=first 的 serving = {"first":"structured_first","full":null,"full_withheld":"NOT_REQUESTED","withheld_stages":["evidence_and_counterfactual"],"short":"候选已生成：召回 50 个。"}
  · [实际] stage=first：axes = null ；axes_status = not_requested ；replacement = null
  · [实际输出] 反证·first 也跑证据段 = ["stage=first 的 axes 必须是 null，实际 [{\"axis\":\"x\"}]"]
  · [实际输出] 反证·降级与主动扣下混淆 = ["stage=first 不许产出完整段，实际 full={\"kind\":\"full_answer\"}","stage=first 是「调用方主动只要初判」，不是降级：degraded 必须是 false"]
✔ 分段交付：stage=first 只跑初判（axes:null / not_requested / full_withheld=NOT_REQUESTED） (15.375916ms)
  · [实际输出] 默认路径的 serving = {"first":"structured_first","full":"full_answer","withheld":null,"stages":["plan","evidence_and_counterfactual"]}
  · [实际] stage=full：axes = 5 条；axes_status = computed ；stage=half → 400 stage 只能是 first 或 full（实际 "half"）
  · [实际输出] 反证·两阶段退化成一次请求 = ["请求顺序必须是 first|full（初判先发、完整载荷后发），实际 \"full\"","完整载荷到达之前页面没有画出槽位（等于把两阶段退化成了等两次都回来再画）","没有量到初判渲染耗时（data-tw-first-ms=null）"]
✔ 分段交付：默认（stage=full）仍然是完整载荷（五轴 + 最小替换都在） (20.202875ms)
  · [实际] 0 只：机制行样例 = 特性「盲拧」：回合开始时，技能顺序打乱，4号位的技能能耗-4。
  · [实际] 2 只：机制行样例 = 特性「氧循环」：使用草系技能后，回复10%生命。
  · [实际] 6 只：机制行样例 = 特性「氧循环」：使用草系技能后，回复10%生命。
✔ 机制原文：冻结 desc 逐字进玩家层（槽位 / 下一只 / 候选入口），空槽位是 null (62.427292ms)
  · [实际输出] 豁免的机制原文 = ["特性「氧循环」：使用草系技能后，回复10%生命。","特性「助燃」：使用火系技能后，获得双攻+20%。","特性「最好的伙伴」：造成克制伤害后，获得攻防速+20%，并回复2能量。"]
  · [实际] 豁免 3 条机制原文，其中带百分数 3 条
  · [实际输出] 反证·手写胜率（不可豁免） = ["玩家可见文本里出现伪精确「胜率 58」","玩家可见文本里没有任何「未核实 / 未知」的说明"]
  · [实际输出] 反证·假机制行绕过 = ["玩家可见文本里出现伪精确「胜率 62」","玩家可见文本里没有任何「未核实 / 未知」的说明"]
  · [实际输出] 反证·三个候选改成两个 = ["下一只候选必须恰好 3 个，实际 2","页面上必须画出 3 个候选节点，实际 2"]
  · [实际输出] 反证·候选规则徽记去掉 = ["缺徽记「候选规则（待实机核对）」"]
  · [实际输出] 反证·player 段塞进 pet_id = ["玩家层出现工程键 slots[0].pet_id","玩家层的 slots[0].pet_id 里出现 id 形状的值：pet_000062"]
✔ 机制原文的百分数是**可核对的豁免**，不是放宽正则 (16.728375ms)
  · [实际输出] 反证·unknown 轴被填成 0 = ["轴「环境价值」算不出来却带着值 0（不许补 0）","轴「环境价值」算不出来却没点名缺什么：null"]
  · [实际输出] 反证·接受第 7 个槽位 = ["selected=own-0001,own-0002,own-0003,own-0004,own-0005,own-0006,own-0007 必须 HTTP 400 + ok:false，实际 HTTP 200 ok=true"]
  · [实际输出] 反证·非法 mode 静默接受 = ["mode=zzz 必须 HTTP 400 + ok:false，实际 HTTP 200 ok=true"]
  · [实际输出] 反证·候选池写成 48（迁移夹具） = ["候选池总量必须 ≥600（全量图鉴），实际 48"]
  · [实际输出] 反证·槽位退回 3（已选 3 只固定栏） = ["槽位数必须是 6，实际 3","页面上必须画出 6 个槽位节点，实际 3"]
  · [实际输出] 反证·评估不随阵容变化 = ["阵容从 2 只变到 5 只，下一只候选却一字未变：[\"甲\",\"乙\",\"丙\"]"]
  · [实际输出] 反证·玩家可见文本出现胜率 58% = ["玩家可见文本里出现伪精确「胜率 58」","玩家可见文本里没有任何「未核实 / 未知」的说明"]
  · [实际输出] 反证·假机制行里塞「胜率 62%」 = ["玩家可见文本里出现伪精确「胜率 62」","玩家可见文本里没有任何「未核实 / 未知」的说明"]
  · [实际输出] 反证·first 也跑证据段（初判不再是初判） = ["stage=first 的 axes 必须是 null，实际 [{\"axis\":\"x\"}]"]
  · [实际输出] 反证·两阶段退化成一次请求 = ["请求顺序必须是 first|full（初判先发、完整载荷后发），实际 \"full\"","完整载荷到达之前页面没有画出槽位（等于把两阶段退化成了等两次都回来再画）","没有量到初判渲染耗时（data-tw-first-ms=null）"]
  · [实际输出] 反证·初判被挡到完整载荷之后才画 = ["完整载荷到达之前页面没有画出槽位（等于把两阶段退化成了等两次都回来再画）"]
  · [实际输出] 反证·机制行没有渲染到卡上 = ["卡上的机制行节点（0）少于已填槽位（6）","冻结机制原文没有渲染到卡上：「特性「氧循环」：使用草系技能后，回复10%生命。」","冻结机制原文没有渲染到卡上：「特性「浸润」：使用水系技能后，全技能能耗-1。」","冻结机制原文没有渲染到卡上：「特性「助燃」：使用火系技能后，获得双攻+20%。」","冻结机制原文没有渲染到卡上：「特性「最好的伙伴」：造成克制伤害后，获得攻防速+20%，并回复2能量。」","冻结机制原文没有渲染到卡上：「特性「浸润」：使用水系技能后，全技能能耗-1。」","冻结机制原文没有渲染到卡上：「特性「助燃」：使用火系技能后，获得双攻+20%。」","已填槽位上一个机制行都没有：冻结原文一条都没上卡"]
  · [实际输出] 反证·机制枚举原文上了页面 = ["可见文本里出现机制枚举原文「FROZEN_DESC」"]
  · [实际输出] 反证·触控目标 30×30 = ["BUTTON.tiny 只有 30×30"]
  · [实际输出] 反证·移动端区块顺序被改成评估在前 = ["移动端区块顺序必须是 [\"tw-team\",\"tw-cand\",\"tw-eval\",\"tw-coach\"]，实际 [\"tw-team\",\"tw-eval\",\"tw-cand\",\"tw-coach\"]"]
  · [实际] 18 条必红反证全部命中
✔ 反证：六条必红方向都抓得住违规样本（实际输出原文见日志） (37.426042ms)
  · [实际输出] 干净样本的判据结果 = {"axes":[],"player_layer":[],"copy":[]}
  · [实际] 干净样本全过、坏样本翻红（判据不是恒真的）
✔ 反证：判据本身不是恒真的（干净样本必须过，坏样本必须红） (18.109042ms)
  · [实际输出] stage=first 的 serving = {"stages":["plan"],"full_withheld":"NOT_REQUESTED","degraded":false,"first_ms":10.69,"axes":null,"axes_status":"not_requested"}
  · [实际输出] stage=full 的 serving = {"stages":["plan","evidence_and_counterfactual"],"axes":5,"elapsed_ms":11.25}
✔ 分段交付：stage=first 不跑证据段，stage=full 才给五轴 (30.968459ms)
  · [实际输出] 非法 stage 的报错原文 = stage 只能是 first 或 full（实际 "zzz"）
✔ 分段交付：非法 stage 必须 400 点名（不许静默当成 full） (1.997792ms)
✔ 候选池去重键：优先稳定物种键（group/species_id），最后才回落显示名 (0.117667ms)
✔ 真缺陷回归钉：同名不同物种的两个个体**不许**被合并（48 只必须还是 48 只） (0.061792ms)
✔ 去重仍然有效：同一个物种多只个体只留一只；空键条目丢弃 (0.0315ms)
✔ 必红反证：回退到旧写法（`species_id ?? name`）时，同名不同物种**必然**被并成一只 (0.035917ms)
✔ 结构钉：候选池**真的**走 `dedupePoolCards`（防有人把 inline 旧代码写回去） (0.697292ms)
✔ 同名不同物种的候选行必须看得出区别：各行含自己的等级与定位 (0.081959ms)
✔ 必红反证：去掉「等级 + 定位」之后，这两行**确实**一模一样（判据量的正是它） (0.029ms)
✔ 结构钉：候选行必须渲染 `poolRowMetaText`（防有人把区分信息摘掉） (0.277209ms)
✔ 结构钉（关键）：**mine 档真正渲染的那支模板**必须带区分信息，且分组时不许把 level/role_label 投影掉 (0.325875ms)
✔ 理论阵容框对玩家可见：有内容必须清掉 hidden（只写 open 不算） (0.282666ms)
✔ 阵容评估：主行给人话档位（不是裸小数），精确值收进折叠区，并接上小芽 (1.276959ms)
✔ 槽位载荷必须带 skills（每个 {skill_id,name}），否则「引擎规范配招」永远是空的 (0.4725ms)
✔ 换招要读共用记录、也要写回去（否则刷新丢、盒子里配的也进不了对局） (0.680042ms)
✔ the rules page is generated, not hand-written, and covers every skill (10.098541ms)
✔ type multipliers shown on the rules page match measured engine damage (0.274166ms)
✔ guard reduction and piercing skills shown on the rules page match measured damage (0.4165ms)
✔ damage formula coefficients on the rules page reproduce engine damage (0.474916ms)
✔ status timing and ticks shown on the rules page match a real resolved turn (0.861709ms)
✔ energy, item and turn-limit numbers shown on the rules page match the engine (1.098333ms)
✔ environment multipliers and durations shown on the rules page match the engine (0.263875ms)
✔ reward, xp and training numbers shown on the rules page match a real settle() (3.281417ms)
✔ swift-win threshold shown on the rules page matches settle() (0.723417ms)
✔ every skill description states the same numbers as its own data fields (0.700125ms)
✔ a rules-version mismatch blocks advice instead of showing stale numbers (1.711583ms)
✔ the tool layer quotes the same rule numbers as the engine (7.358333ms)
✔ the tactics knowledge base states the same numbers as the engine (0.130875ms)
✔ the difficulty list on the page comes from DIFFICULTIES (0.935833ms)
✔ legal actions and the rules page agree about what is affordable (0.489917ms)
✔ species panels quoted in the rules page come from SPECIES (0.079958ms)
✔ the rules-boundary card does not contradict the engine about types or environments (0.123042ms)
✔ browser-compatible ciphertext loads a memory-only credential and status never exposes it (49.726167ms)
✔ encryption nonce is single-use and malformed ciphertext is rejected (49.816791ms)
✔ cross-origin, missing CSRF, DNS rebinding and server source requests are blocked (45.544041ms)
✔ verification reaches only official HTTPS endpoint with bearer auth and marks verified (26.599292ms)
✔ invalid authentication reports safe errors without reflecting upstream response (21.872334ms)
✔ unconfigured coach runs locally; configured coach uses model and preserves evidence (63.632833ms)
✔ PVP gating occurs before remote invocation even when configured (20.274416ms)
✔ disconnect clears configuration; blank output and malformed input fail safely (34.703625ms)
✔ network errors are sanitized (29.698166ms)
✔ client disconnect aborts the upstream model request (38.123875ms)
✔ every local mode the client can send is accepted by the coach endpoint (76.956416ms)
✔ 整局复盘：给模型的指令写清了 0 值口径，而 0 值数据照给模型 (87.450583ms)
✔ shadow 档不许改变玩家看到的结果：工具选择也必须是 base 的决定（第 38 轮的回归） (68.286708ms)
✔ UI 视图与模型协议必须分开：页面拿到真名，规划协议一个字段都不多 (0.489542ms)
✔ R4①：同一请求第二次命中缓存（上游只调一次，回执标 cache:hit） (44.0665ms)
✔ R4②（反证）：改 stateToken 必须 miss (51.588959ms)
✔ R4③：同一 key 并发 ⇒ 合并（上游一次、第二条标 dedup:joined） (74.546333ms)
✔ R4③（反证）：两个**不同消息**并发不许合并 (62.009417ms)
✔ R4④：被守卫拒/降级的答案不入缓存（省下的必须是一次真云端调用） (42.762084ms)
✔ R4⑤：缺 stateToken 的请求不许命中缓存，也不许被合并（审计实测的「缓存串局」） (82.260459ms)
✔ R6①：出招带旧版本 ⇒ 409 stale_state，不许把玩家那一手静默吞掉 (32.265709ms)
✔ R6②：出招必须在**第一次 await 之前同步占位**（真机复验：只比对版本挡不住并发） (0.555083ms)
✔ R7①：被合并的那条请求在首个请求失败时**也要返回**（审计高 10：原来挂到 45s 超时） (151.562666ms)
✔ R8①：引擎不可用要报 503（不是 400），且玩家文案里不许出现内部地址（审计高 5） (0.66ms)
✔ R8②：被信号杀死的引擎必须能被**重新拉起**（真机复验：原来永不重启） (0.229167ms)
✔ 军师在伙伴倒下时开口，补位理由来自真实血量，且不当成胜率 (0.964167ms)
✔ 倒下触发不会在没人倒下、或已经说过一次之后重复开口 (0.2415ms)
✔ 犹豫触发沿用 trackAttention 的悬停记录与 shouldNudge 门槛 (0.347667ms)
✔ 悬停记录是对象时也要能分出「不同选项」（app.js 现在就存对象） (0.177292ms)
✔ 犹豫不成立的时候真的不说：只看一个选项、看得太短、安静档、已提示过、已关闭 (0.35475ms)
✔ 犹豫复用 shouldNudge：45 秒冷却与本局两次上限都算数 (6.917667ms)
✔ 策略错误必须同时有真实分差和 after 快照上的后果 (38.777542ms)
✔ 不该说的时候真的不说：分差太小、选了更强的一手、对手已被收掉、整局已结束 (35.448042ms)
✔ 可救却减员是真实枚举分差 + after 里的倒下，不是「有药就该吃」 (19.368916ms)
✔ 一局打满也只有这三次开口，理由不重复，且都来自三类之一 (148.48125ms)
✔ 冷却与每回合一次是硬约束：刚说过就不会连着说 (0.228667ms)
✔ 每条开口都带可读的理由和行动名，不出现胜率或命令句 (0.160875ms)
✔ 长停留：停的就是推荐解 → 老师只讲解这一招，军师闭嘴 (5.065584ms)
✔ 长停留：明显不是最优 → 军师委婉建议换掉（给台阶，不判错） (4.776583ms)
✔ 来回换不算长停留：犹豫照旧成立，长停留一定为 null (4.603167ms)
✔ 长停留优先于犹豫：扫过两个选项后又停在同一个上 ≥10 秒，不说「来回看」 (4.437417ms)
✔ 长停留的门槛与克制：不足 10 秒、安静档、点掉、每局限一次、每局总上限 (4.658334ms)
✔ 指针离开选项区就不再是长停留（盯着空白处不算盯着技能看） (4.400167ms)
✔ 学过就不再教：这一课已经教过、又没有新的反证，就不再主动讲 (5.655708ms)
✔ 没学会就再教（军师联动）：3 次独立行动都不合理 → 标回未掌握，并且能说出为什么 (4.802125ms)
✔ 再教的边界：证据不够、只是被提示后做错、或者独立做对了，都不重新开课 (0.189833ms)
✔ 第一层：只叉了一次教学，教学类安静，军师类照常（不该一起哑掉） (0.150583ms)
✔ 第二层：两类都被叉掉 → 接到 adaptiveGate 上一律静默 (0.04625ms)
✔ 点掉即静音优先：本局点掉之后，无论教没教过、有没有再教证据都不再开口 (4.539584ms)
✔ 军师的兜底正文要摆出**两种走法各自的结果**（目标 ②），且数字与证据逐字一致 (11.133709ms)
✔ every id app.js looks up is declared in the HTML or created by app.js itself (1.138667ms)
✔ app.js dead functions are reported, not silently ignored (4.231625ms)
✔ every capability the interview asks for has an entry point wired (0.320333ms)
✔ 异常路径不许让 busy 卡住：busy=true 必须紧贴 try，finally 第一句必须放掉它 (0.211458ms)
✔ 看门狗不许有任何能永远挡住自己的前置条件 (0.146625ms)
✔ 教练记账绝不允许把一步棋卡死 (0.078791ms)
✔ 记账必须带上出招前的局面，否则「残血习惯」永远是 0 样本 (0.07925ms)
✔ 营地上下文必须带上「当前选的三只」：否则「我这套阵容」查不到引擎 (0.05975ms)
✔ 小芽入口在首页必须去同一个地方（没有进行中的对局时） (0.109834ms)
✔ 每个页面都挂「这一页是旧代码」探测器，且它与服务端事实同源 (1.759083ms)
✔ 服务端诊断面必须报出进程启动时刻与资源清单规模 (0.254375ms)
✔ 小芽页的名单来自手游盒子，且拿不到时绝不退回 MVP 那三只 (0.15525ms)
ℹ tests 1756
ℹ suites 0
ℹ pass 1751
ℹ fail 5
ℹ cancelled 0
ℹ skipped 0
ℹ todo 0
ℹ duration_ms 208431.643875

✖ failing tests:

test at tests/evals/roco/agent-trajectories.test.js:151:1
✖ 判定器两个方向都对，且生成时的判定与现在重判一致 (1106.856084ms)
  Error: Command failed: node /Users/serendizc/Developer/roco-coach/scripts/roco/verify-agent-trajectories.mjs --quiet
      at genericNodeError (node:internal/errors:986:15)
      at wrappedFn (node:internal/errors:540:14)
      at checkExecSyncError (node:child_process:942:11)
      at execFileSync (node:child_process:978:15)
      at TestContext.<anonymous> (file:///Users/serendizc/Developer/roco-coach/tests/evals/roco/agent-trajectories.test.js:152:3)
      at Test.runInAsyncScope (node:async_hooks:227:14)
      at Test.run (node:internal/test_runner/test:1397:25)
      at Test.processPendingSubtests (node:internal/test_runner/test:969:18)
      at Test.postRun (node:internal/test_runner/test:1537:19)
      at Test.run (node:internal/test_runner/test:1462:12) {
    status: 1,
    signal: null,
    output: [ null, <Buffer >, <Buffer > ],
    pid: 1290,
    stdout: <Buffer >,
    stderr: <Buffer >
  }

test at tests/evals/roco/model-trajectories.test.js:107:1
✖ 两条独立代码路径必须给出同一组数字（轨迹生成器 vs 影子回放） (1.366917ms)
  AssertionError [ERR_ASSERTION]: 同一批窗口上两条链的判定不同：[{"key":"rl-type-f1-03@camp-0","ours":true,"theirs":false},{"key":"rl-type-f2-04@camp-locked-0","ours":true,"theirs":false},{"key":"rl-learn-f1-01@camp-locked-1","ours":false,"theirs":true}]
  
  39 !== 0
  
      at TestContext.<anonymous> (file:///Users/serendizc/Developer/roco-coach/tests/evals/roco/model-trajectories.test.js:130:10)
      at Test.runInAsyncScope (node:async_hooks:227:14)
      at Test.run (node:internal/test_runner/test:1397:25)
      at Test.processPendingSubtests (node:internal/test_runner/test:969:18)
      at Test.postRun (node:internal/test_runner/test:1537:19)
      at Test.run (node:internal/test_runner/test:1462:12)
      at async Test.processPendingSubtests (node:internal/test_runner/test:969:7) {
    generatedMessage: false,
    code: 'ERR_ASSERTION',
    actual: 39,
    expected: 0,
    operator: 'strictEqual',
    diff: 'simple'
  }

test at tests/roco-hke-layer.test.js:56:1
✖ ② 来路写清：REFERENCE_ONLY / 许可 UNKNOWN / 不是官方文本；且不许并进 normalized/** (13.560084ms)
  AssertionError [ERR_ASSERTION]: roco-world-s4-2026-09-10/layer-playable-48/learnsets.json 里混进了社区抓包的痕迹
      at TestContext.<anonymous> (file:///Users/serendizc/Developer/roco-coach/tests/roco-hke-layer.test.js:85:16)
      at Test.runInAsyncScope (node:async_hooks:227:14)
      at Test.run (node:internal/test_runner/test:1397:25)
      at Test.processPendingSubtests (node:internal/test_runner/test:969:18)
      at Test.postRun (node:internal/test_runner/test:1537:19)
      at Test.run (node:internal/test_runner/test:1462:12)
      at async startSubtestAfterBootstrap (node:internal/test_runner/harness:387:3) {
    generatedMessage: false,
    code: 'ERR_ASSERTION',
    actual: false,
    expected: true,
    operator: '==',
    diff: 'simple'
  }

test at tests/roco-hke-layer.test.js:130:1
✖ ⑥ 执行域与检索层的分歧：**只有那 5 只**，且"回答用哪一份"写死（2026-09-27 两轮改钉） (6.559167ms)
  AssertionError [ERR_ASSERTION]: pet_000012（game_id 3013）执行域的 atk 变了：现在 88，登记的是 95
  
  88 !== 95
  
      at TestContext.<anonymous> (file:///Users/serendizc/Developer/roco-coach/tests/roco-hke-layer.test.js:163:12)
      at Test.runInAsyncScope (node:async_hooks:227:14)
      at Test.run (node:internal/test_runner/test:1397:25)
      at Test.processPendingSubtests (node:internal/test_runner/test:969:18)
      at Test.postRun (node:internal/test_runner/test:1537:19)
      at Test.run (node:internal/test_runner/test:1462:12)
      at async Test.processPendingSubtests (node:internal/test_runner/test:969:7) {
    generatedMessage: false,
    code: 'ERR_ASSERTION',
    actual: 88,
    expected: 95,
    operator: 'strictEqual',
    diff: 'simple'
  }

test at tests/roco-weather-pvp.test.js:219:1
✖ 引擎回执：出一手「落雨」之后，回执里读得到当前天气与剩余回合（没声明时 fail closed） (137.537542ms)
  AssertionError [ERR_ASSERTION]: 引擎探针失败：Traceback (most recent call last):
    File "<string>", line 53, in <module>
    File "<string>", line 33, in battle
    File "/Users/serendizc/Developer/roco-coach/roco/src/roco_env/env.py", line 219, in reset
      raise ValueError("队伍不合法：" + "；".join(problems))
  ValueError: 队伍不合法：闪电环 学不到 惊雷；智辉章脑 学不到 落雨；智辉章脑 学不到 花香；棋契陛下 学不到 沙涌；棋契陛下 学不到 扫尾；棋契陛下 学不到 迫近攻击
  
  
  1 !== 0
  
      at TestContext.<anonymous> (file:///Users/serendizc/Developer/roco-coach/tests/roco-weather-pvp.test.js:227:12)
      at Test.runInAsyncScope (node:async_hooks:227:14)
      at Test.run (node:internal/test_runner/test:1397:25)
      at Test.processPendingSubtests (node:internal/test_runner/test:969:18)
      at Test.postRun (node:internal/test_runner/test:1537:19)
      at Test.run (node:internal/test_runner/test:1462:12)
      at async Test.processPendingSubtests (node:internal/test_runner/test:969:7) {
    generatedMessage: false,
    code: 'ERR_ASSERTION',
    actual: 1,
    expected: 0,
    operator: 'strictEqual',
    diff: 'simple'
  }
